-- MySQL dump 10.13  Distrib 8.0.30, for Win64 (x86_64)
--
-- Host: 217.21.74.51    Database: u289965850_apartments
-- ------------------------------------------------------
-- Server version	5.5.5-10.11.7-MariaDB-cll-lve

/*!40101 SET @OLD_CHARACTER_SET_CLIENT=@@CHARACTER_SET_CLIENT */;
/*!40101 SET @OLD_CHARACTER_SET_RESULTS=@@CHARACTER_SET_RESULTS */;
/*!40101 SET @OLD_COLLATION_CONNECTION=@@COLLATION_CONNECTION */;
/*!50503 SET NAMES utf8 */;
/*!40103 SET @OLD_TIME_ZONE=@@TIME_ZONE */;
/*!40103 SET TIME_ZONE='+00:00' */;
/*!40014 SET @OLD_UNIQUE_CHECKS=@@UNIQUE_CHECKS, UNIQUE_CHECKS=0 */;
/*!40014 SET @OLD_FOREIGN_KEY_CHECKS=@@FOREIGN_KEY_CHECKS, FOREIGN_KEY_CHECKS=0 */;
/*!40101 SET @OLD_SQL_MODE=@@SQL_MODE, SQL_MODE='NO_AUTO_VALUE_ON_ZERO' */;
/*!40111 SET @OLD_SQL_NOTES=@@SQL_NOTES, SQL_NOTES=0 */;

--
-- Table structure for table `tbl_account`
--

DROP TABLE IF EXISTS `tbl_account`;
/*!40101 SET @saved_cs_client     = @@character_set_client */;
/*!50503 SET character_set_client = utf8mb4 */;
CREATE TABLE `tbl_account` (
  `id` bigint(20) NOT NULL AUTO_INCREMENT,
  `social_id` varchar(256) DEFAULT NULL,
  `phone` varchar(12) NOT NULL,
  `login_name` varchar(64) NOT NULL,
  `password` varchar(64) NOT NULL,
  `first_name` varchar(64) NOT NULL,
  `last_name` varchar(64) NOT NULL,
  `display_name` varchar(64) NOT NULL,
  `email` varchar(64) NOT NULL,
  `language` char(2) DEFAULT NULL,
  `type` enum('anonymous','admin','super_admin','normal_user') NOT NULL,
  `employee` binary(1) DEFAULT NULL,
  `phone_verified` varchar(12) NOT NULL,
  `email_verified` varchar(64) NOT NULL,
  `social_verified` varchar(256) DEFAULT NULL,
  `activated` enum('true','false') NOT NULL DEFAULT 'false',
  `deleted` enum('true','false') NOT NULL DEFAULT 'false',
  `created_by` bigint(20) NOT NULL,
  `updated_by` bigint(20) NOT NULL,
  `created_at` datetime NOT NULL,
  `updated_at` datetime NOT NULL,
  PRIMARY KEY (`id`)
) ENGINE=InnoDB AUTO_INCREMENT=55 DEFAULT CHARSET=utf8mb3 COLLATE=utf8mb3_bin;
/*!40101 SET character_set_client = @saved_cs_client */;

--
-- Dumping data for table `tbl_account`
--

LOCK TABLES `tbl_account` WRITE;
/*!40000 ALTER TABLE `tbl_account` DISABLE KEYS */;
INSERT INTO `tbl_account` VALUES (13,'https://www.facebook.com/SugarTawng','0385132042','sadmin','$2a$10$U/ccbBgmnXFY5e88F6cHmOkRroJFa5EDEfWVvkUucB.hFyNJXqqA2','Tang','Dien','Sugar Tawng','tangvietdien0709@gmail.com','vi','super_admin',NULL,'0385353783','20521185@gm.uit.edu.vn','https://www.facebook.com/chuot.xa.589','true','true',1,1,'0000-00-00 00:00:00','2024-03-15 10:09:12'),(25,NULL,'0123456789','admin1','$2a$10$3LF7wnvdDilXoFiMHPbCfOci034hsv6P07LR7Qvlktc.jbG15DuAO','Adminnn','Frist111','admin1','admin1@gmail.com',NULL,'admin',NULL,'0123456788','ad1verified@gmail.com',NULL,'true','true',13,13,'2024-01-22 14:23:56','2024-03-15 10:14:27'),(44,NULL,'0123456787','admin2','$2a$10$0LWl8V6YZCb9gBJno2W06.o5VB1jYz8eteEW.3w2g5y7FfZ1hEauy','Second','Admin','admin2','admin2@gmail.com',NULL,'admin',NULL,'0123456788','admin2verify@gmail.com',NULL,'true','false',25,25,'2024-03-15 10:41:49','2024-03-15 10:41:49'),(46,NULL,'0123456787','superadmin','$2a$10$EszEt96eGlUlXwut8UOtOeXUHRrfM3EyNyMJR0dwdOH.K1gI9Vcke','Super','Admin','superadmin','superadmin@gmail.com',NULL,'super_admin',NULL,'0123456788','superadminverify2@gmail.com',NULL,'true','false',25,25,'2024-03-16 07:14:17','2024-03-16 07:14:17'),(48,NULL,'0123456787','normaluser2','$2a$10$B48gv31jB69Rd3UM7lWo3.zPFYpit9JWl/rk7EbW6Z4dWWRw1Spam','Normall','User2','normaluser2','normaluser2@gmail.com',NULL,'normal_user',NULL,'0123456788','normaluser2verify@gmail.com',NULL,'true','true',46,46,'2024-03-16 07:56:48','2024-03-19 06:30:50'),(49,NULL,'0987654321','createuser1','$2a$10$Uz9Dj/HwAOrk5zG4lNP8G.CZVmKj8CXVlq/nBku.1s0IFAYJcwj8S','Create','User1','Create User1','createuser1@gmail.com',NULL,'normal_user',NULL,'0987654322','createuser1Verify@gmail.com',NULL,'true','true',25,25,'2024-03-19 07:33:30','2024-04-09 07:08:48'),(51,NULL,'0964886660','nhannht2512','$2a$10$j.ti0xQpncS3xPGB8VLYMOu2WNzFFQSsGupUoFo7iT.nTYPm7SkB6','Thien','Nhan','Thien Nhan','nhannht2512@gmail.com',NULL,'normal_user',NULL,'0964886665','nhannht2513@gmail.com',NULL,'true','false',46,46,'2024-04-13 09:47:35','2024-04-13 09:47:35');
/*!40000 ALTER TABLE `tbl_account` ENABLE KEYS */;
UNLOCK TABLES;

--
-- Table structure for table `tbl_block`
--

DROP TABLE IF EXISTS `tbl_block`;
/*!40101 SET @saved_cs_client     = @@character_set_client */;
/*!50503 SET character_set_client = utf8mb4 */;
CREATE TABLE `tbl_block` (
  `id` bigint(20) NOT NULL AUTO_INCREMENT,
  `zone_id` bigint(20) NOT NULL,
  `number_of_floor` int(11) NOT NULL,
  `lat` float NOT NULL,
  `long` float NOT NULL,
  `is_service` tinyint(1) NOT NULL DEFAULT 0,
  `desc` varchar(256) DEFAULT NULL,
  `type` enum('normal','luxury') NOT NULL,
  `progress` int(11) DEFAULT NULL,
  `started_day` datetime NOT NULL,
  `created_by` bigint(20) NOT NULL,
  `updated_by` bigint(20) NOT NULL,
  `created_at` datetime NOT NULL,
  `updated_at` datetime NOT NULL,
  `deleted` enum('true','false') NOT NULL DEFAULT 'false',
  PRIMARY KEY (`id`),
  KEY `fk_block_project_idx` (`zone_id`),
  CONSTRAINT `fk_block_zone` FOREIGN KEY (`zone_id`) REFERENCES `tbl_zone` (`id`) ON DELETE NO ACTION ON UPDATE NO ACTION
) ENGINE=InnoDB AUTO_INCREMENT=13 DEFAULT CHARSET=utf8mb3 COLLATE=utf8mb3_bin;
/*!40101 SET character_set_client = @saved_cs_client */;

--
-- Dumping data for table `tbl_block`
--

LOCK TABLES `tbl_block` WRITE;
/*!40000 ALTER TABLE `tbl_block` DISABLE KEYS */;
INSERT INTO `tbl_block` VALUES (2,3,1,90,180,0,'a','normal',1,'2023-08-08 12:19:31',13,13,'2023-08-08 12:19:31','2023-08-08 12:19:31','false'),(3,3,1,90,180,0,'a','normal',1,'2023-08-11 08:08:56',13,13,'2023-08-11 08:08:56','2023-08-11 08:08:56','false'),(4,3,2,90,180,0,'a','normal',1,'2023-08-11 08:14:11',13,13,'2023-08-11 08:14:11','2023-08-14 10:41:42','false'),(6,43,26,0,0,0,'gh1','normal',20,'2024-04-07 14:10:07',46,46,'2024-04-07 14:10:07','2024-04-07 14:10:07','false'),(7,43,26,0,0,0,'gh2','normal',20,'2024-04-07 14:20:13',46,46,'2024-04-07 14:20:13','2024-04-07 14:20:13','true'),(11,44,2,0,0,0,'block test 1','normal',20,'2024-04-24 10:25:14',46,46,'2024-04-24 10:25:14','2024-04-24 10:25:14','true'),(12,44,2,0,0,0,'block test 2','normal',20,'2024-04-24 10:26:01',46,46,'2024-04-24 10:26:01','2024-04-24 10:26:01','true');
/*!40000 ALTER TABLE `tbl_block` ENABLE KEYS */;
UNLOCK TABLES;

--
-- Table structure for table `tbl_floor`
--

DROP TABLE IF EXISTS `tbl_floor`;
/*!40101 SET @saved_cs_client     = @@character_set_client */;
/*!50503 SET character_set_client = utf8mb4 */;
CREATE TABLE `tbl_floor` (
  `id` bigint(20) NOT NULL AUTO_INCREMENT,
  `block_id` bigint(20) NOT NULL,
  `number_of_high_area` int(11) NOT NULL,
  `public_area` float NOT NULL,
  `total_area` float NOT NULL,
  `progress` tinyint(4) DEFAULT NULL,
  `desc` varchar(256) DEFAULT NULL,
  `created_by` bigint(20) NOT NULL,
  `updated_by` bigint(20) NOT NULL,
  `created_at` datetime NOT NULL,
  `updated_at` datetime NOT NULL,
  `deleted` enum('true','false') NOT NULL,
  PRIMARY KEY (`id`),
  KEY `fk_floor_block_idx` (`block_id`),
  CONSTRAINT `fk_floor_block` FOREIGN KEY (`block_id`) REFERENCES `tbl_block` (`id`)
) ENGINE=InnoDB AUTO_INCREMENT=37 DEFAULT CHARSET=utf8mb3 COLLATE=utf8mb3_bin;
/*!40101 SET character_set_client = @saved_cs_client */;

--
-- Dumping data for table `tbl_floor`
--

LOCK TABLES `tbl_floor` WRITE;
/*!40000 ALTER TABLE `tbl_floor` DISABLE KEYS */;
INSERT INTO `tbl_floor` VALUES (2,2,1,1,1,1,'the first',13,13,'2023-08-08 16:56:23','2023-08-08 16:56:23',''),(3,2,3,1,1,1,'the first',13,13,'2023-08-08 17:00:19','2023-08-14 11:00:06',''),(5,6,19,1,1,20,'first floor',46,46,'2024-04-07 14:30:09','2024-04-07 14:30:09','false'),(6,6,19,1,1,20,'second floor',46,46,'2024-04-07 14:38:51','2024-04-07 14:38:51','false'),(7,6,19,1,1,20,'third floor',46,46,'2024-04-07 14:39:05','2024-04-07 14:39:05','false'),(8,6,19,1,1,20,'fourth floor',46,46,'2024-04-07 14:39:14','2024-04-07 14:39:14','false'),(9,6,19,1,1,20,'Fifth floor',46,46,'2024-04-07 15:04:24','2024-04-07 15:04:24','false'),(10,6,19,1,1,20,'Sixth floor',46,46,'2024-04-07 15:04:35','2024-04-07 15:04:35','false'),(11,6,19,1,1,20,'Seventh floor',46,46,'2024-04-07 15:04:42','2024-04-07 15:04:42','false'),(12,6,19,1,1,20,'Eighth floor',46,46,'2024-04-07 15:04:49','2024-04-07 15:04:49','false'),(13,6,19,1,1,20,'Ninth floor',46,46,'2024-04-07 15:04:55','2024-04-07 15:04:55','false'),(14,6,19,1,1,20,'Tenth floor',46,46,'2024-04-07 15:05:02','2024-04-07 15:05:02','false'),(15,6,19,1,1,20,'Eleventh floor',46,46,'2024-04-07 15:05:10','2024-04-07 15:05:10','false'),(16,6,19,1,1,20,'Twelfth floor',46,46,'2024-04-07 15:05:17','2024-04-07 15:05:17','false'),(17,6,19,1,1,20,'Thirteenth floor',46,46,'2024-04-07 15:05:24','2024-04-07 15:05:24','false'),(18,6,19,1,1,20,'Fourteenth floor',46,46,'2024-04-07 15:05:31','2024-04-07 15:05:31','false'),(19,6,19,1,1,20,'Fifteenth floor',46,46,'2024-04-07 15:05:37','2024-04-07 15:05:37','false'),(20,6,19,1,1,20,'Sixteenth floor',46,46,'2024-04-07 15:05:43','2024-04-07 15:05:43','false'),(21,6,19,1,1,20,'Seventeenth floor',46,46,'2024-04-07 15:05:50','2024-04-07 15:05:50','false'),(22,6,19,1,1,20,'Eighteenth floor',46,46,'2024-04-07 15:05:57','2024-04-07 15:05:57','false'),(23,6,19,1,1,20,'Nineteenth floor',46,46,'2024-04-07 15:06:04','2024-04-07 15:06:04','false'),(24,6,19,1,1,20,'Twentieth floor',46,46,'2024-04-07 15:06:11','2024-04-07 15:06:11','false'),(25,6,19,1,1,20,'Twenty-first floor',46,46,'2024-04-07 15:06:19','2024-04-07 15:06:19','false'),(26,6,19,1,1,20,'Twenty-second floor',46,46,'2024-04-07 15:06:25','2024-04-07 15:06:25','false'),(27,6,19,1,1,20,'Twenty-third floor',46,46,'2024-04-07 15:06:33','2024-04-07 15:06:33','false'),(28,6,19,1,1,20,'Twenty-fourth floor',46,46,'2024-04-07 15:06:41','2024-05-10 23:04:09','false'),(29,6,19,1,1,20,'Twenty-fifth floor',46,46,'2024-04-07 15:06:49','2024-04-07 15:06:49','false'),(30,6,19,1,2,20,'Twenty-sixth floor',46,46,'2024-04-07 15:06:56','2024-05-11 06:15:52','false'),(32,11,1,1,1,20,'First floor',46,46,'2024-04-24 10:30:23','2024-04-24 10:30:23','false'),(33,11,1,1,1,20,'Second floor',46,46,'2024-04-24 10:30:31','2024-04-24 10:30:31','false'),(34,12,1,1,1,20,'First floor',46,46,'2024-04-24 10:50:05','2024-04-24 10:50:05','false'),(35,12,1,1,1,20,'Second floor',46,46,'2024-04-24 10:50:30','2024-04-24 10:50:30','false'),(36,7,2,2,3,3,'test floor 5',46,46,'2024-05-11 05:55:11','2024-05-11 06:40:51','false');
/*!40000 ALTER TABLE `tbl_floor` ENABLE KEYS */;
UNLOCK TABLES;

--
-- Table structure for table `tbl_high_area`
--

DROP TABLE IF EXISTS `tbl_high_area`;
/*!40101 SET @saved_cs_client     = @@character_set_client */;
/*!50503 SET character_set_client = utf8mb4 */;
CREATE TABLE `tbl_high_area` (
  `id` bigint(20) NOT NULL AUTO_INCREMENT,
  `floor_id` bigint(20) NOT NULL,
  `lat` float NOT NULL,
  `long` float NOT NULL,
  `high_area_direction` varchar(256) NOT NULL,
  `total_area` float NOT NULL,
  `progress` tinyint(4) DEFAULT NULL,
  `number_of_wc` int(11) NOT NULL,
  `number_of_room` int(11) NOT NULL,
  `price` double NOT NULL DEFAULT 0,
  `owner` bigint(20) DEFAULT NULL,
  `buy_status` enum('booked','deal','not booked') NOT NULL DEFAULT 'not booked',
  `desc` varchar(256) DEFAULT NULL,
  `created_by` bigint(20) NOT NULL,
  `updated_by` bigint(20) NOT NULL,
  `created_at` datetime NOT NULL,
  `updated_at` datetime NOT NULL,
  `deleted` enum('true','false') NOT NULL,
  PRIMARY KEY (`id`),
  KEY `fk_higharea_floor_idx` (`floor_id`),
  CONSTRAINT `fk_higharea_floor` FOREIGN KEY (`floor_id`) REFERENCES `tbl_floor` (`id`)
) ENGINE=InnoDB AUTO_INCREMENT=529 DEFAULT CHARSET=utf8mb3 COLLATE=utf8mb3_bin;
/*!40101 SET character_set_client = @saved_cs_client */;

--
-- Dumping data for table `tbl_high_area`
--

LOCK TABLES `tbl_high_area` WRITE;
/*!40000 ALTER TABLE `tbl_high_area` DISABLE KEYS */;
INSERT INTO `tbl_high_area` VALUES (2,2,-1,-180,'a',1,100,0,0,0,13,'not booked',NULL,13,13,'2023-08-09 06:02:28','2024-03-26 18:00:57','true'),(4,3,0,0,'a',1,0,0,0,0,13,'not booked',NULL,13,13,'2023-12-28 15:25:28','2023-12-28 15:25:28','false'),(5,3,0,0,'a',1,0,0,0,0,13,'not booked',NULL,13,13,'2023-12-28 15:26:13','2023-12-28 15:26:13','false'),(6,3,0,0,'a',1,0,0,0,0,13,'not booked',NULL,13,13,'2023-12-29 09:59:43','2023-12-29 09:59:43','false'),(7,3,0,0,'a',1,0,0,0,0,13,'not booked',NULL,13,13,'2023-12-29 10:02:11','2023-12-29 10:02:11','false'),(9,30,0,0,'1 direction',69,20,2,2,3,46,'not booked','CH01',46,46,'2024-04-08 05:08:39','2024-04-08 05:08:39','false'),(10,29,0,0,'1 direction',69,20,2,2,3,46,'not booked','CH01',46,46,'2024-04-08 06:22:13','2024-04-08 06:22:13','false'),(11,28,0,0,'1 direction',69,20,2,2,3,46,'not booked','CH01',46,46,'2024-04-08 06:22:18','2024-04-08 06:22:18','false'),(12,27,0,0,'1 direction',69,20,2,2,3,46,'not booked','CH01',46,46,'2024-04-08 06:22:22','2024-04-08 06:22:22','false'),(13,26,0,0,'1 direction',69,20,2,2,3,46,'not booked','CH01',46,46,'2024-04-08 06:22:26','2024-04-08 06:22:26','false'),(14,25,0,0,'1 direction',69,20,2,2,3,46,'not booked','CH01',46,46,'2024-04-08 06:22:31','2024-04-08 06:22:31','false'),(15,24,0,0,'1 direction',69,20,2,2,3,46,'not booked','CH01',46,46,'2024-04-08 06:22:38','2024-04-08 06:22:38','false'),(16,23,0,0,'1 direction',69,20,2,2,3,46,'not booked','CH01',46,46,'2024-04-08 06:22:43','2024-04-08 06:22:43','false'),(17,22,0,0,'1 direction',69,20,2,2,3,46,'not booked','CH01',46,46,'2024-04-08 06:22:49','2024-04-08 06:22:49','false'),(18,21,0,0,'1 direction',69,20,2,2,3,46,'not booked','CH01',46,46,'2024-04-08 06:22:54','2024-04-08 06:22:54','false'),(19,20,0,0,'1 direction',69,20,2,2,3,46,'not booked','CH01',46,46,'2024-04-08 06:23:00','2024-04-08 06:23:00','false'),(20,19,0,0,'1 direction',69,20,2,2,3,46,'not booked','CH01',46,46,'2024-04-08 08:53:52','2024-04-08 08:53:52','false'),(21,18,0,0,'1 direction',69,20,2,2,3,46,'not booked','CH01',46,46,'2024-04-08 08:53:57','2024-04-08 08:53:57','false'),(22,17,0,0,'1 direction',69,20,2,2,3,46,'not booked','CH01',46,46,'2024-04-08 08:54:02','2024-04-08 08:54:02','false'),(23,16,0,0,'1 direction',69,20,2,2,3,46,'not booked','CH01',46,46,'2024-04-08 08:54:07','2024-04-08 08:54:07','false'),(24,15,0,0,'1 direction',69,20,2,2,3,46,'not booked','CH01',46,46,'2024-04-08 08:54:12','2024-04-08 08:54:12','false'),(25,14,0,0,'1 direction',69,20,2,2,3,46,'not booked','CH01',46,46,'2024-04-08 08:54:16','2024-04-08 08:54:16','false'),(26,13,0,0,'1 direction',69,20,2,2,3,46,'not booked','CH01',46,46,'2024-04-08 08:54:20','2024-04-08 08:54:20','false'),(27,12,0,0,'1 direction',69,20,2,2,3,46,'not booked','CH01',46,46,'2024-04-08 08:54:25','2024-04-08 08:54:25','false'),(28,11,0,0,'1 direction',69,20,2,2,3,46,'not booked','CH01',46,46,'2024-04-08 08:54:28','2024-04-08 08:54:28','false'),(29,10,0,0,'1 direction',69,20,2,2,3,46,'not booked','CH01',46,46,'2024-04-08 08:54:33','2024-04-08 08:54:33','false'),(30,9,0,0,'1 direction',69,20,2,2,3,46,'not booked','CH01',46,46,'2024-04-08 08:54:38','2024-04-08 13:27:32','false'),(31,8,0,0,'1 direction',69,20,2,2,3,46,'not booked','CH01',46,46,'2024-04-08 08:54:42','2024-04-08 08:54:42','false'),(32,7,0,0,'1 direction',69,20,2,2,3,46,'not booked','CH01',46,46,'2024-04-08 08:54:47','2024-04-08 08:54:47','false'),(33,6,0,0,'1 direction',69,20,2,2,3,46,'not booked','CH01',46,46,'2024-04-08 08:54:51','2024-04-08 08:54:51','false'),(34,5,0,0,'1 direction',69,20,2,2,3,46,'not booked','CH01',46,46,'2024-04-08 08:54:55','2024-04-08 08:54:55','false'),(35,5,0,0,'1 direction',46,20,1,1,2,46,'not booked','CH02',46,46,'2024-04-08 13:36:50','2024-04-08 13:36:50','false'),(36,6,0,0,'1 direction',46,20,1,1,2,46,'not booked','CH02',46,46,'2024-04-08 13:37:14','2024-04-08 13:37:14','false'),(37,7,0,0,'1 direction',46,20,1,1,2,46,'not booked','CH02',46,46,'2024-04-08 13:37:22','2024-04-08 13:37:22','false'),(38,8,0,0,'1 direction',46,20,1,1,2,46,'not booked','CH02',46,46,'2024-04-08 13:37:28','2024-04-08 13:37:28','false'),(39,9,0,0,'1 direction',46,20,1,1,2,46,'not booked','CH02',46,46,'2024-04-08 13:37:33','2024-04-08 13:37:33','false'),(40,10,0,0,'1 direction',46,20,1,1,2,46,'not booked','CH02',46,46,'2024-04-08 13:37:38','2024-04-08 13:37:38','false'),(41,11,0,0,'1 direction',46,20,1,1,2,46,'not booked','CH02',46,46,'2024-04-08 13:37:43','2024-04-08 13:37:43','false'),(42,12,0,0,'1 direction',46,20,1,1,2,46,'not booked','CH02',46,46,'2024-04-08 13:37:49','2024-04-08 13:37:49','false'),(43,13,0,0,'1 direction',46,20,1,1,2,46,'not booked','CH02',46,46,'2024-04-08 13:37:55','2024-04-08 13:37:55','false'),(44,14,0,0,'1 direction',46,20,1,1,2,46,'not booked','CH02',46,46,'2024-04-08 13:38:00','2024-04-08 13:38:00','false'),(45,15,0,0,'1 direction',46,20,1,1,2,46,'not booked','CH02',46,46,'2024-04-08 13:38:07','2024-04-08 13:38:07','false'),(46,16,0,0,'1 direction',46,20,1,1,2,46,'not booked','CH02',46,46,'2024-04-08 13:38:12','2024-04-08 13:38:12','false'),(47,17,0,0,'1 direction',46,20,1,1,2,46,'not booked','CH02',46,46,'2024-04-08 13:38:18','2024-04-08 13:38:18','false'),(48,18,0,0,'1 direction',46,20,1,1,2,46,'not booked','CH02',46,46,'2024-04-08 13:38:24','2024-04-08 13:38:24','false'),(49,19,0,0,'1 direction',46,20,1,1,2,46,'not booked','CH02',46,46,'2024-04-08 13:38:29','2024-04-08 13:38:29','false'),(50,20,0,0,'1 direction',46,20,1,1,2,46,'not booked','CH02',46,46,'2024-04-08 13:38:35','2024-04-08 13:38:35','false'),(51,21,0,0,'1 direction',46,20,1,1,2,46,'not booked','CH02',46,46,'2024-04-08 13:38:40','2024-04-08 13:38:40','false'),(52,22,0,0,'1 direction',46,20,1,1,2,46,'not booked','CH02',46,46,'2024-04-08 13:38:45','2024-04-08 13:38:45','false'),(53,23,0,0,'1 direction',46,20,1,1,2,46,'not booked','CH02',46,46,'2024-04-08 13:38:50','2024-04-08 13:38:50','false'),(54,24,0,0,'1 direction',46,20,1,1,2,46,'not booked','CH02',46,46,'2024-04-08 13:38:56','2024-04-08 13:38:56','false'),(55,25,0,0,'1 direction',46,20,1,1,2,46,'not booked','CH02',46,46,'2024-04-08 13:39:01','2024-04-08 13:39:01','false'),(56,26,0,0,'1 direction',46,20,1,1,2,46,'not booked','CH02',46,46,'2024-04-08 13:39:07','2024-04-08 13:39:07','false'),(57,27,0,0,'1 direction',46,20,1,1,2,46,'not booked','CH02',46,46,'2024-04-08 13:39:12','2024-04-08 13:39:12','false'),(58,28,0,0,'1 direction',46,20,1,1,2,46,'not booked','CH02',46,46,'2024-04-08 13:39:18','2024-04-08 13:39:18','false'),(59,29,0,0,'1 direction',46,20,1,1,2,46,'not booked','CH02',46,46,'2024-04-08 13:39:23','2024-04-08 13:39:23','false'),(60,30,0,0,'1 direction',46,20,1,1,2,46,'not booked','CH02',46,46,'2024-04-08 13:39:29','2024-04-08 13:39:29','false'),(63,5,0,0,'1 direction',33,20,1,0,1,46,'not booked','CH03',46,46,'2024-04-08 13:50:11','2024-04-08 13:50:11','false'),(64,6,0,0,'1 direction',33,20,1,0,1,46,'not booked','CH03',46,46,'2024-04-08 13:51:05','2024-04-08 13:51:05','false'),(65,7,0,0,'1 direction',33,20,1,0,1,46,'not booked','CH03',46,46,'2024-04-08 13:51:11','2024-04-08 13:51:11','false'),(66,8,0,0,'1 direction',33,20,1,0,1,46,'not booked','CH03',46,46,'2024-04-08 13:51:16','2024-04-08 13:51:16','false'),(67,9,0,0,'1 direction',33,20,1,0,1,46,'not booked','CH03',46,46,'2024-04-08 13:51:20','2024-04-08 13:51:20','false'),(68,10,0,0,'1 direction',33,20,1,0,1,46,'not booked','CH03',46,46,'2024-04-08 13:51:26','2024-04-08 13:51:26','false'),(69,11,0,0,'1 direction',33,20,1,0,1,46,'not booked','CH03',46,46,'2024-04-08 13:51:33','2024-04-08 13:51:33','false'),(70,12,0,0,'1 direction',33,20,1,0,1,46,'not booked','CH03',46,46,'2024-04-08 13:51:40','2024-04-08 13:51:40','false'),(71,13,0,0,'1 direction',33,20,1,0,1,46,'not booked','CH03',46,46,'2024-04-08 13:52:09','2024-04-08 13:52:09','false'),(72,14,0,0,'1 direction',33,20,1,0,1,46,'not booked','CH03',46,46,'2024-04-08 13:52:19','2024-04-08 13:52:19','false'),(73,15,0,0,'1 direction',33,20,1,0,1,46,'not booked','CH03',46,46,'2024-04-08 13:52:21','2024-04-08 13:52:21','false'),(74,16,0,0,'1 direction',33,20,1,0,1,46,'not booked','CH03',46,46,'2024-04-08 13:52:25','2024-04-08 13:52:25','false'),(75,17,0,0,'1 direction',33,20,1,0,1,46,'not booked','CH03',46,46,'2024-04-08 13:52:27','2024-04-08 13:52:27','false'),(76,18,0,0,'1 direction',33,20,1,0,1,46,'not booked','CH03',46,46,'2024-04-08 13:52:30','2024-04-08 13:52:30','false'),(77,19,0,0,'1 direction',33,20,1,0,1,46,'not booked','CH03',46,46,'2024-04-08 13:52:34','2024-04-08 13:52:34','false'),(78,20,0,0,'1 direction',33,20,1,0,1,46,'not booked','CH03',46,46,'2024-04-08 13:52:36','2024-04-08 13:52:36','false'),(79,21,0,0,'1 direction',33,20,1,0,1,46,'not booked','CH03',46,46,'2024-04-08 13:52:38','2024-04-08 13:52:38','false'),(80,22,0,0,'1 direction',33,20,1,0,1,46,'not booked','CH03',46,46,'2024-04-08 13:52:40','2024-04-08 13:52:40','false'),(81,23,0,0,'1 direction',33,20,1,0,1,46,'not booked','CH03',46,46,'2024-04-08 13:52:42','2024-04-08 13:52:42','false'),(82,24,0,0,'1 direction',33,20,1,0,1,46,'not booked','CH03',46,46,'2024-04-08 13:52:46','2024-04-08 13:52:46','false'),(83,25,0,0,'1 direction',33,20,1,0,1,46,'not booked','CH03',46,46,'2024-04-08 13:52:48','2024-04-08 13:52:48','false'),(84,26,0,0,'1 direction',33,20,1,0,1,46,'not booked','CH03',46,46,'2024-04-08 13:52:52','2024-04-08 13:52:52','false'),(85,27,0,0,'1 direction',33,20,1,0,1,46,'not booked','CH03',46,46,'2024-04-08 13:52:54','2024-04-08 13:52:54','false'),(86,28,0,0,'1 direction',33,20,1,0,1,46,'not booked','CH03',46,46,'2024-04-08 13:52:56','2024-04-08 13:52:56','false'),(87,29,0,0,'1 direction',33,20,1,0,1,46,'not booked','CH03',46,46,'2024-04-08 13:52:58','2024-04-08 13:52:58','false'),(88,30,0,0,'1 direction',33,20,1,0,1,46,'not booked','CH03',46,46,'2024-04-08 13:53:00','2024-04-08 13:53:00','false'),(90,5,0,0,'1 direction',59,20,2,2,3,46,'not booked','CH04',46,46,'2024-04-08 14:04:58','2024-04-08 14:04:58','false'),(91,6,0,0,'1 direction',59,20,2,2,3,46,'not booked','CH04',46,46,'2024-04-08 14:05:03','2024-04-08 14:05:03','false'),(92,7,0,0,'1 direction',59,20,2,2,3,46,'not booked','CH04',46,46,'2024-04-08 14:05:06','2024-04-08 14:05:06','false'),(93,8,0,0,'1 direction',59,20,2,2,3,46,'not booked','CH04',46,46,'2024-04-08 14:05:11','2024-04-08 14:05:11','false'),(94,9,0,0,'1 direction',59,20,2,2,3,46,'not booked','CH04',46,46,'2024-04-08 14:05:13','2024-04-08 14:05:13','false'),(95,10,0,0,'1 direction',59,20,2,2,3,46,'not booked','CH04',46,46,'2024-04-08 14:05:16','2024-04-08 14:05:16','false'),(96,11,0,0,'1 direction',59,20,2,2,3,46,'not booked','CH04',46,46,'2024-04-08 14:05:18','2024-04-08 14:05:18','false'),(97,12,0,0,'1 direction',59,20,2,2,3,46,'not booked','CH04',46,46,'2024-04-08 14:05:21','2024-04-08 14:05:21','false'),(98,13,0,0,'1 direction',59,20,2,2,3,46,'not booked','CH04',46,46,'2024-04-08 14:05:23','2024-04-08 14:05:23','false'),(99,14,0,0,'1 direction',59,20,2,2,3,46,'not booked','CH04',46,46,'2024-04-08 14:05:25','2024-04-08 14:05:25','false'),(100,15,0,0,'1 direction',59,20,2,2,3,46,'not booked','CH04',46,46,'2024-04-08 14:05:27','2024-04-08 14:05:27','false'),(101,16,0,0,'1 direction',59,20,2,2,3,46,'not booked','CH04',46,46,'2024-04-08 14:05:29','2024-04-08 14:05:29','false'),(102,17,0,0,'1 direction',59,20,2,2,3,46,'not booked','CH04',46,46,'2024-04-08 14:05:31','2024-04-08 14:05:31','false'),(103,18,0,0,'1 direction',59,20,2,2,3,46,'not booked','CH04',46,46,'2024-04-08 14:05:33','2024-04-08 14:05:33','false'),(104,19,0,0,'1 direction',59,20,2,2,3,46,'not booked','CH04',46,46,'2024-04-08 14:05:35','2024-04-08 14:05:35','false'),(105,20,0,0,'1 direction',59,20,2,2,3,46,'not booked','CH04',46,46,'2024-04-08 14:05:37','2024-04-08 14:05:37','false'),(106,21,0,0,'1 direction',59,20,2,2,3,46,'not booked','CH04',46,46,'2024-04-08 14:05:40','2024-04-08 14:05:40','false'),(107,22,0,0,'1 direction',59,20,2,2,3,46,'not booked','CH04',46,46,'2024-04-08 14:05:42','2024-04-08 14:05:42','false'),(108,23,0,0,'1 direction',59,20,2,2,3,46,'not booked','CH04',46,46,'2024-04-08 14:05:44','2024-04-08 14:05:44','false'),(109,24,0,0,'1 direction',59,20,2,2,3,46,'not booked','CH04',46,46,'2024-04-08 14:05:46','2024-04-08 14:05:46','false'),(110,25,0,0,'1 direction',59,20,2,2,3,46,'not booked','CH04',46,46,'2024-04-08 14:05:49','2024-04-08 14:05:49','false'),(111,26,0,0,'1 direction',59,20,2,2,3,46,'not booked','CH04',46,46,'2024-04-08 14:05:52','2024-04-08 14:05:52','false'),(112,27,0,0,'1 direction',59,20,2,2,3,46,'not booked','CH04',46,46,'2024-04-08 14:05:54','2024-04-08 14:05:54','false'),(113,28,0,0,'1 direction',59,20,2,2,3,46,'not booked','CH04',46,46,'2024-04-08 14:05:56','2024-04-08 14:05:56','false'),(114,29,0,0,'1 direction',59,20,2,2,3,46,'not booked','CH04',46,46,'2024-04-08 14:05:58','2024-04-08 14:05:58','false'),(115,30,0,0,'1 direction',59,20,2,2,3,46,'not booked','CH04',46,46,'2024-04-08 14:06:01','2024-04-08 14:06:01','false'),(117,5,0,0,'1 direction',59,20,2,2,3,46,'not booked','CH05',46,46,'2024-04-08 16:31:31','2024-04-08 16:31:31','false'),(118,6,0,0,'1 direction',59,20,2,2,3,46,'not booked','CH05',46,46,'2024-04-08 16:31:45','2024-04-08 16:31:45','false'),(119,7,0,0,'1 direction',59,20,2,2,3,46,'not booked','CH05',46,46,'2024-04-08 16:31:50','2024-04-08 16:31:50','false'),(120,8,0,0,'1 direction',59,20,2,2,3,46,'not booked','CH05',46,46,'2024-04-08 16:31:54','2024-04-08 16:31:54','false'),(121,9,0,0,'1 direction',59,20,2,2,3,46,'not booked','CH05',46,46,'2024-04-08 16:32:28','2024-04-08 16:32:28','false'),(122,10,0,0,'1 direction',59,20,2,2,3,46,'not booked','CH05',46,46,'2024-04-08 16:32:31','2024-04-08 16:32:31','false'),(123,11,0,0,'1 direction',59,20,2,2,3,46,'not booked','CH05',46,46,'2024-04-08 16:32:33','2024-04-08 16:32:33','false'),(124,12,0,0,'1 direction',59,20,2,2,3,46,'not booked','CH05',46,46,'2024-04-08 16:32:35','2024-04-08 16:32:35','false'),(125,13,0,0,'1 direction',59,20,2,2,3,46,'not booked','CH05',46,46,'2024-04-08 16:32:38','2024-04-08 16:32:38','false'),(126,14,0,0,'1 direction',59,20,2,2,3,46,'not booked','CH05',46,46,'2024-04-08 16:32:40','2024-04-08 16:32:40','false'),(127,15,0,0,'1 direction',59,20,2,2,3,46,'not booked','CH05',46,46,'2024-04-08 16:32:42','2024-04-08 16:32:42','false'),(128,16,0,0,'1 direction',59,20,2,2,3,46,'not booked','CH05',46,46,'2024-04-08 16:32:44','2024-04-08 16:32:44','false'),(129,17,0,0,'1 direction',59,20,2,2,3,46,'not booked','CH05',46,46,'2024-04-08 16:32:46','2024-04-08 16:32:46','false'),(130,18,0,0,'1 direction',59,20,2,2,3,46,'not booked','CH05',46,46,'2024-04-08 16:32:48','2024-04-08 16:32:48','false'),(131,19,0,0,'1 direction',59,20,2,2,3,46,'not booked','CH05',46,46,'2024-04-08 16:32:50','2024-04-08 16:32:50','false'),(132,20,0,0,'1 direction',59,20,2,2,3,46,'not booked','CH05',46,46,'2024-04-08 16:32:52','2024-04-08 16:32:52','false'),(133,21,0,0,'1 direction',59,20,2,2,3,46,'not booked','CH05',46,46,'2024-04-08 16:32:54','2024-04-08 16:32:54','false'),(134,22,0,0,'1 direction',59,20,2,2,3,46,'not booked','CH05',46,46,'2024-04-08 16:32:56','2024-04-08 16:32:56','false'),(135,23,0,0,'1 direction',59,20,2,2,3,46,'not booked','CH05',46,46,'2024-04-08 16:32:58','2024-04-08 16:32:58','false'),(136,24,0,0,'1 direction',59,20,2,2,3,46,'not booked','CH05',46,46,'2024-04-08 16:33:00','2024-04-08 16:33:00','false'),(137,25,0,0,'1 direction',59,20,2,2,3,46,'not booked','CH05',46,46,'2024-04-08 16:33:02','2024-04-08 16:33:02','false'),(138,26,0,0,'1 direction',59,20,2,2,3,46,'not booked','CH05',46,46,'2024-04-08 16:33:04','2024-04-08 16:33:04','false'),(139,27,0,0,'1 direction',59,20,2,2,3,46,'not booked','CH05',46,46,'2024-04-08 16:33:06','2024-04-08 16:33:06','false'),(140,28,0,0,'1 direction',59,20,2,2,3,46,'not booked','CH05',46,46,'2024-04-08 16:33:08','2024-04-08 16:33:08','false'),(141,29,0,0,'1 direction',59,20,2,2,3,46,'not booked','CH05',46,46,'2024-04-08 16:33:10','2024-04-08 16:33:10','false'),(143,30,0,0,'1 direction',59,20,2,2,3,46,'not booked','CH05',46,46,'2024-04-08 16:33:26','2024-04-08 16:33:26','false'),(145,5,0,0,'2 direction',81,20,2,3,4,46,'not booked','CH06',46,46,'2024-04-08 16:40:51','2024-04-08 16:40:51','false'),(146,6,0,0,'2 direction',81,20,2,3,4,46,'not booked','CH06',46,46,'2024-04-08 16:41:07','2024-04-08 16:41:07','false'),(147,7,0,0,'2 direction',81,20,2,3,4,46,'not booked','CH06',46,46,'2024-04-08 16:41:49','2024-04-08 16:41:49','false'),(148,8,0,0,'2 direction',81,20,2,3,4,46,'not booked','CH06',46,46,'2024-04-08 16:41:52','2024-04-08 16:41:52','false'),(149,9,0,0,'2 direction',81,20,2,3,4,46,'not booked','CH06',46,46,'2024-04-08 16:41:55','2024-04-08 16:41:55','false'),(150,10,0,0,'2 direction',81,20,2,3,4,46,'not booked','CH06',46,46,'2024-04-08 16:41:57','2024-04-08 16:41:57','false'),(151,11,0,0,'2 direction',81,20,2,3,4,46,'not booked','CH06',46,46,'2024-04-08 16:42:00','2024-04-08 16:42:00','false'),(152,12,0,0,'2 direction',81,20,2,3,4,46,'not booked','CH06',46,46,'2024-04-08 16:42:02','2024-04-08 16:42:02','false'),(153,13,0,0,'2 direction',81,20,2,3,4,46,'not booked','CH06',46,46,'2024-04-08 16:42:04','2024-04-08 16:42:04','false'),(154,14,0,0,'2 direction',81,20,2,3,4,46,'not booked','CH06',46,46,'2024-04-08 16:42:06','2024-04-08 16:42:06','false'),(155,15,0,0,'2 direction',81,20,2,3,4,46,'not booked','CH06',46,46,'2024-04-08 16:42:08','2024-04-08 16:42:08','false'),(156,16,0,0,'2 direction',81,20,2,3,4,46,'not booked','CH06',46,46,'2024-04-08 16:42:10','2024-04-08 16:42:10','false'),(157,17,0,0,'2 direction',81,20,2,3,4,46,'not booked','CH06',46,46,'2024-04-08 16:42:12','2024-04-08 16:42:12','false'),(158,18,0,0,'2 direction',81,20,2,3,4,46,'not booked','CH06',46,46,'2024-04-08 16:42:15','2024-04-08 16:42:15','false'),(159,19,0,0,'2 direction',81,20,2,3,4,46,'not booked','CH06',46,46,'2024-04-08 16:42:16','2024-04-08 16:42:16','false'),(160,20,0,0,'2 direction',81,20,2,3,4,46,'not booked','CH06',46,46,'2024-04-08 16:42:19','2024-04-08 16:42:19','false'),(161,21,0,0,'2 direction',81,20,2,3,4,46,'not booked','CH06',46,46,'2024-04-08 16:42:21','2024-04-08 16:42:21','false'),(162,22,0,0,'2 direction',81,20,2,3,4,46,'not booked','CH06',46,46,'2024-04-08 16:42:23','2024-04-08 16:42:23','false'),(163,23,0,0,'2 direction',81,20,2,3,4,46,'not booked','CH06',46,46,'2024-04-08 16:42:25','2024-04-08 16:42:25','false'),(164,24,0,0,'2 direction',81,20,2,3,4,46,'not booked','CH06',46,46,'2024-04-08 16:42:27','2024-04-08 16:42:27','false'),(165,25,0,0,'2 direction',81,20,2,3,4,46,'not booked','CH06',46,46,'2024-04-08 16:42:29','2024-04-08 16:42:29','false'),(166,26,0,0,'2 direction',81,20,2,3,4,46,'not booked','CH06',46,46,'2024-04-08 16:42:31','2024-04-08 16:42:31','false'),(167,27,0,0,'2 direction',81,20,2,3,4,46,'not booked','CH06',46,46,'2024-04-08 16:42:33','2024-04-08 16:42:33','false'),(168,28,0,0,'2 direction',81,20,2,3,4,46,'not booked','CH06',46,46,'2024-04-08 16:42:35','2024-04-08 16:42:35','false'),(169,29,0,0,'2 direction',81,20,2,3,4,46,'not booked','CH06',46,46,'2024-04-08 16:42:37','2024-04-08 16:42:37','false'),(170,30,0,0,'2 direction',81,20,2,3,4,46,'not booked','CH06',46,46,'2024-04-08 16:42:39','2024-04-08 16:42:39','false'),(172,5,0,0,'2 direction',69,20,2,2,3,46,'not booked','CH07',46,46,'2024-04-08 16:49:59','2024-04-08 16:49:59','false'),(173,6,0,0,'2 direction',69,20,2,2,3,46,'not booked','CH07',46,46,'2024-04-08 16:53:16','2024-04-08 16:53:16','false'),(174,7,0,0,'2 direction',69,20,2,2,3,46,'not booked','CH07',46,46,'2024-04-08 16:53:27','2024-04-08 16:53:27','false'),(175,8,0,0,'2 direction',69,20,2,2,3,46,'not booked','CH07',46,46,'2024-04-08 16:53:30','2024-04-08 16:53:30','false'),(176,9,0,0,'2 direction',69,20,2,2,3,46,'not booked','CH07',46,46,'2024-04-08 16:53:33','2024-04-08 16:53:33','false'),(177,10,0,0,'2 direction',69,20,2,2,3,46,'not booked','CH07',46,46,'2024-04-08 16:53:36','2024-04-08 16:53:36','false'),(178,11,0,0,'2 direction',69,20,2,2,3,46,'not booked','CH07',46,46,'2024-04-08 16:53:39','2024-04-08 16:53:39','false'),(179,12,0,0,'2 direction',69,20,2,2,3,46,'not booked','CH07',46,46,'2024-04-08 16:53:42','2024-04-08 16:53:42','false'),(180,13,0,0,'2 direction',69,20,2,2,3,46,'not booked','CH07',46,46,'2024-04-08 16:53:46','2024-04-08 16:53:46','false'),(181,14,0,0,'2 direction',69,20,2,2,3,46,'not booked','CH07',46,46,'2024-04-08 16:53:49','2024-04-08 16:53:49','false'),(182,15,0,0,'2 direction',69,20,2,2,3,46,'not booked','CH07',46,46,'2024-04-08 16:53:53','2024-04-08 16:53:53','false'),(183,16,0,0,'2 direction',69,20,2,2,3,46,'not booked','CH07',46,46,'2024-04-08 16:54:02','2024-04-08 16:54:02','false'),(184,17,0,0,'2 direction',69,20,2,2,3,46,'not booked','CH07',46,46,'2024-04-08 16:54:06','2024-04-08 16:54:06','false'),(185,18,0,0,'2 direction',69,20,2,2,3,46,'not booked','CH07',46,46,'2024-04-08 16:54:10','2024-04-08 16:54:10','false'),(186,19,0,0,'2 direction',69,20,2,2,3,46,'not booked','CH07',46,46,'2024-04-08 16:54:12','2024-04-08 16:54:12','false'),(187,20,0,0,'2 direction',69,20,2,2,3,46,'not booked','CH07',46,46,'2024-04-08 16:54:16','2024-04-08 16:54:16','false'),(188,21,0,0,'2 direction',69,20,2,2,3,46,'not booked','CH07',46,46,'2024-04-08 16:54:18','2024-04-08 16:54:18','false'),(189,22,0,0,'2 direction',69,20,2,2,3,46,'not booked','CH07',46,46,'2024-04-08 16:54:22','2024-04-08 16:54:22','false'),(190,23,0,0,'2 direction',69,20,2,2,3,46,'not booked','CH07',46,46,'2024-04-08 16:54:25','2024-04-08 16:54:25','false'),(191,24,0,0,'2 direction',69,20,2,2,3,46,'not booked','CH07',46,46,'2024-04-08 16:54:27','2024-04-08 16:54:27','false'),(192,25,0,0,'2 direction',69,20,2,2,3,46,'not booked','CH07',46,46,'2024-04-08 16:54:30','2024-04-08 16:54:30','false'),(193,26,0,0,'2 direction',69,20,2,2,3,46,'not booked','CH07',46,46,'2024-04-08 16:54:34','2024-04-08 16:54:34','false'),(194,27,0,0,'2 direction',69,20,2,2,3,46,'not booked','CH07',46,46,'2024-04-08 16:54:37','2024-04-08 16:54:37','false'),(195,28,0,0,'2 direction',69,20,2,2,3,46,'not booked','CH07',46,46,'2024-04-08 16:54:39','2024-04-08 16:54:39','false'),(196,29,0,0,'2 direction',69,20,2,2,3,46,'not booked','CH07',46,46,'2024-04-08 16:54:41','2024-04-08 16:54:41','false'),(197,30,0,0,'2 direction',69,20,2,2,3,46,'not booked','CH07',46,46,'2024-04-08 16:54:44','2024-04-08 16:54:44','false'),(199,5,0,0,'1 direction',59,20,2,2,3,46,'not booked','CH08',46,46,'2024-04-09 04:24:30','2024-04-09 04:24:30','false'),(200,6,0,0,'1 direction',59,20,2,2,3,46,'not booked','CH08',46,46,'2024-04-09 04:24:37','2024-04-09 04:24:37','false'),(201,7,0,0,'1 direction',59,20,2,2,3,46,'not booked','CH08',46,46,'2024-04-09 04:24:39','2024-04-09 04:24:39','false'),(202,8,0,0,'1 direction',59,20,2,2,3,46,'not booked','CH08',46,46,'2024-04-09 04:24:41','2024-04-09 04:24:41','false'),(203,9,0,0,'1 direction',59,20,2,2,3,46,'not booked','CH08',46,46,'2024-04-09 04:24:43','2024-04-09 04:24:43','false'),(204,10,0,0,'1 direction',59,20,2,2,3,46,'not booked','CH08',46,46,'2024-04-09 04:24:45','2024-04-09 04:24:45','false'),(205,11,0,0,'1 direction',59,20,2,2,3,46,'not booked','CH08',46,46,'2024-04-09 04:24:47','2024-04-09 04:24:47','false'),(206,12,0,0,'1 direction',59,20,2,2,3,46,'not booked','CH08',46,46,'2024-04-09 04:24:49','2024-04-09 04:24:49','false'),(207,13,0,0,'1 direction',59,20,2,2,3,46,'not booked','CH08',46,46,'2024-04-09 04:24:51','2024-04-09 04:24:51','false'),(208,14,0,0,'1 direction',59,20,2,2,3,46,'not booked','CH08',46,46,'2024-04-09 04:24:53','2024-04-09 04:24:53','false'),(209,15,0,0,'1 direction',59,20,2,2,3,46,'not booked','CH08',46,46,'2024-04-09 04:24:55','2024-04-09 04:24:55','false'),(210,16,0,0,'1 direction',59,20,2,2,3,46,'not booked','CH08',46,46,'2024-04-09 04:24:57','2024-04-09 04:24:57','false'),(211,17,0,0,'1 direction',59,20,2,2,3,46,'not booked','CH08',46,46,'2024-04-09 04:24:59','2024-04-09 04:24:59','false'),(212,18,0,0,'1 direction',59,20,2,2,3,46,'not booked','CH08',46,46,'2024-04-09 04:25:01','2024-04-09 04:25:01','false'),(213,19,0,0,'1 direction',59,20,2,2,3,46,'not booked','CH08',46,46,'2024-04-09 04:25:03','2024-04-09 04:25:03','false'),(214,20,0,0,'1 direction',59,20,2,2,3,46,'not booked','CH08',46,46,'2024-04-09 04:25:06','2024-04-09 04:25:06','false'),(215,21,0,0,'1 direction',59,20,2,2,3,46,'not booked','CH08',46,46,'2024-04-09 04:25:07','2024-04-09 04:25:07','false'),(216,22,0,0,'1 direction',59,20,2,2,3,46,'not booked','CH08',46,46,'2024-04-09 04:25:09','2024-04-09 04:25:09','false'),(217,23,0,0,'1 direction',59,20,2,2,3,46,'not booked','CH08',46,46,'2024-04-09 04:25:11','2024-04-09 04:25:11','false'),(218,24,0,0,'1 direction',59,20,2,2,3,46,'not booked','CH08',46,46,'2024-04-09 04:25:12','2024-04-09 04:25:12','false'),(219,25,0,0,'1 direction',59,20,2,2,3,46,'not booked','CH08',46,46,'2024-04-09 04:25:15','2024-04-09 04:25:15','false'),(220,26,0,0,'1 direction',59,20,2,2,3,46,'not booked','CH08',46,46,'2024-04-09 04:25:17','2024-04-09 04:25:17','false'),(221,27,0,0,'1 direction',59,20,2,2,3,46,'not booked','CH08',46,46,'2024-04-09 04:25:20','2024-04-09 04:25:20','false'),(222,28,0,0,'1 direction',59,20,2,2,3,46,'not booked','CH08',46,46,'2024-04-09 04:25:22','2024-04-09 04:25:22','false'),(223,29,0,0,'1 direction',59,20,2,2,3,46,'not booked','CH08',46,46,'2024-04-09 04:25:25','2024-04-09 04:25:25','false'),(224,30,0,0,'1 direction',59,20,2,2,3,46,'not booked','CH08',46,46,'2024-04-09 04:25:28','2024-04-09 04:25:28','false'),(226,5,0,0,'1 direction',59,20,2,2,3,46,'not booked','CH09',46,46,'2024-04-09 04:31:49','2024-04-09 04:31:49','false'),(227,6,0,0,'1 direction',59,20,2,2,3,46,'not booked','CH09',46,46,'2024-04-09 04:31:52','2024-04-09 04:31:52','false'),(228,7,0,0,'1 direction',59,20,2,2,3,46,'not booked','CH09',46,46,'2024-04-09 04:31:57','2024-04-09 04:31:57','false'),(229,8,0,0,'1 direction',59,20,2,2,3,46,'not booked','CH09',46,46,'2024-04-09 04:31:58','2024-04-09 04:31:58','false'),(230,9,0,0,'1 direction',59,20,2,2,3,46,'not booked','CH09',46,46,'2024-04-09 04:32:01','2024-04-09 04:32:01','false'),(231,10,0,0,'1 direction',59,20,2,2,3,46,'not booked','CH09',46,46,'2024-04-09 04:32:03','2024-04-09 04:32:03','false'),(232,11,0,0,'1 direction',59,20,2,2,3,46,'not booked','CH09',46,46,'2024-04-09 04:32:04','2024-04-09 04:32:04','false'),(233,12,0,0,'1 direction',59,20,2,2,3,46,'not booked','CH09',46,46,'2024-04-09 04:32:06','2024-04-09 04:32:06','false'),(234,13,0,0,'1 direction',59,20,2,2,3,46,'not booked','CH09',46,46,'2024-04-09 04:32:08','2024-04-09 04:32:08','false'),(235,14,0,0,'1 direction',59,20,2,2,3,46,'not booked','CH09',46,46,'2024-04-09 04:32:10','2024-04-09 04:32:10','false'),(236,15,0,0,'1 direction',59,20,2,2,3,46,'not booked','CH09',46,46,'2024-04-09 04:32:12','2024-04-09 04:32:12','false'),(237,16,0,0,'1 direction',59,20,2,2,3,46,'not booked','CH09',46,46,'2024-04-09 04:32:13','2024-04-09 04:32:13','false'),(238,17,0,0,'1 direction',59,20,2,2,3,46,'not booked','CH09',46,46,'2024-04-09 04:32:15','2024-04-09 04:32:15','false'),(239,18,0,0,'1 direction',59,20,2,2,3,46,'not booked','CH09',46,46,'2024-04-09 04:32:17','2024-04-09 04:32:17','false'),(240,19,0,0,'1 direction',59,20,2,2,3,46,'not booked','CH09',46,46,'2024-04-09 04:32:19','2024-04-09 04:32:19','false'),(241,20,0,0,'1 direction',59,20,2,2,3,46,'not booked','CH09',46,46,'2024-04-09 04:32:21','2024-04-09 04:32:21','false'),(242,21,0,0,'1 direction',59,20,2,2,3,46,'not booked','CH09',46,46,'2024-04-09 04:32:22','2024-04-09 04:32:22','false'),(243,22,0,0,'1 direction',59,20,2,2,3,46,'not booked','CH09',46,46,'2024-04-09 04:32:24','2024-04-09 04:32:24','false'),(244,23,0,0,'1 direction',59,20,2,2,3,46,'not booked','CH09',46,46,'2024-04-09 04:32:26','2024-04-09 04:32:26','false'),(245,24,0,0,'1 direction',59,20,2,2,3,46,'not booked','CH09',46,46,'2024-04-09 04:32:28','2024-04-09 04:32:28','false'),(246,25,0,0,'1 direction',59,20,2,2,3,46,'not booked','CH09',46,46,'2024-04-09 04:32:29','2024-04-09 04:32:29','false'),(247,26,0,0,'1 direction',59,20,2,2,3,46,'not booked','CH09',46,46,'2024-04-09 04:32:32','2024-04-09 04:32:32','false'),(248,27,0,0,'1 direction',59,20,2,2,3,46,'not booked','CH09',46,46,'2024-04-09 04:32:34','2024-04-09 04:32:34','false'),(249,28,0,0,'1 direction',59,20,2,2,3,46,'not booked','CH09',46,46,'2024-04-09 04:32:35','2024-04-09 04:32:35','false'),(250,29,0,0,'1 direction',59,20,2,2,3,46,'not booked','CH09',46,46,'2024-04-09 04:32:37','2024-04-09 04:32:37','false'),(251,30,0,0,'1 direction',59,20,2,2,3,46,'not booked','CH09',46,46,'2024-04-09 04:32:40','2024-04-09 04:32:40','false'),(253,5,0,0,'1 direction',31,20,1,0,1,46,'not booked','CH10',46,46,'2024-04-09 04:48:43','2024-04-09 04:48:43','false'),(254,6,0,0,'1 direction',31,20,1,0,1,46,'not booked','CH10',46,46,'2024-04-09 04:48:47','2024-04-09 04:48:47','false'),(255,7,0,0,'1 direction',31,20,1,0,1,46,'not booked','CH10',46,46,'2024-04-09 04:48:49','2024-04-09 04:48:49','false'),(256,8,0,0,'1 direction',31,20,1,0,1,46,'not booked','CH10',46,46,'2024-04-09 04:48:52','2024-04-09 04:48:52','false'),(257,9,0,0,'1 direction',31,20,1,0,1,46,'not booked','CH10',46,46,'2024-04-09 04:48:54','2024-04-09 04:48:54','false'),(258,10,0,0,'1 direction',31,20,1,0,1,46,'not booked','CH10',46,46,'2024-04-09 04:48:56','2024-04-09 04:48:56','false'),(259,11,0,0,'1 direction',31,20,1,0,1,46,'not booked','CH10',46,46,'2024-04-09 04:48:57','2024-04-09 04:48:57','false'),(260,12,0,0,'1 direction',31,20,1,0,1,46,'not booked','CH10',46,46,'2024-04-09 04:48:59','2024-04-09 04:48:59','false'),(261,13,0,0,'1 direction',31,20,1,0,1,46,'not booked','CH10',46,46,'2024-04-09 04:49:01','2024-04-09 04:49:01','false'),(262,14,0,0,'1 direction',31,20,1,0,1,46,'not booked','CH10',46,46,'2024-04-09 04:49:03','2024-04-09 04:49:03','false'),(263,15,0,0,'1 direction',31,20,1,0,1,46,'not booked','CH10',46,46,'2024-04-09 04:49:05','2024-04-09 04:49:05','false'),(264,16,0,0,'1 direction',31,20,1,0,1,46,'not booked','CH10',46,46,'2024-04-09 04:49:06','2024-04-09 04:49:06','false'),(265,17,0,0,'1 direction',31,20,1,0,1,46,'not booked','CH10',46,46,'2024-04-09 04:49:08','2024-04-09 04:49:08','false'),(266,18,0,0,'1 direction',31,20,1,0,1,46,'not booked','CH10',46,46,'2024-04-09 04:49:10','2024-04-09 04:49:10','false'),(267,19,0,0,'1 direction',31,20,1,0,1,46,'not booked','CH10',46,46,'2024-04-09 04:49:11','2024-04-09 04:49:11','false'),(268,20,0,0,'1 direction',31,20,1,0,1,46,'not booked','CH10',46,46,'2024-04-09 04:49:14','2024-04-09 04:49:14','false'),(269,21,0,0,'1 direction',31,20,1,0,1,46,'not booked','CH10',46,46,'2024-04-09 04:49:15','2024-04-09 04:49:15','false'),(270,22,0,0,'1 direction',31,20,1,0,1,46,'not booked','CH10',46,46,'2024-04-09 04:49:17','2024-04-09 04:49:17','false'),(271,23,0,0,'1 direction',31,20,1,0,1,46,'not booked','CH10',46,46,'2024-04-09 04:49:19','2024-04-09 04:49:19','false'),(272,24,0,0,'1 direction',31,20,1,0,1,46,'not booked','CH10',46,46,'2024-04-09 04:49:21','2024-04-09 04:49:21','false'),(273,25,0,0,'1 direction',31,20,1,0,1,46,'not booked','CH10',46,46,'2024-04-09 04:49:23','2024-04-09 04:49:23','false'),(274,26,0,0,'1 direction',31,20,1,0,1,46,'not booked','CH10',46,46,'2024-04-09 04:49:24','2024-04-09 04:49:24','false'),(275,27,0,0,'1 direction',31,20,1,0,1,46,'not booked','CH10',46,46,'2024-04-09 04:49:26','2024-04-09 04:49:26','false'),(276,28,0,0,'1 direction',31,20,1,0,1,46,'not booked','CH10',46,46,'2024-04-09 04:49:28','2024-04-09 04:49:28','false'),(277,29,0,0,'1 direction',31,20,1,0,1,46,'not booked','CH10',46,46,'2024-04-09 04:49:29','2024-04-09 04:49:29','false'),(278,30,0,0,'1 direction',31,20,1,0,1,46,'not booked','CH10',46,46,'2024-04-09 04:49:32','2024-04-09 04:49:32','false'),(280,5,0,0,'1 direction',69,20,2,2,3,46,'not booked','CH11',46,46,'2024-04-09 04:50:58','2024-04-09 04:50:58','false'),(281,6,0,0,'1 direction',69,20,2,2,3,46,'not booked','CH11',46,46,'2024-04-09 04:51:00','2024-04-09 04:51:00','false'),(282,7,0,0,'1 direction',69,20,2,2,3,46,'not booked','CH11',46,46,'2024-04-09 04:51:02','2024-04-09 04:51:02','false'),(283,8,0,0,'1 direction',69,20,2,2,3,46,'not booked','CH11',46,46,'2024-04-09 04:51:04','2024-04-09 04:51:04','false'),(284,9,0,0,'1 direction',69,20,2,2,3,46,'not booked','CH11',46,46,'2024-04-09 04:51:07','2024-04-09 04:51:07','false'),(285,10,0,0,'1 direction',69,20,2,2,3,46,'not booked','CH11',46,46,'2024-04-09 04:51:09','2024-04-09 04:51:09','false'),(286,11,0,0,'1 direction',69,20,2,2,3,46,'not booked','CH11',46,46,'2024-04-09 04:51:10','2024-04-09 04:51:10','false'),(287,12,0,0,'1 direction',69,20,2,2,3,46,'not booked','CH11',46,46,'2024-04-09 04:51:12','2024-04-09 04:51:12','false'),(288,13,0,0,'1 direction',69,20,2,2,3,46,'not booked','CH11',46,46,'2024-04-09 04:51:13','2024-04-09 04:51:13','false'),(289,14,0,0,'1 direction',69,20,2,2,3,46,'not booked','CH11',46,46,'2024-04-09 04:51:15','2024-04-09 04:51:15','false'),(290,15,0,0,'1 direction',69,20,2,2,3,46,'not booked','CH11',46,46,'2024-04-09 04:51:17','2024-04-09 04:51:17','false'),(291,16,0,0,'1 direction',69,20,2,2,3,46,'not booked','CH11',46,46,'2024-04-09 04:51:18','2024-04-09 04:51:18','false'),(292,17,0,0,'1 direction',69,20,2,2,3,46,'not booked','CH11',46,46,'2024-04-09 04:51:20','2024-04-09 04:51:20','false'),(293,18,0,0,'1 direction',69,20,2,2,3,46,'not booked','CH11',46,46,'2024-04-09 04:51:22','2024-04-09 04:51:22','false'),(294,19,0,0,'1 direction',69,20,2,2,3,46,'not booked','CH11',46,46,'2024-04-09 04:51:23','2024-04-09 04:51:23','false'),(295,20,0,0,'1 direction',69,20,2,2,3,46,'not booked','CH11',46,46,'2024-04-09 04:51:25','2024-04-09 04:51:25','false'),(296,21,0,0,'1 direction',69,20,2,2,3,46,'not booked','CH11',46,46,'2024-04-09 04:51:26','2024-04-09 04:51:26','false'),(297,22,0,0,'1 direction',69,20,2,2,3,46,'not booked','CH11',46,46,'2024-04-09 04:51:28','2024-04-09 04:51:28','false'),(298,23,0,0,'1 direction',69,20,2,2,3,46,'not booked','CH11',46,46,'2024-04-09 04:51:29','2024-04-09 04:51:29','false'),(299,24,0,0,'1 direction',69,20,2,2,3,46,'not booked','CH11',46,46,'2024-04-09 04:51:31','2024-04-09 04:51:31','false'),(300,25,0,0,'1 direction',69,20,2,2,3,46,'not booked','CH11',46,46,'2024-04-09 04:51:33','2024-04-09 04:51:33','false'),(301,26,0,0,'1 direction',69,20,2,2,3,46,'not booked','CH11',46,46,'2024-04-09 04:51:34','2024-04-09 04:51:34','false'),(302,27,0,0,'1 direction',69,20,2,2,3,46,'not booked','CH11',46,46,'2024-04-09 04:51:36','2024-04-09 04:51:36','false'),(303,28,0,0,'1 direction',69,20,2,2,3,46,'not booked','CH11',46,46,'2024-04-09 04:51:38','2024-04-09 04:51:38','false'),(304,29,0,0,'1 direction',69,20,2,2,3,46,'not booked','CH11',46,46,'2024-04-09 04:51:40','2024-04-09 04:51:40','false'),(305,30,0,0,'1 direction',69,20,2,2,3,46,'not booked','CH11',46,46,'2024-04-09 04:51:42','2024-04-09 04:51:42','false'),(307,5,0,0,'1 direction',59,20,2,2,3,46,'not booked','CH12',46,46,'2024-04-09 05:00:41','2024-04-09 05:00:41','false'),(308,6,0,0,'1 direction',59,20,2,2,3,46,'not booked','CH12',46,46,'2024-04-09 05:00:46','2024-04-09 05:00:46','false'),(309,7,0,0,'1 direction',59,20,2,2,3,46,'not booked','CH12',46,46,'2024-04-09 05:00:48','2024-04-09 05:00:48','false'),(310,8,0,0,'1 direction',59,20,2,2,3,46,'not booked','CH12',46,46,'2024-04-09 05:00:50','2024-04-09 05:00:50','false'),(311,9,0,0,'1 direction',59,20,2,2,3,46,'not booked','CH12',46,46,'2024-04-09 05:00:51','2024-04-09 05:00:51','false'),(312,10,0,0,'1 direction',59,20,2,2,3,46,'not booked','CH12',46,46,'2024-04-09 05:00:54','2024-04-09 05:00:54','false'),(313,11,0,0,'1 direction',59,20,2,2,3,46,'not booked','CH12',46,46,'2024-04-09 05:00:55','2024-04-09 05:00:55','false'),(314,12,0,0,'1 direction',59,20,2,2,3,46,'not booked','CH12',46,46,'2024-04-09 05:00:57','2024-04-09 05:00:57','false'),(315,13,0,0,'1 direction',59,20,2,2,3,46,'not booked','CH12',46,46,'2024-04-09 05:00:59','2024-04-09 05:00:59','false'),(316,14,0,0,'1 direction',59,20,2,2,3,46,'not booked','CH12',46,46,'2024-04-09 05:01:01','2024-04-09 05:01:01','false'),(317,15,0,0,'1 direction',59,20,2,2,3,46,'not booked','CH12',46,46,'2024-04-09 05:01:02','2024-04-09 05:01:02','false'),(318,16,0,0,'1 direction',59,20,2,2,3,46,'not booked','CH12',46,46,'2024-04-09 05:01:04','2024-04-09 05:01:04','false'),(319,17,0,0,'1 direction',59,20,2,2,3,46,'not booked','CH12',46,46,'2024-04-09 05:01:05','2024-04-09 05:01:05','false'),(320,18,0,0,'1 direction',59,20,2,2,3,46,'not booked','CH12',46,46,'2024-04-09 05:01:08','2024-04-09 05:01:08','false'),(321,19,0,0,'1 direction',59,20,2,2,3,46,'not booked','CH12',46,46,'2024-04-09 05:01:09','2024-04-09 05:01:09','false'),(322,20,0,0,'1 direction',59,20,2,2,3,46,'not booked','CH12',46,46,'2024-04-09 05:01:11','2024-04-09 05:01:11','false'),(323,21,0,0,'1 direction',59,20,2,2,3,46,'not booked','CH12',46,46,'2024-04-09 05:01:13','2024-04-09 05:01:13','false'),(324,22,0,0,'1 direction',59,20,2,2,3,46,'not booked','CH12',46,46,'2024-04-09 05:01:14','2024-04-09 05:01:14','false'),(325,23,0,0,'1 direction',59,20,2,2,3,46,'not booked','CH12',46,46,'2024-04-09 05:01:15','2024-04-09 05:01:15','false'),(326,24,0,0,'1 direction',59,20,2,2,3,46,'not booked','CH12',46,46,'2024-04-09 05:01:17','2024-04-09 05:01:17','false'),(327,25,0,0,'1 direction',59,20,2,2,3,46,'not booked','CH12',46,46,'2024-04-09 05:01:18','2024-04-09 05:01:18','false'),(328,26,0,0,'1 direction',59,20,2,2,3,46,'not booked','CH12',46,46,'2024-04-09 05:01:20','2024-04-09 05:01:20','false'),(329,27,0,0,'1 direction',59,20,2,2,3,46,'not booked','CH12',46,46,'2024-04-09 05:01:22','2024-04-09 05:01:22','false'),(330,28,0,0,'1 direction',59,20,2,2,3,46,'not booked','CH12',46,46,'2024-04-09 05:01:24','2024-04-09 05:01:24','false'),(331,29,0,0,'1 direction',59,20,2,2,3,46,'not booked','CH12',46,46,'2024-04-09 05:01:26','2024-04-09 05:01:26','false'),(332,30,0,0,'1 direction',59,20,2,2,3,46,'not booked','CH12',46,46,'2024-04-09 05:01:28','2024-04-09 05:01:28','false'),(334,5,0,0,'1 direction',58,20,2,2,3,46,'not booked','CH13',46,46,'2024-04-09 05:02:55','2024-04-09 05:02:55','false'),(335,6,0,0,'1 direction',58,20,2,2,3,46,'not booked','CH13',46,46,'2024-04-09 05:02:57','2024-04-09 05:02:57','false'),(336,7,0,0,'1 direction',58,20,2,2,3,46,'not booked','CH13',46,46,'2024-04-09 05:02:59','2024-04-09 05:02:59','false'),(337,8,0,0,'1 direction',58,20,2,2,3,46,'not booked','CH13',46,46,'2024-04-09 05:03:01','2024-04-09 05:03:01','false'),(338,9,0,0,'1 direction',58,20,2,2,3,46,'not booked','CH13',46,46,'2024-04-09 05:03:03','2024-04-09 05:03:03','false'),(339,10,0,0,'1 direction',58,20,2,2,3,46,'not booked','CH13',46,46,'2024-04-09 05:03:05','2024-04-09 05:03:05','false'),(340,11,0,0,'1 direction',58,20,2,2,3,46,'not booked','CH13',46,46,'2024-04-09 05:03:06','2024-04-09 05:03:06','false'),(341,12,0,0,'1 direction',58,20,2,2,3,46,'not booked','CH13',46,46,'2024-04-09 05:03:07','2024-04-09 05:03:07','false'),(342,13,0,0,'1 direction',58,20,2,2,3,46,'not booked','CH13',46,46,'2024-04-09 05:03:10','2024-04-09 05:03:10','false'),(343,14,0,0,'1 direction',58,20,2,2,3,46,'not booked','CH13',46,46,'2024-04-09 05:03:12','2024-04-09 05:03:12','false'),(344,15,0,0,'1 direction',58,20,2,2,3,46,'not booked','CH13',46,46,'2024-04-09 05:03:14','2024-04-09 05:03:14','false'),(345,16,0,0,'1 direction',58,20,2,2,3,46,'not booked','CH13',46,46,'2024-04-09 05:03:15','2024-04-09 05:03:15','false'),(346,17,0,0,'1 direction',58,20,2,2,3,46,'not booked','CH13',46,46,'2024-04-09 05:03:17','2024-04-09 05:03:17','false'),(347,18,0,0,'1 direction',58,20,2,2,3,46,'not booked','CH13',46,46,'2024-04-09 05:03:18','2024-04-09 05:03:18','false'),(348,19,0,0,'1 direction',58,20,2,2,3,46,'not booked','CH13',46,46,'2024-04-09 05:03:20','2024-04-09 05:03:20','false'),(349,20,0,0,'1 direction',58,20,2,2,3,46,'not booked','CH13',46,46,'2024-04-09 05:03:22','2024-04-09 05:03:22','false'),(350,21,0,0,'1 direction',58,20,2,2,3,46,'not booked','CH13',46,46,'2024-04-09 05:03:24','2024-04-09 05:03:24','false'),(351,22,0,0,'1 direction',58,20,2,2,3,46,'not booked','CH13',46,46,'2024-04-09 05:03:25','2024-04-09 05:03:25','false'),(352,23,0,0,'1 direction',58,20,2,2,3,46,'not booked','CH13',46,46,'2024-04-09 05:03:27','2024-04-09 05:03:27','false'),(353,24,0,0,'1 direction',58,20,2,2,3,46,'not booked','CH13',46,46,'2024-04-09 05:03:28','2024-04-09 05:03:28','false'),(354,25,0,0,'1 direction',58,20,2,2,3,46,'not booked','CH13',46,46,'2024-04-09 05:03:30','2024-04-09 05:03:30','false'),(355,26,0,0,'1 direction',58,20,2,2,3,46,'not booked','CH13',46,46,'2024-04-09 05:03:32','2024-04-09 05:03:32','false'),(356,27,0,0,'1 direction',58,20,2,2,3,46,'not booked','CH13',46,46,'2024-04-09 05:03:34','2024-04-09 05:03:34','false'),(357,28,0,0,'1 direction',58,20,2,2,3,46,'not booked','CH13',46,46,'2024-04-09 05:03:35','2024-04-09 05:03:35','false'),(358,29,0,0,'1 direction',58,20,2,2,3,46,'not booked','CH13',46,46,'2024-04-09 05:03:37','2024-04-09 05:03:37','false'),(359,30,0,0,'1 direction',58,20,2,2,3,46,'not booked','CH13',46,46,'2024-04-09 05:03:39','2024-04-09 05:03:39','false'),(361,5,0,0,'1 direction',51,20,1,1,2,46,'not booked','CH14',46,46,'2024-04-09 05:04:44','2024-04-09 05:04:44','false'),(362,6,0,0,'1 direction',51,20,1,1,2,46,'not booked','CH14',46,46,'2024-04-09 05:04:47','2024-04-09 05:04:47','false'),(363,7,0,0,'1 direction',51,20,1,1,2,46,'not booked','CH14',46,46,'2024-04-09 05:04:49','2024-04-09 05:04:49','false'),(364,8,0,0,'1 direction',51,20,1,1,2,46,'not booked','CH14',46,46,'2024-04-09 05:04:52','2024-04-09 05:04:52','false'),(365,9,0,0,'1 direction',51,20,1,1,2,46,'not booked','CH14',46,46,'2024-04-09 05:04:55','2024-04-09 05:04:55','false'),(366,10,0,0,'1 direction',51,20,1,1,2,46,'not booked','CH14',46,46,'2024-04-09 05:04:57','2024-04-09 05:04:57','false'),(367,11,0,0,'1 direction',51,20,1,1,2,46,'not booked','CH14',46,46,'2024-04-09 05:04:59','2024-04-09 05:04:59','false'),(368,12,0,0,'1 direction',51,20,1,1,2,46,'not booked','CH14',46,46,'2024-04-09 05:05:01','2024-04-09 05:05:01','false'),(369,13,0,0,'1 direction',51,20,1,1,2,46,'not booked','CH14',46,46,'2024-04-09 05:05:02','2024-04-09 05:05:02','false'),(370,14,0,0,'1 direction',51,20,1,1,2,46,'not booked','CH14',46,46,'2024-04-09 05:05:04','2024-04-09 05:05:04','false'),(371,15,0,0,'1 direction',51,20,1,1,2,46,'not booked','CH14',46,46,'2024-04-09 05:05:05','2024-04-09 05:05:05','false'),(372,16,0,0,'1 direction',51,20,1,1,2,46,'not booked','CH14',46,46,'2024-04-09 05:05:07','2024-04-09 05:05:07','false'),(373,17,0,0,'1 direction',51,20,1,1,2,46,'not booked','CH14',46,46,'2024-04-09 05:05:09','2024-04-09 05:05:09','false'),(374,18,0,0,'1 direction',51,20,1,1,2,46,'not booked','CH14',46,46,'2024-04-09 05:05:11','2024-04-09 05:05:11','false'),(375,19,0,0,'1 direction',51,20,1,1,2,46,'not booked','CH14',46,46,'2024-04-09 05:05:13','2024-04-09 05:05:13','false'),(376,20,0,0,'1 direction',51,20,1,1,2,46,'not booked','CH14',46,46,'2024-04-09 05:05:16','2024-04-09 05:05:16','false'),(377,21,0,0,'1 direction',51,20,1,1,2,46,'not booked','CH14',46,46,'2024-04-09 05:05:17','2024-04-09 05:05:17','false'),(378,22,0,0,'1 direction',51,20,1,1,2,46,'not booked','CH14',46,46,'2024-04-09 05:05:19','2024-04-09 05:05:19','false'),(379,23,0,0,'1 direction',51,20,1,1,2,46,'not booked','CH14',46,46,'2024-04-09 05:05:20','2024-04-09 05:05:20','false'),(380,24,0,0,'1 direction',51,20,1,1,2,46,'not booked','CH14',46,46,'2024-04-09 05:05:22','2024-04-09 05:05:22','false'),(381,25,0,0,'1 direction',51,20,1,1,2,46,'not booked','CH14',46,46,'2024-04-09 05:05:24','2024-04-09 05:05:24','false'),(382,26,0,0,'1 direction',51,20,1,1,2,46,'not booked','CH14',46,46,'2024-04-09 05:05:25','2024-04-09 05:05:25','false'),(383,27,0,0,'1 direction',51,20,1,1,2,46,'not booked','CH14',46,46,'2024-04-09 05:05:27','2024-04-09 05:05:27','false'),(384,28,0,0,'1 direction',51,20,1,1,2,46,'not booked','CH14',46,46,'2024-04-09 05:05:29','2024-04-09 05:05:29','false'),(385,29,0,0,'1 direction',51,20,1,1,2,46,'not booked','CH14',46,46,'2024-04-09 05:05:31','2024-04-09 05:05:31','false'),(386,30,0,0,'1 direction',51,20,1,1,2,46,'not booked','CH14',46,46,'2024-04-09 05:05:33','2024-04-09 05:05:33','false'),(388,5,0,0,'2 direction',69,20,2,2,3,46,'not booked','CH15',46,46,'2024-04-09 05:17:18','2024-04-09 05:17:18','false'),(389,6,0,0,'2 direction',69,20,2,2,3,46,'not booked','CH15',46,46,'2024-04-09 05:17:21','2024-04-09 05:17:21','false'),(390,7,0,0,'2 direction',69,20,2,2,3,46,'not booked','CH15',46,46,'2024-04-09 05:17:23','2024-04-09 05:17:23','false'),(391,8,0,0,'2 direction',69,20,2,2,3,46,'not booked','CH15',46,46,'2024-04-09 05:17:25','2024-04-09 05:17:25','false'),(392,9,0,0,'2 direction',69,20,2,2,3,46,'not booked','CH15',46,46,'2024-04-09 05:17:26','2024-04-09 05:17:26','false'),(393,10,0,0,'2 direction',69,20,2,2,3,46,'not booked','CH15',46,46,'2024-04-09 05:17:28','2024-04-09 05:17:28','false'),(394,11,0,0,'2 direction',69,20,2,2,3,46,'not booked','CH15',46,46,'2024-04-09 05:17:30','2024-04-09 05:17:30','false'),(395,12,0,0,'2 direction',69,20,2,2,3,46,'not booked','CH15',46,46,'2024-04-09 05:17:31','2024-04-09 05:17:31','false'),(396,13,0,0,'2 direction',69,20,2,2,3,46,'not booked','CH15',46,46,'2024-04-09 05:17:33','2024-04-09 05:17:33','false'),(397,14,0,0,'2 direction',69,20,2,2,3,46,'not booked','CH15',46,46,'2024-04-09 05:17:35','2024-04-09 05:17:35','false'),(398,15,0,0,'2 direction',69,20,2,2,3,46,'not booked','CH15',46,46,'2024-04-09 05:17:36','2024-04-09 05:17:36','false'),(399,16,0,0,'2 direction',69,20,2,2,3,46,'not booked','CH15',46,46,'2024-04-09 05:17:37','2024-04-09 05:17:37','false'),(400,17,0,0,'2 direction',69,20,2,2,3,46,'not booked','CH15',46,46,'2024-04-09 05:17:39','2024-04-09 05:17:39','false'),(401,18,0,0,'2 direction',69,20,2,2,3,46,'not booked','CH15',46,46,'2024-04-09 05:17:41','2024-04-09 05:17:41','false'),(402,19,0,0,'2 direction',69,20,2,2,3,46,'not booked','CH15',46,46,'2024-04-09 05:17:42','2024-04-09 05:17:42','false'),(403,20,0,0,'2 direction',69,20,2,2,3,46,'not booked','CH15',46,46,'2024-04-09 05:17:45','2024-04-09 05:17:45','false'),(404,21,0,0,'2 direction',69,20,2,2,3,46,'not booked','CH15',46,46,'2024-04-09 05:17:47','2024-04-09 05:17:47','false'),(405,22,0,0,'2 direction',69,20,2,2,3,46,'not booked','CH15',46,46,'2024-04-09 05:17:48','2024-04-09 05:17:48','false'),(406,23,0,0,'2 direction',69,20,2,2,3,46,'not booked','CH15',46,46,'2024-04-09 05:17:50','2024-04-09 05:17:50','false'),(407,24,0,0,'2 direction',69,20,2,2,3,46,'not booked','CH15',46,46,'2024-04-09 05:17:51','2024-04-09 05:17:51','false'),(408,25,0,0,'2 direction',69,20,2,2,3,46,'not booked','CH15',46,46,'2024-04-09 05:17:55','2024-04-09 05:17:55','false'),(409,26,0,0,'2 direction',69,20,2,2,3,46,'not booked','CH15',46,46,'2024-04-09 05:17:57','2024-04-09 05:17:57','false'),(410,27,0,0,'2 direction',69,20,2,2,3,46,'not booked','CH15',46,46,'2024-04-09 05:17:59','2024-04-09 05:17:59','false'),(411,28,0,0,'2 direction',69,20,2,2,3,46,'not booked','CH15',46,46,'2024-04-09 05:18:01','2024-04-09 05:18:01','false'),(412,29,0,0,'2 direction',69,20,2,2,3,46,'not booked','CH15',46,46,'2024-04-09 05:18:02','2024-04-09 05:18:02','false'),(413,30,0,0,'2 direction',69,20,2,2,3,46,'not booked','CH15',46,46,'2024-04-09 05:18:05','2024-04-09 05:18:05','false'),(415,5,0,0,'2 direction',69,20,2,2,3,46,'not booked','CH16',46,46,'2024-04-09 05:21:20','2024-04-09 05:21:20','false'),(416,6,0,0,'2 direction',69,20,2,2,3,46,'not booked','CH16',46,46,'2024-04-09 05:21:31','2024-04-09 05:21:31','false'),(417,7,0,0,'2 direction',69,20,2,2,3,46,'not booked','CH16',46,46,'2024-04-09 05:21:32','2024-04-09 05:21:32','false'),(418,8,0,0,'2 direction',69,20,2,2,3,46,'not booked','CH16',46,46,'2024-04-09 05:21:34','2024-04-09 05:21:34','false'),(419,9,0,0,'2 direction',69,20,2,2,3,46,'not booked','CH16',46,46,'2024-04-09 05:21:36','2024-04-09 05:21:36','false'),(420,10,0,0,'2 direction',69,20,2,2,3,46,'not booked','CH16',46,46,'2024-04-09 05:21:38','2024-04-09 05:21:38','false'),(421,11,0,0,'2 direction',69,20,2,2,3,46,'not booked','CH16',46,46,'2024-04-09 05:21:40','2024-04-09 05:21:40','false'),(422,12,0,0,'2 direction',69,20,2,2,3,46,'not booked','CH16',46,46,'2024-04-09 05:21:41','2024-04-09 05:21:41','false'),(423,13,0,0,'2 direction',69,20,2,2,3,46,'not booked','CH16',46,46,'2024-04-09 05:21:43','2024-04-09 05:21:43','false'),(424,14,0,0,'2 direction',69,20,2,2,3,46,'not booked','CH16',46,46,'2024-04-09 05:21:45','2024-04-09 05:21:45','false'),(425,15,0,0,'2 direction',69,20,2,2,3,46,'not booked','CH16',46,46,'2024-04-09 05:21:46','2024-04-09 05:21:46','false'),(426,16,0,0,'2 direction',69,20,2,2,3,46,'not booked','CH16',46,46,'2024-04-09 05:21:48','2024-04-09 05:21:48','false'),(428,17,0,0,'2 direction',69,20,2,2,3,46,'not booked','CH16',46,46,'2024-04-09 05:21:54','2024-04-09 05:21:54','false'),(429,18,0,0,'2 direction',69,20,2,2,3,46,'not booked','CH16',46,46,'2024-04-09 05:21:55','2024-04-09 05:21:55','false'),(430,19,0,0,'2 direction',69,20,2,2,3,46,'not booked','CH16',46,46,'2024-04-09 05:21:57','2024-04-09 05:21:57','false'),(431,20,0,0,'2 direction',69,20,2,2,3,46,'not booked','CH16',46,46,'2024-04-09 05:21:59','2024-04-09 05:21:59','false'),(432,21,0,0,'2 direction',69,20,2,2,3,46,'not booked','CH16',46,46,'2024-04-09 05:22:00','2024-04-09 05:22:00','false'),(433,22,0,0,'2 direction',69,20,2,2,3,46,'not booked','CH16',46,46,'2024-04-09 05:22:02','2024-04-09 05:22:02','false'),(434,23,0,0,'2 direction',69,20,2,2,3,46,'not booked','CH16',46,46,'2024-04-09 05:22:03','2024-04-09 05:22:03','false'),(435,24,0,0,'2 direction',69,20,2,2,3,46,'not booked','CH16',46,46,'2024-04-09 05:22:05','2024-04-09 05:22:05','false'),(436,25,0,0,'2 direction',69,20,2,2,3,46,'not booked','CH16',46,46,'2024-04-09 05:22:06','2024-04-09 05:22:06','false'),(437,26,0,0,'2 direction',69,20,2,2,3,46,'not booked','CH16',46,46,'2024-04-09 05:22:08','2024-04-09 05:22:08','false'),(438,27,0,0,'2 direction',69,20,2,2,3,46,'not booked','CH16',46,46,'2024-04-09 05:22:10','2024-04-09 05:22:10','false'),(439,28,0,0,'2 direction',69,20,2,2,3,46,'not booked','CH16',46,46,'2024-04-09 05:22:12','2024-04-09 05:22:12','false'),(440,29,0,0,'2 direction',69,20,2,2,3,46,'not booked','CH16',46,46,'2024-04-09 05:22:13','2024-04-09 05:22:13','false'),(441,30,0,0,'2 direction',69,20,2,2,3,46,'not booked','CH16',46,46,'2024-04-09 05:22:17','2024-04-09 05:22:17','false'),(443,5,0,0,'1 direction',46,20,1,1,2,46,'not booked','CH17',46,46,'2024-04-09 05:32:39','2024-04-09 05:32:39','false'),(444,6,0,0,'1 direction',46,20,1,1,2,46,'not booked','CH17',46,46,'2024-04-09 05:32:52','2024-04-09 05:32:52','false'),(445,7,0,0,'1 direction',46,20,1,1,2,46,'not booked','CH17',46,46,'2024-04-09 05:32:53','2024-04-09 05:32:53','false'),(446,8,0,0,'1 direction',46,20,1,1,2,46,'not booked','CH17',46,46,'2024-04-09 05:32:55','2024-04-09 05:32:55','false'),(447,9,0,0,'1 direction',46,20,1,1,2,46,'not booked','CH17',46,46,'2024-04-09 05:32:58','2024-04-09 05:32:58','false'),(448,10,0,0,'1 direction',46,20,1,1,2,46,'not booked','CH17',46,46,'2024-04-09 05:32:59','2024-04-09 05:32:59','false'),(449,11,0,0,'1 direction',46,20,1,1,2,46,'not booked','CH17',46,46,'2024-04-09 05:33:01','2024-04-09 05:33:01','false'),(450,12,0,0,'1 direction',46,20,1,1,2,46,'not booked','CH17',46,46,'2024-04-09 05:33:02','2024-04-09 05:33:02','false'),(451,13,0,0,'1 direction',46,20,1,1,2,46,'not booked','CH17',46,46,'2024-04-09 05:33:04','2024-04-09 05:33:04','false'),(452,14,0,0,'1 direction',46,20,1,1,2,46,'not booked','CH17',46,46,'2024-04-09 05:33:06','2024-04-09 05:33:06','false'),(453,15,0,0,'1 direction',46,20,1,1,2,46,'not booked','CH17',46,46,'2024-04-09 05:33:08','2024-04-09 05:33:08','false'),(454,16,0,0,'1 direction',46,20,1,1,2,46,'not booked','CH17',46,46,'2024-04-09 05:33:10','2024-04-09 05:33:10','false'),(455,17,0,0,'1 direction',46,20,1,1,2,46,'not booked','CH17',46,46,'2024-04-09 05:33:14','2024-04-09 05:33:14','false'),(456,18,0,0,'1 direction',46,20,1,1,2,46,'not booked','CH17',46,46,'2024-04-09 05:33:15','2024-04-09 05:33:15','false'),(457,19,0,0,'1 direction',46,20,1,1,2,46,'not booked','CH17',46,46,'2024-04-09 05:33:17','2024-04-09 05:33:17','false'),(458,20,0,0,'1 direction',46,20,1,1,2,46,'not booked','CH17',46,46,'2024-04-09 05:33:19','2024-04-09 05:33:19','false'),(459,21,0,0,'1 direction',46,20,1,1,2,46,'not booked','CH17',46,46,'2024-04-09 05:33:20','2024-04-09 05:33:20','false'),(460,22,0,0,'1 direction',46,20,1,1,2,46,'not booked','CH17',46,46,'2024-04-09 05:33:23','2024-04-09 05:33:23','false'),(461,23,0,0,'1 direction',46,20,1,1,2,46,'not booked','CH17',46,46,'2024-04-09 05:33:24','2024-04-09 05:33:24','false'),(462,24,0,0,'1 direction',46,20,1,1,2,46,'not booked','CH17',46,46,'2024-04-09 05:33:26','2024-04-09 05:33:26','false'),(463,25,0,0,'1 direction',46,20,1,1,2,46,'not booked','CH17',46,46,'2024-04-09 05:33:28','2024-04-09 05:33:28','false'),(464,26,0,0,'1 direction',46,20,1,1,2,46,'not booked','CH17',46,46,'2024-04-09 05:33:29','2024-04-09 05:33:29','false'),(465,27,0,0,'1 direction',46,20,1,1,2,46,'not booked','CH17',46,46,'2024-04-09 05:33:31','2024-04-09 05:33:31','false'),(466,28,0,0,'1 direction',46,20,1,1,2,46,'not booked','CH17',46,46,'2024-04-09 05:33:33','2024-04-09 05:33:33','false'),(467,29,0,0,'1 direction',46,20,1,1,2,46,'not booked','CH17',46,46,'2024-04-09 05:33:34','2024-04-09 05:33:34','false'),(468,30,0,0,'1 direction',46,20,1,1,2,46,'not booked','CH17',46,46,'2024-04-09 05:33:36','2024-04-09 05:33:36','false'),(470,5,0,0,'1 direction',46,20,1,1,2,46,'not booked','CH18',46,46,'2024-04-09 05:34:08','2024-04-09 05:34:08','false'),(471,6,0,0,'1 direction',46,20,1,1,2,46,'not booked','CH18',46,46,'2024-04-09 05:34:10','2024-04-09 05:34:10','false'),(472,7,0,0,'1 direction',46,20,1,1,2,46,'not booked','CH18',46,46,'2024-04-09 05:34:12','2024-04-09 05:34:12','false'),(473,8,0,0,'1 direction',46,20,1,1,2,46,'not booked','CH18',46,46,'2024-04-09 05:34:14','2024-04-09 05:34:14','false'),(474,9,0,0,'1 direction',46,20,1,1,2,46,'not booked','CH18',46,46,'2024-04-09 05:34:15','2024-04-09 05:34:15','false'),(475,10,0,0,'1 direction',46,20,1,1,2,46,'not booked','CH18',46,46,'2024-04-09 05:34:17','2024-04-09 05:34:17','false'),(476,11,0,0,'1 direction',46,20,1,1,2,46,'not booked','CH18',46,46,'2024-04-09 05:34:19','2024-04-09 05:34:19','false'),(477,12,0,0,'1 direction',46,20,1,1,2,46,'not booked','CH18',46,46,'2024-04-09 05:34:20','2024-04-09 05:34:20','false'),(478,13,0,0,'1 direction',46,20,1,1,2,46,'not booked','CH18',46,46,'2024-04-09 05:34:22','2024-04-09 05:34:22','false'),(479,14,0,0,'1 direction',46,20,1,1,2,46,'not booked','CH18',46,46,'2024-04-09 05:34:24','2024-04-09 05:34:24','false'),(480,15,0,0,'1 direction',46,20,1,1,2,46,'not booked','CH18',46,46,'2024-04-09 05:34:25','2024-04-09 05:34:25','false'),(481,16,0,0,'1 direction',46,20,1,1,2,46,'not booked','CH18',46,46,'2024-04-09 05:34:27','2024-04-09 05:34:27','false'),(482,17,0,0,'1 direction',46,20,1,1,2,46,'not booked','CH18',46,46,'2024-04-09 05:34:29','2024-04-09 05:34:29','false'),(483,18,0,0,'1 direction',46,20,1,1,2,46,'not booked','CH18',46,46,'2024-04-09 05:34:30','2024-04-09 05:34:30','false'),(484,19,0,0,'1 direction',46,20,1,1,2,46,'not booked','CH18',46,46,'2024-04-09 05:34:32','2024-04-09 05:34:32','false'),(485,20,0,0,'1 direction',46,20,1,1,2,46,'not booked','CH18',46,46,'2024-04-09 05:34:34','2024-04-09 05:34:34','false'),(486,21,0,0,'1 direction',46,20,1,1,2,46,'not booked','CH18',46,46,'2024-04-09 05:34:35','2024-04-09 05:34:35','false'),(487,22,0,0,'1 direction',46,20,1,1,2,46,'not booked','CH18',46,46,'2024-04-09 05:34:37','2024-04-09 05:34:37','false'),(488,23,0,0,'1 direction',46,20,1,1,2,46,'not booked','CH18',46,46,'2024-04-09 05:34:39','2024-04-09 05:34:39','false'),(489,24,0,0,'1 direction',46,20,1,1,2,46,'not booked','CH18',46,46,'2024-04-09 05:34:41','2024-04-09 05:34:41','false'),(490,25,0,0,'1 direction',46,20,1,1,2,46,'not booked','CH18',46,46,'2024-04-09 05:34:43','2024-04-09 05:34:43','false'),(491,26,0,0,'1 direction',46,20,1,1,2,46,'not booked','CH18',46,46,'2024-04-09 05:34:46','2024-04-09 05:34:46','false'),(492,27,0,0,'1 direction',46,20,1,1,2,46,'not booked','CH18',46,46,'2024-04-09 05:34:48','2024-04-09 05:34:48','false'),(493,28,0,0,'1 direction',46,20,1,1,2,46,'not booked','CH18',46,46,'2024-04-09 05:34:57','2024-04-09 05:34:57','false'),(494,29,0,0,'1 direction',46,20,1,1,2,46,'not booked','CH18',46,46,'2024-04-09 05:34:59','2024-04-09 05:34:59','false'),(495,30,0,0,'1 direction',46,20,1,1,2,46,'not booked','CH18',46,46,'2024-04-09 05:35:02','2024-04-09 05:35:02','false'),(498,5,0,0,'1 direction',33,20,1,0,1,46,'not booked','CH19',46,46,'2024-04-09 05:37:29','2024-04-09 05:37:29','false'),(499,6,0,0,'1 direction',33,20,1,0,1,46,'not booked','CH19',46,46,'2024-04-09 05:37:31','2024-04-09 05:37:31','false'),(500,7,0,0,'1 direction',33,20,1,0,1,46,'not booked','CH19',46,46,'2024-04-09 05:37:33','2024-04-09 05:37:33','false'),(501,8,0,0,'1 direction',33,20,1,0,1,46,'not booked','CH19',46,46,'2024-04-09 05:37:35','2024-04-09 05:37:35','false'),(502,9,0,0,'1 direction',33,20,1,0,1,46,'not booked','CH19',46,46,'2024-04-09 05:37:37','2024-04-09 05:37:37','false'),(503,10,0,0,'1 direction',33,20,1,0,1,46,'not booked','CH19',46,46,'2024-04-09 05:37:39','2024-04-09 05:37:39','false'),(504,11,0,0,'1 direction',33,20,1,0,1,46,'not booked','CH19',46,46,'2024-04-09 05:37:40','2024-04-09 05:37:40','false'),(505,12,0,0,'1 direction',33,20,1,0,1,46,'not booked','CH19',46,46,'2024-04-09 05:37:42','2024-04-09 05:37:42','false'),(506,13,0,0,'1 direction',33,20,1,0,1,46,'not booked','CH19',46,46,'2024-04-09 05:37:44','2024-04-09 05:37:44','false'),(507,14,0,0,'1 direction',33,20,1,0,1,46,'not booked','CH19',46,46,'2024-04-09 05:37:45','2024-04-09 05:37:45','false'),(508,15,0,0,'1 direction',33,20,1,0,1,46,'not booked','CH19',46,46,'2024-04-09 05:37:47','2024-04-09 05:37:47','false'),(509,16,0,0,'1 direction',33,20,1,0,1,46,'not booked','CH19',46,46,'2024-04-09 05:37:48','2024-04-09 05:37:48','false'),(510,17,0,0,'1 direction',33,20,1,0,1,46,'not booked','CH19',46,46,'2024-04-09 05:37:50','2024-04-09 05:37:50','false'),(511,18,0,0,'1 direction',33,20,1,0,1,46,'not booked','CH19',46,46,'2024-04-09 05:37:52','2024-04-09 05:37:52','false'),(512,19,0,0,'1 direction',33,20,1,0,1,46,'not booked','CH19',46,46,'2024-04-09 05:37:53','2024-04-09 05:37:53','false'),(513,20,0,0,'1 direction',33,20,1,0,1,46,'not booked','CH19',46,46,'2024-04-09 05:37:55','2024-04-09 05:37:55','false'),(514,21,0,0,'1 direction',33,20,1,0,1,46,'not booked','CH19',46,46,'2024-04-09 05:37:57','2024-04-09 05:37:57','false'),(515,22,0,0,'1 direction',33,20,1,0,1,46,'not booked','CH19',46,46,'2024-04-09 05:37:58','2024-04-09 05:37:58','false'),(516,23,0,0,'1 direction',33,20,1,0,1,46,'not booked','CH19',46,46,'2024-04-09 05:37:59','2024-04-09 05:37:59','false'),(517,24,0,0,'1 direction',33,20,1,0,1,46,'not booked','CH19',46,46,'2024-04-09 05:38:01','2024-04-09 05:38:01','false'),(518,25,0,0,'1 direction',33,20,1,0,1,46,'not booked','CH19',46,46,'2024-04-09 05:38:03','2024-04-09 05:38:03','false'),(519,26,0,0,'1 direction',33,20,1,0,1,46,'not booked','CH19',46,46,'2024-04-09 05:38:04','2024-04-09 05:38:04','false'),(520,27,0,0,'1 direction',33,20,1,0,1,46,'not booked','CH19',46,46,'2024-04-09 05:38:06','2024-04-09 05:38:06','false'),(521,28,0,0,'1 direction',33,20,1,0,1,46,'not booked','CH19',46,46,'2024-04-09 05:38:09','2024-04-09 05:38:09','false'),(522,29,0,0,'1 direction',33,20,1,0,1,46,'not booked','CH19',46,46,'2024-04-09 05:38:10','2024-04-09 05:38:10','false'),(523,30,0,0,'1 direction',33,20,1,0,1,46,'not booked','CH19',46,46,'2024-04-09 05:38:12','2024-04-09 05:38:12','false'),(525,32,0,0,'1 direction',33,20,1,0,1,46,'not booked','high area test 1',46,46,'2024-04-24 10:34:13','2024-04-24 10:34:13','false'),(526,33,0,0,'1 direction',33,20,1,0,1,46,'not booked','high area test 2',46,46,'2024-04-24 10:37:04','2024-04-24 10:37:04','false'),(527,34,0,0,'1 direction',33,20,1,0,1,46,'not booked','high area test 1',46,46,'2024-04-24 10:55:45','2024-04-24 10:55:45','false'),(528,35,0,0,'1 direction',33,20,1,0,1,46,'booked','high area test 2',46,46,'2024-04-24 10:55:58','2024-05-08 03:39:20','false');
/*!40000 ALTER TABLE `tbl_high_area` ENABLE KEYS */;
UNLOCK TABLES;

--
-- Table structure for table `tbl_high_booking`
--

DROP TABLE IF EXISTS `tbl_high_booking`;
/*!40101 SET @saved_cs_client     = @@character_set_client */;
/*!50503 SET character_set_client = utf8mb4 */;
CREATE TABLE `tbl_high_booking` (
  `id` bigint(20) NOT NULL AUTO_INCREMENT,
  `high_area_id` bigint(20) DEFAULT NULL,
  `zone_id` bigint(20) NOT NULL,
  `booking_fee` float NOT NULL,
  `sale_id` bigint(20) NOT NULL,
  `buyer_id` bigint(20) NOT NULL,
  `status` enum('enable','disable','cancelled') NOT NULL,
  `created_by` bigint(20) NOT NULL,
  `updated_by` bigint(20) NOT NULL,
  `created_at` datetime NOT NULL,
  `updated_at` datetime NOT NULL,
  `tbl_high_bookingcol` varchar(45) NOT NULL,
  PRIMARY KEY (`id`),
  KEY `fk_highbooking_higharea_idx` (`high_area_id`),
  KEY `fk_highbooking_profile1_idx` (`sale_id`),
  KEY `fk_highbooking_profile2_idx` (`buyer_id`),
  CONSTRAINT `fk_highbooking_higharea` FOREIGN KEY (`high_area_id`) REFERENCES `tbl_high_area` (`id`) ON DELETE NO ACTION ON UPDATE NO ACTION,
  CONSTRAINT `fk_highbooking_profile1` FOREIGN KEY (`sale_id`) REFERENCES `tbl_profile` (`id`) ON DELETE NO ACTION ON UPDATE NO ACTION,
  CONSTRAINT `fk_highbooking_profile2` FOREIGN KEY (`buyer_id`) REFERENCES `tbl_profile` (`id`) ON DELETE NO ACTION ON UPDATE NO ACTION,
  CONSTRAINT `fk_highbooking_zone` FOREIGN KEY (`zone_id`) REFERENCES `tbl_zone` (`id`) ON DELETE NO ACTION ON UPDATE NO ACTION
) ENGINE=InnoDB AUTO_INCREMENT=4 DEFAULT CHARSET=utf8mb4 COLLATE=utf8mb4_unicode_ci;
/*!40101 SET character_set_client = @saved_cs_client */;

--
-- Dumping data for table `tbl_high_booking`
--

LOCK TABLES `tbl_high_booking` WRITE;
/*!40000 ALTER TABLE `tbl_high_booking` DISABLE KEYS */;
INSERT INTO `tbl_high_booking` VALUES (1,2,40,0,2,2,'',13,13,'2023-11-03 08:31:39','2023-11-03 08:31:39',''),(2,2,40,0,2,2,'cancelled',13,13,'2023-11-03 08:47:08','2023-11-03 09:01:56',''),(3,NULL,39,0,2,2,'',13,13,'2023-11-03 09:19:28','2023-11-03 09:19:28','');
/*!40000 ALTER TABLE `tbl_high_booking` ENABLE KEYS */;
UNLOCK TABLES;

--
-- Table structure for table `tbl_high_list_owner`
--

DROP TABLE IF EXISTS `tbl_high_list_owner`;
/*!40101 SET @saved_cs_client     = @@character_set_client */;
/*!50503 SET character_set_client = utf8mb4 */;
CREATE TABLE `tbl_high_list_owner` (
  `owner_id` bigint(20) NOT NULL,
  `high_area_id` bigint(20) NOT NULL,
  `desc` varchar(256) DEFAULT NULL,
  `owned_at` datetime NOT NULL,
  `created_by` bigint(20) NOT NULL,
  `updated_by` bigint(20) NOT NULL,
  `created_at` datetime NOT NULL,
  `updated_at` datetime NOT NULL,
  PRIMARY KEY (`owner_id`,`high_area_id`),
  KEY `fk_highlistowner_higharea_idx` (`high_area_id`),
  CONSTRAINT `fk_highlistowner_higharea` FOREIGN KEY (`high_area_id`) REFERENCES `tbl_high_area` (`id`) ON DELETE NO ACTION ON UPDATE NO ACTION,
  CONSTRAINT `fk_highlistowner_profile` FOREIGN KEY (`owner_id`) REFERENCES `tbl_profile` (`id`) ON DELETE NO ACTION ON UPDATE NO ACTION
) ENGINE=InnoDB DEFAULT CHARSET=utf8mb4 COLLATE=utf8mb4_unicode_ci;
/*!40101 SET character_set_client = @saved_cs_client */;

--
-- Dumping data for table `tbl_high_list_owner`
--

LOCK TABLES `tbl_high_list_owner` WRITE;
/*!40000 ALTER TABLE `tbl_high_list_owner` DISABLE KEYS */;
INSERT INTO `tbl_high_list_owner` VALUES (2,2,'0','1989-12-31 17:00:00',13,13,'2023-11-02 22:03:31','2023-11-02 22:03:31');
/*!40000 ALTER TABLE `tbl_high_list_owner` ENABLE KEYS */;
UNLOCK TABLES;

--
-- Table structure for table `tbl_high_payment_process`
--

DROP TABLE IF EXISTS `tbl_high_payment_process`;
/*!40101 SET @saved_cs_client     = @@character_set_client */;
/*!50503 SET character_set_client = utf8mb4 */;
CREATE TABLE `tbl_high_payment_process` (
  `id` bigint(20) NOT NULL AUTO_INCREMENT,
  `high_area_id` bigint(20) NOT NULL,
  `payment_time` tinyint(4) NOT NULL,
  `amount_of_money` double NOT NULL,
  `amount_of_debt` double NOT NULL,
  `submitter` bigint(20) NOT NULL,
  `status` enum('indebted','done') NOT NULL,
  `created_by` bigint(20) NOT NULL,
  `updated_by` bigint(20) NOT NULL,
  `created_at` datetime NOT NULL,
  `updated_at` datetime NOT NULL,
  PRIMARY KEY (`id`),
  KEY `fk_highpaymentprocess_higharea_idx` (`high_area_id`),
  KEY `fk_highpaymentprocess_profile_idx` (`submitter`),
  CONSTRAINT `fk_highpaymentprocess_higharea` FOREIGN KEY (`high_area_id`) REFERENCES `tbl_high_area` (`id`) ON DELETE NO ACTION ON UPDATE NO ACTION,
  CONSTRAINT `fk_highpaymentprocess_profile` FOREIGN KEY (`submitter`) REFERENCES `tbl_profile` (`id`) ON DELETE NO ACTION ON UPDATE NO ACTION
) ENGINE=InnoDB AUTO_INCREMENT=9 DEFAULT CHARSET=utf8mb4 COLLATE=utf8mb4_unicode_ci;
/*!40101 SET character_set_client = @saved_cs_client */;

--
-- Dumping data for table `tbl_high_payment_process`
--

LOCK TABLES `tbl_high_payment_process` WRITE;
/*!40000 ALTER TABLE `tbl_high_payment_process` DISABLE KEYS */;
INSERT INTO `tbl_high_payment_process` VALUES (3,2,0,1,0,2,'',13,13,'2023-11-03 06:53:07','2023-11-03 07:10:38'),(5,4,0,0,0,2,'',13,13,'2023-12-28 15:25:53','2023-12-28 15:25:53'),(6,5,0,0,0,2,'',13,13,'2023-12-28 15:26:21','2023-12-28 15:26:21'),(7,6,0,0,0,2,'',13,13,'2023-12-29 09:59:55','2023-12-29 09:59:55'),(8,7,0,0,0,2,'',13,13,'2023-12-29 10:02:30','2023-12-29 10:02:30');
/*!40000 ALTER TABLE `tbl_high_payment_process` ENABLE KEYS */;
UNLOCK TABLES;

--
-- Table structure for table `tbl_high_sale_list`
--

DROP TABLE IF EXISTS `tbl_high_sale_list`;
/*!40101 SET @saved_cs_client     = @@character_set_client */;
/*!50503 SET character_set_client = utf8mb4 */;
CREATE TABLE `tbl_high_sale_list` (
  `id` bigint(20) NOT NULL AUTO_INCREMENT,
  `sale_id` bigint(20) NOT NULL,
  `manager_sale_id` bigint(20) NOT NULL,
  `high_area_id` bigint(20) NOT NULL,
  `desc` varchar(256) DEFAULT NULL,
  `status` enum('enable','disable') NOT NULL,
  `created_by` bigint(20) NOT NULL,
  `updated_by` bigint(20) NOT NULL,
  `created_at` datetime NOT NULL,
  `updated_at` datetime NOT NULL,
  PRIMARY KEY (`id`),
  KEY `fk_highsalelist_higharea_idx` (`high_area_id`),
  KEY `fk_highsalelist_profile1_idx` (`sale_id`),
  KEY `fk_highsalelist_profile2_idx` (`manager_sale_id`),
  CONSTRAINT `fk_highsalelist_higharea` FOREIGN KEY (`high_area_id`) REFERENCES `tbl_high_area` (`id`) ON DELETE NO ACTION ON UPDATE NO ACTION,
  CONSTRAINT `fk_highsalelist_profile1` FOREIGN KEY (`sale_id`) REFERENCES `tbl_profile` (`id`) ON DELETE NO ACTION ON UPDATE NO ACTION,
  CONSTRAINT `fk_highsalelist_profile2` FOREIGN KEY (`manager_sale_id`) REFERENCES `tbl_profile` (`id`) ON DELETE NO ACTION ON UPDATE NO ACTION
) ENGINE=InnoDB AUTO_INCREMENT=5 DEFAULT CHARSET=utf8mb4 COLLATE=utf8mb4_unicode_ci;
/*!40101 SET character_set_client = @saved_cs_client */;

--
-- Dumping data for table `tbl_high_sale_list`
--

LOCK TABLES `tbl_high_sale_list` WRITE;
/*!40000 ALTER TABLE `tbl_high_sale_list` DISABLE KEYS */;
INSERT INTO `tbl_high_sale_list` VALUES (3,2,2,2,'a','disable',13,13,'2023-11-02 09:03:10','2023-11-02 20:50:23'),(4,2,2,2,'a','disable',13,13,'2023-11-02 21:15:06','2023-11-02 21:15:06');
/*!40000 ALTER TABLE `tbl_high_sale_list` ENABLE KEYS */;
UNLOCK TABLES;

--
-- Table structure for table `tbl_land_area`
--

DROP TABLE IF EXISTS `tbl_land_area`;
/*!40101 SET @saved_cs_client     = @@character_set_client */;
/*!50503 SET character_set_client = utf8mb4 */;
CREATE TABLE `tbl_land_area` (
  `id` bigint(20) NOT NULL AUTO_INCREMENT,
  `zone_id` bigint(20) NOT NULL,
  `land_direction` varchar(256) NOT NULL,
  `is_front` varchar(5) NOT NULL,
  `lat` float NOT NULL DEFAULT 0,
  `long` float NOT NULL DEFAULT 0,
  `building_area` float NOT NULL,
  `total_area` float DEFAULT NULL,
  `progress` tinyint(4) DEFAULT 100,
  `number_of_room` int(11) NOT NULL,
  `number_of_floor` int(11) NOT NULL,
  `number_of_wc` int(11) NOT NULL,
  `price` double NOT NULL DEFAULT 0,
  `owner` bigint(20) DEFAULT NULL,
  `buy_status` enum('booked','deal','not booked') NOT NULL DEFAULT 'not booked',
  `desc` varchar(256) DEFAULT NULL,
  `started_day` datetime NOT NULL,
  `created_by` bigint(20) NOT NULL,
  `updated_by` bigint(20) NOT NULL,
  `created_at` datetime NOT NULL,
  `updated_at` datetime NOT NULL,
  `deleted` enum('true','false') NOT NULL,
  `design_code` varchar(45) NOT NULL,
  `type` enum('shophouse','boutique villa','single villa','semi-detached villa','premium') NOT NULL,
  PRIMARY KEY (`id`),
  KEY `fk_landarea_project_idx` (`zone_id`),
  CONSTRAINT `fk_landarea_zone` FOREIGN KEY (`zone_id`) REFERENCES `tbl_zone` (`id`) ON DELETE NO ACTION ON UPDATE NO ACTION
) ENGINE=InnoDB AUTO_INCREMENT=2724 DEFAULT CHARSET=utf8mb3 COLLATE=utf8mb3_bin;
/*!40101 SET character_set_client = @saved_cs_client */;

--
-- Dumping data for table `tbl_land_area`
--

LOCK TABLES `tbl_land_area` WRITE;
/*!40000 ALTER TABLE `tbl_land_area` DISABLE KEYS */;
INSERT INTO `tbl_land_area` VALUES (1,3,'a','false',0,0,0,1,0,0,0,0,0,13,'not booked',NULL,'0000-00-00 00:00:00',13,13,'2023-08-09 08:03:51','2023-08-09 08:03:51','true','',''),(2,3,'b','false',0,0,0,1,0,0,0,0,0,13,'not booked',NULL,'0000-00-00 00:00:00',13,13,'2023-08-11 10:34:53','2024-03-26 16:17:00','true','',''),(4,3,'a','false',0,0,0,23,0,0,0,0,0,13,'not booked','1234','0000-00-00 00:00:00',13,13,'2023-12-29 10:08:54','2024-03-26 13:17:12','false','',''),(5,3,'a','false',0,0,0,1,0,0,0,0,0,13,'not booked','efefefefabcd','0000-00-00 00:00:00',13,13,'2023-12-29 10:10:18','2024-05-12 16:16:40','true','',''),(6,45,'a','false',0,0,0,1,0,0,0,0,0,46,'not booked',NULL,'0000-00-00 00:00:00',46,46,'2024-04-24 11:12:05','2024-05-12 16:24:08','false','',''),(7,45,'a','false',0,0,0,1,0,0,0,0,0,46,'not booked',NULL,'0000-00-00 00:00:00',46,46,'2024-04-24 11:12:58','2024-05-12 16:28:30','false','',''),(776,51,'1','30m',0,0,282,0,100,11,5,5,15,46,'not booked','NX-LP-72','2024-05-15 07:00:00',46,46,'2024-05-15 07:00:00','2024-05-15 07:00:00','','NULL','shophouse'),(777,51,'1','30m',0,0,186,0,100,11,5,5,15,46,'not booked','NX-LP-74','2024-05-15 07:00:00',46,46,'2024-05-15 07:00:00','2024-05-15 07:00:00','','NULL','shophouse'),(778,51,'1','30m',0,0,185,0,100,11,5,5,15,46,'not booked','NX-LP-76','2024-05-15 07:00:00',46,46,'2024-05-15 07:00:00','2024-05-15 07:00:00','','NULL','shophouse'),(779,51,'1','30m',0,0,184,0,100,11,5,5,15,46,'not booked','NX-LP-78','2024-05-15 07:00:00',46,46,'2024-05-15 07:00:00','2024-05-15 07:00:00','','NULL','shophouse'),(780,51,'1','30m',0,0,183,0,100,11,5,5,15,46,'not booked','NX-LP-80','2024-05-15 07:00:00',46,46,'2024-05-15 07:00:00','2024-05-15 07:00:00','','NULL','shophouse'),(781,51,'1','30m',0,0,226,0,100,11,5,5,15,46,'not booked','NX-LP-82','2024-05-15 07:00:00',46,46,'2024-05-15 07:00:00','2024-05-15 07:00:00','','NULL','shophouse'),(782,51,'1','30m',0,0,220,0,100,11,5,5,15,46,'not booked','NX-LP-84','2024-05-15 07:00:00',46,46,'2024-05-15 07:00:00','2024-05-15 07:00:00','','NULL','shophouse'),(783,51,'1','30m',0,0,176,0,100,11,5,5,15,46,'not booked','NX-LP-86','2024-05-15 07:00:00',46,46,'2024-05-15 07:00:00','2024-05-15 07:00:00','','NULL','shophouse'),(784,51,'1','30m',0,0,176,0,100,11,5,5,15,46,'not booked','NX-LP-88','2024-05-15 07:00:00',46,46,'2024-05-15 07:00:00','2024-05-15 07:00:00','','NULL','shophouse'),(785,51,'1','30m',0,0,176,0,100,11,5,5,15,46,'not booked','NX-LP-90','2024-05-15 07:00:00',46,46,'2024-05-15 07:00:00','2024-05-15 07:00:00','','NULL','shophouse'),(786,51,'1','30m',0,0,176,0,100,11,5,5,15,46,'not booked','NX-LP-92','2024-05-15 07:00:00',46,46,'2024-05-15 07:00:00','2024-05-15 07:00:00','','NULL','shophouse'),(787,51,'1','30m',0,0,176,0,100,11,5,5,15,46,'not booked','NX-LP-94','2024-05-15 07:00:00',46,46,'2024-05-15 07:00:00','2024-05-15 07:00:00','','NULL','shophouse'),(788,51,'1','30m',0,0,176,0,100,11,5,5,15,46,'not booked','NX-LP-96','2024-05-15 07:00:00',46,46,'2024-05-15 07:00:00','2024-05-15 07:00:00','','NULL','shophouse'),(789,51,'1','30m',0,0,176,0,100,11,5,5,15,46,'not booked','NX-LP-98','2024-05-15 07:00:00',46,46,'2024-05-15 07:00:00','2024-05-15 07:00:00','','NULL','shophouse'),(790,51,'1','30m',0,0,220,0,100,11,5,5,15,46,'not booked','NX-LP-100','2024-05-15 07:00:00',46,46,'2024-05-15 07:00:00','2024-05-15 07:00:00','','NULL','shophouse'),(791,51,'1','30m',0,0,220,0,100,11,5,5,15,46,'not booked','NX-LP-102','2024-05-15 07:00:00',46,46,'2024-05-15 07:00:00','2024-05-15 07:00:00','','NULL','shophouse'),(792,51,'1','30m',0,0,176,0,100,11,5,5,15,46,'not booked','NX-LP-104','2024-05-15 07:00:00',46,46,'2024-05-15 07:00:00','2024-05-15 07:00:00','','NULL','shophouse'),(793,51,'1','30m',0,0,176,0,100,11,5,5,15,46,'not booked','NX-LP-106','2024-05-15 07:00:00',46,46,'2024-05-15 07:00:00','2024-05-15 07:00:00','','NULL','shophouse'),(794,51,'1','30m',0,0,176,0,100,11,5,5,15,46,'not booked','NX-LP-108','2024-05-15 07:00:00',46,46,'2024-05-15 07:00:00','2024-05-15 07:00:00','','NULL','shophouse'),(795,51,'1','30m',0,0,176,0,100,11,5,5,15,46,'not booked','NX-LP-110','2024-05-15 07:00:00',46,46,'2024-05-15 07:00:00','2024-05-15 07:00:00','','NULL','shophouse'),(796,51,'1','30m',0,0,176,0,100,11,5,5,15,46,'not booked','NX-LP-112','2024-05-15 07:00:00',46,46,'2024-05-15 07:00:00','2024-05-15 07:00:00','','NULL','shophouse'),(797,51,'1','30m',0,0,176,0,100,11,5,5,15,46,'not booked','NX-LP-114','2024-05-15 07:00:00',46,46,'2024-05-15 07:00:00','2024-05-15 07:00:00','','NULL','shophouse'),(798,51,'1','30m',0,0,176,0,100,11,5,5,15,46,'not booked','NX-LP-116','2024-05-15 07:00:00',46,46,'2024-05-15 07:00:00','2024-05-15 07:00:00','','NULL','shophouse'),(799,51,'1','30m',0,0,220,0,100,11,5,5,15,46,'not booked','NX-LP-118','2024-05-15 07:00:00',46,46,'2024-05-15 07:00:00','2024-05-15 07:00:00','','NULL','shophouse'),(800,51,'1','30m',0,0,220,0,100,11,5,5,15,46,'not booked','NX-LP-120','2024-05-15 07:00:00',46,46,'2024-05-15 07:00:00','2024-05-15 07:00:00','','NULL','shophouse'),(801,51,'1','30m',0,0,176,0,100,11,5,5,15,46,'not booked','NX-LP-122','2024-05-15 07:00:00',46,46,'2024-05-15 07:00:00','2024-05-15 07:00:00','','NULL','shophouse'),(802,51,'1','30m',0,0,176,0,100,11,5,5,15,46,'not booked','NX-LP-124','2024-05-15 07:00:00',46,46,'2024-05-15 07:00:00','2024-05-15 07:00:00','','NULL','shophouse'),(803,51,'1','30m',0,0,176,0,100,11,5,5,15,46,'not booked','NX-LP-126','2024-05-15 07:00:00',46,46,'2024-05-15 07:00:00','2024-05-15 07:00:00','','NULL','shophouse'),(804,51,'1','30m',0,0,176,0,100,11,5,5,15,46,'not booked','NX-LP-128','2024-05-15 07:00:00',46,46,'2024-05-15 07:00:00','2024-05-15 07:00:00','','NULL','shophouse'),(805,51,'1','30m',0,0,176,0,100,11,5,5,15,46,'not booked','M4-50','2024-05-15 07:00:00',46,46,'2024-05-15 07:00:00','2024-05-15 07:00:00','','NULL','shophouse'),(806,51,'1','30m',0,0,176,0,100,11,5,5,15,46,'not booked','M4-52','2024-05-15 07:00:00',46,46,'2024-05-15 07:00:00','2024-05-15 07:00:00','','NULL','shophouse'),(807,51,'1','30m',0,0,176,0,100,11,5,5,15,46,'not booked','M4-54','2024-05-15 07:00:00',46,46,'2024-05-15 07:00:00','2024-05-15 07:00:00','','NULL','shophouse'),(808,51,'1','30m',0,0,176,0,100,11,5,5,15,46,'not booked','M4-56','2024-05-15 07:00:00',46,46,'2024-05-15 07:00:00','2024-05-15 07:00:00','','NULL','shophouse'),(809,51,'1','30m',0,0,176,0,100,11,5,5,15,46,'not booked','M4-58','2024-05-15 07:00:00',46,46,'2024-05-15 07:00:00','2024-05-15 07:00:00','','NULL','shophouse'),(810,51,'1','30m',0,0,220,0,100,11,5,5,15,46,'not booked','M4-60','2024-05-15 07:00:00',46,46,'2024-05-15 07:00:00','2024-05-15 07:00:00','','NULL','shophouse'),(811,51,'1','30m',0,0,220,0,100,11,5,5,15,46,'not booked','M4-62','2024-05-15 07:00:00',46,46,'2024-05-15 07:00:00','2024-05-15 07:00:00','','NULL','shophouse'),(812,51,'1','30m',0,0,176,0,100,11,5,5,15,46,'not booked','M4-64','2024-05-15 07:00:00',46,46,'2024-05-15 07:00:00','2024-05-15 07:00:00','','NULL','shophouse'),(813,51,'1','30m',0,0,176,0,100,11,5,5,15,46,'not booked','M4-66','2024-05-15 07:00:00',46,46,'2024-05-15 07:00:00','2024-05-15 07:00:00','','NULL','shophouse'),(814,51,'1','30m',0,0,176,0,100,11,5,5,15,46,'not booked','M4-68','2024-05-15 07:00:00',46,46,'2024-05-15 07:00:00','2024-05-15 07:00:00','','NULL','shophouse'),(815,51,'1','30m',0,0,176,0,100,11,5,5,15,46,'not booked','M4-70','2024-05-15 07:00:00',46,46,'2024-05-15 07:00:00','2024-05-15 07:00:00','','NULL','shophouse'),(816,51,'1','30m',0,0,176,0,100,11,5,5,15,46,'not booked','M4-72','2024-05-15 07:00:00',46,46,'2024-05-15 07:00:00','2024-05-15 07:00:00','','NULL','shophouse'),(817,51,'1','30m',0,0,176,0,100,11,5,5,15,46,'not booked','M4-74','2024-05-15 07:00:00',46,46,'2024-05-15 07:00:00','2024-05-15 07:00:00','','NULL','shophouse'),(818,51,'1','30m',0,0,176,0,100,11,5,5,15,46,'not booked','M4-76','2024-05-15 07:00:00',46,46,'2024-05-15 07:00:00','2024-05-15 07:00:00','','NULL','shophouse'),(819,51,'1','30m',0,0,220,0,100,11,5,5,15,46,'not booked','M4-78','2024-05-15 07:00:00',46,46,'2024-05-15 07:00:00','2024-05-15 07:00:00','','NULL','shophouse'),(820,51,'1','30m',0,0,220,0,100,11,5,5,15,46,'not booked','M4-80','2024-05-15 07:00:00',46,46,'2024-05-15 07:00:00','2024-05-15 07:00:00','','NULL','shophouse'),(821,51,'1','30m',0,0,176,0,100,11,5,5,15,46,'not booked','M4-82','2024-05-15 07:00:00',46,46,'2024-05-15 07:00:00','2024-05-15 07:00:00','','NULL','shophouse'),(822,51,'1','30m',0,0,176,0,100,11,5,5,15,46,'not booked','M4-84','2024-05-15 07:00:00',46,46,'2024-05-15 07:00:00','2024-05-15 07:00:00','','NULL','shophouse'),(823,51,'1','30m',0,0,176,0,100,11,5,5,15,46,'not booked','M4-86','2024-05-15 07:00:00',46,46,'2024-05-15 07:00:00','2024-05-15 07:00:00','','NULL','shophouse'),(824,51,'1','30m',0,0,176,0,100,11,5,5,15,46,'not booked','M4-88','2024-05-15 07:00:00',46,46,'2024-05-15 07:00:00','2024-05-15 07:00:00','','NULL','shophouse'),(825,51,'1','30m',0,0,176,0,100,11,5,5,15,46,'not booked','M4-90','2024-05-15 07:00:00',46,46,'2024-05-15 07:00:00','2024-05-15 07:00:00','','NULL','shophouse'),(826,51,'1','30m',0,0,176,0,100,11,5,5,15,46,'not booked','M4-92','2024-05-15 07:00:00',46,46,'2024-05-15 07:00:00','2024-05-15 07:00:00','','NULL','shophouse'),(827,51,'1','30m',0,0,176,0,100,11,5,5,15,46,'not booked','M4-94','2024-05-15 07:00:00',46,46,'2024-05-15 07:00:00','2024-05-15 07:00:00','','NULL','shophouse'),(828,51,'1','30m',0,0,220,0,100,11,5,5,15,46,'not booked','M4-96','2024-05-15 07:00:00',46,46,'2024-05-15 07:00:00','2024-05-15 07:00:00','','NULL','shophouse'),(829,51,'1','30m',0,0,220,0,100,11,5,5,15,46,'not booked','M4-98','2024-05-15 07:00:00',46,46,'2024-05-15 07:00:00','2024-05-15 07:00:00','','NULL','shophouse'),(830,51,'1','30m',0,0,176,0,100,11,5,5,15,46,'not booked','M4-100','2024-05-15 07:00:00',46,46,'2024-05-15 07:00:00','2024-05-15 07:00:00','','NULL','shophouse'),(831,51,'1','30m',0,0,176,0,100,11,5,5,15,46,'not booked','M4-102','2024-05-15 07:00:00',46,46,'2024-05-15 07:00:00','2024-05-15 07:00:00','','NULL','shophouse'),(832,51,'1','30m',0,0,176,0,100,11,5,5,15,46,'not booked','M4-104','2024-05-15 07:00:00',46,46,'2024-05-15 07:00:00','2024-05-15 07:00:00','','NULL','shophouse'),(833,51,'1','30m',0,0,156,0,100,11,5,5,15,46,'not booked','M4-106','2024-05-15 07:00:00',46,46,'2024-05-15 07:00:00','2024-05-15 07:00:00','','NULL','shophouse'),(834,51,'1','30m',0,0,234,0,100,11,5,5,15,46,'not booked','M4-108','2024-05-15 07:00:00',46,46,'2024-05-15 07:00:00','2024-05-15 07:00:00','','NULL','shophouse'),(835,51,'1','30m',0,0,108,0,100,11,5,5,15,46,'not booked','M2-04','2024-05-15 07:00:00',46,46,'2024-05-15 07:00:00','2024-05-15 07:00:00','','NULL','shophouse'),(836,51,'1','30m',0,0,84,0,100,11,5,5,15,46,'not booked','M2-06','2024-05-15 07:00:00',46,46,'2024-05-15 07:00:00','2024-05-15 07:00:00','','NULL','shophouse'),(837,51,'1','30m',0,0,84,0,100,11,5,5,15,46,'not booked','M2-08','2024-05-15 07:00:00',46,46,'2024-05-15 07:00:00','2024-05-15 07:00:00','','NULL','shophouse'),(838,51,'1','30m',0,0,84,0,100,11,5,5,15,46,'not booked','M2-10','2024-05-15 07:00:00',46,46,'2024-05-15 07:00:00','2024-05-15 07:00:00','','NULL','shophouse'),(839,51,'1','30m',0,0,84,0,100,11,5,5,15,46,'not booked','M2-12','2024-05-15 07:00:00',46,46,'2024-05-15 07:00:00','2024-05-15 07:00:00','','NULL','shophouse'),(840,51,'1','30m',0,0,84,0,100,11,5,5,15,46,'not booked','M2-14','2024-05-15 07:00:00',46,46,'2024-05-15 07:00:00','2024-05-15 07:00:00','','NULL','shophouse'),(841,51,'1','30m',0,0,84,0,100,11,5,5,15,46,'not booked','M2-16','2024-05-15 07:00:00',46,46,'2024-05-15 07:00:00','2024-05-15 07:00:00','','NULL','shophouse'),(842,51,'1','30m',0,0,84,0,100,11,5,5,15,46,'not booked','M2-18','2024-05-15 07:00:00',46,46,'2024-05-15 07:00:00','2024-05-15 07:00:00','','NULL','shophouse'),(843,51,'1','30m',0,0,108,0,100,11,5,5,15,46,'not booked','M2-20','2024-05-15 07:00:00',46,46,'2024-05-15 07:00:00','2024-05-15 07:00:00','','NULL','shophouse'),(844,51,'1','30m',0,0,96,0,100,11,5,5,15,46,'not booked','M4-11','2024-05-15 07:00:00',46,46,'2024-05-15 07:00:00','2024-05-15 07:00:00','','NULL','shophouse'),(845,51,'1','30m',0,0,96,0,100,11,5,5,15,46,'not booked','M4-13','2024-05-15 07:00:00',46,46,'2024-05-15 07:00:00','2024-05-15 07:00:00','','NULL','shophouse'),(846,51,'1','30m',0,0,96,0,100,11,5,5,15,46,'not booked','M4-15','2024-05-15 07:00:00',46,46,'2024-05-15 07:00:00','2024-05-15 07:00:00','','NULL','shophouse'),(847,51,'1','30m',0,0,96,0,100,11,5,5,15,46,'not booked','M4-17','2024-05-15 07:00:00',46,46,'2024-05-15 07:00:00','2024-05-15 07:00:00','','NULL','shophouse'),(848,51,'1','30m',0,0,120,0,100,11,5,5,15,46,'not booked','M4-19','2024-05-15 07:00:00',46,46,'2024-05-15 07:00:00','2024-05-15 07:00:00','','NULL','shophouse'),(849,51,'1','30m',0,0,120,0,100,11,5,5,15,46,'not booked','M4-21','2024-05-15 07:00:00',46,46,'2024-05-15 07:00:00','2024-05-15 07:00:00','','NULL','shophouse'),(850,51,'1','30m',0,0,96,0,100,11,5,5,15,46,'not booked','M4-23','2024-05-15 07:00:00',46,46,'2024-05-15 07:00:00','2024-05-15 07:00:00','','NULL','shophouse'),(851,51,'1','30m',0,0,96,0,100,11,5,5,15,46,'not booked','M4-25','2024-05-15 07:00:00',46,46,'2024-05-15 07:00:00','2024-05-15 07:00:00','','NULL','shophouse'),(852,51,'1','30m',0,0,96,0,100,11,5,5,15,46,'not booked','M4-27','2024-05-15 07:00:00',46,46,'2024-05-15 07:00:00','2024-05-15 07:00:00','','NULL','shophouse'),(853,51,'1','30m',0,0,96,0,100,11,5,5,15,46,'not booked','M4-29','2024-05-15 07:00:00',46,46,'2024-05-15 07:00:00','2024-05-15 07:00:00','','NULL','shophouse'),(854,51,'1','30m',0,0,96,0,100,11,5,5,15,46,'not booked','M4-31','2024-05-15 07:00:00',46,46,'2024-05-15 07:00:00','2024-05-15 07:00:00','','NULL','shophouse'),(855,51,'1','30m',0,0,120,0,100,11,5,5,15,46,'not booked','M4-33','2024-05-15 07:00:00',46,46,'2024-05-15 07:00:00','2024-05-15 07:00:00','','NULL','shophouse'),(856,51,'1','30m',0,0,120,0,100,11,5,5,15,46,'not booked','M4-35','2024-05-15 07:00:00',46,46,'2024-05-15 07:00:00','2024-05-15 07:00:00','','NULL','shophouse'),(857,51,'1','30m',0,0,96,0,100,11,5,5,15,46,'not booked','M4-37','2024-05-15 07:00:00',46,46,'2024-05-15 07:00:00','2024-05-15 07:00:00','','NULL','shophouse'),(858,51,'1','30m',0,0,96,0,100,11,5,5,15,46,'not booked','M4-39','2024-05-15 07:00:00',46,46,'2024-05-15 07:00:00','2024-05-15 07:00:00','','NULL','shophouse'),(859,51,'1','30m',0,0,96,0,100,11,5,5,15,46,'not booked','M4-41','2024-05-15 07:00:00',46,46,'2024-05-15 07:00:00','2024-05-15 07:00:00','','NULL','shophouse'),(860,51,'1','30m',0,0,96,0,100,11,5,5,15,46,'not booked','M4-43','2024-05-15 07:00:00',46,46,'2024-05-15 07:00:00','2024-05-15 07:00:00','','NULL','shophouse'),(861,51,'1','30m',0,0,96,0,100,11,5,5,15,46,'not booked','M4-45','2024-05-15 07:00:00',46,46,'2024-05-15 07:00:00','2024-05-15 07:00:00','','NULL','shophouse'),(862,51,'1','30m',0,0,96,0,100,11,5,5,15,46,'not booked','M4-47','2024-05-15 07:00:00',46,46,'2024-05-15 07:00:00','2024-05-15 07:00:00','','NULL','shophouse'),(863,51,'1','30m',0,0,120,0,100,11,5,5,15,46,'not booked','M4-49','2024-05-15 07:00:00',46,46,'2024-05-15 07:00:00','2024-05-15 07:00:00','','NULL','shophouse'),(864,51,'1','30m',0,0,96,0,100,11,5,5,15,46,'not booked','M4-51','2024-05-15 07:00:00',46,46,'2024-05-15 07:00:00','2024-05-15 07:00:00','','NULL','shophouse'),(865,51,'1','30m',0,0,96,0,100,11,5,5,15,46,'not booked','M4-53','2024-05-15 07:00:00',46,46,'2024-05-15 07:00:00','2024-05-15 07:00:00','','NULL','shophouse'),(866,51,'1','30m',0,0,96,0,100,11,5,5,15,46,'not booked','M4-55','2024-05-15 07:00:00',46,46,'2024-05-15 07:00:00','2024-05-15 07:00:00','','NULL','shophouse'),(867,51,'1','30m',0,0,144,0,100,11,5,5,15,46,'not booked','T15-02','2024-05-15 07:00:00',46,46,'2024-05-15 07:00:00','2024-05-15 07:00:00','','NULL','shophouse'),(868,51,'1','30m',0,0,144,0,100,11,5,5,15,46,'not booked','T15-04','2024-05-15 07:00:00',46,46,'2024-05-15 07:00:00','2024-05-15 07:00:00','','NULL','shophouse'),(869,51,'1','30m',0,0,144,0,100,11,5,5,15,46,'not booked','T15-06','2024-05-15 07:00:00',46,46,'2024-05-15 07:00:00','2024-05-15 07:00:00','','NULL','shophouse'),(870,51,'1','30m',0,0,144,0,100,11,5,5,15,46,'not booked','T15-08','2024-05-15 07:00:00',46,46,'2024-05-15 07:00:00','2024-05-15 07:00:00','','NULL','shophouse'),(871,51,'1','30m',0,0,180,0,100,11,5,5,15,46,'not booked','T15-10','2024-05-15 07:00:00',46,46,'2024-05-15 07:00:00','2024-05-15 07:00:00','','NULL','shophouse'),(872,51,'1','30m',0,0,180,0,100,11,5,5,15,46,'not booked','T15-12','2024-05-15 07:00:00',46,46,'2024-05-15 07:00:00','2024-05-15 07:00:00','','NULL','shophouse'),(873,51,'1','30m',0,0,144,0,100,11,5,5,15,46,'not booked','T15-14','2024-05-15 07:00:00',46,46,'2024-05-15 07:00:00','2024-05-15 07:00:00','','NULL','shophouse'),(874,51,'1','30m',0,0,144,0,100,11,5,5,15,46,'not booked','T15-16','2024-05-15 07:00:00',46,46,'2024-05-15 07:00:00','2024-05-15 07:00:00','','NULL','shophouse'),(875,51,'1','30m',0,0,144,0,100,11,5,5,15,46,'not booked','T15-18','2024-05-15 07:00:00',46,46,'2024-05-15 07:00:00','2024-05-15 07:00:00','','NULL','shophouse'),(876,51,'1','30m',0,0,144,0,100,11,5,5,15,46,'not booked','T15-20','2024-05-15 07:00:00',46,46,'2024-05-15 07:00:00','2024-05-15 07:00:00','','NULL','shophouse'),(877,51,'1','30m',0,0,144,0,100,11,5,5,15,46,'not booked','T15-22','2024-05-15 07:00:00',46,46,'2024-05-15 07:00:00','2024-05-15 07:00:00','','NULL','shophouse'),(878,51,'1','30m',0,0,180,0,100,11,5,5,15,46,'not booked','T15-24','2024-05-15 07:00:00',46,46,'2024-05-15 07:00:00','2024-05-15 07:00:00','','NULL','shophouse'),(879,51,'1','30m',0,0,180,0,100,11,5,5,15,46,'not booked','T15-26','2024-05-15 07:00:00',46,46,'2024-05-15 07:00:00','2024-05-15 07:00:00','','NULL','shophouse'),(880,51,'1','30m',0,0,144,0,100,11,5,5,15,46,'not booked','T15-28','2024-05-15 07:00:00',46,46,'2024-05-15 07:00:00','2024-05-15 07:00:00','','NULL','shophouse'),(881,51,'1','30m',0,0,144,0,100,11,5,5,15,46,'not booked','T15-30','2024-05-15 07:00:00',46,46,'2024-05-15 07:00:00','2024-05-15 07:00:00','','NULL','shophouse'),(882,51,'1','30m',0,0,144,0,100,11,5,5,15,46,'not booked','T15-32','2024-05-15 07:00:00',46,46,'2024-05-15 07:00:00','2024-05-15 07:00:00','','NULL','shophouse'),(883,51,'1','30m',0,0,144,0,100,11,5,5,15,46,'not booked','T15-34','2024-05-15 07:00:00',46,46,'2024-05-15 07:00:00','2024-05-15 07:00:00','','NULL','shophouse'),(884,51,'1','30m',0,0,144,0,100,11,5,5,15,46,'not booked','T15-36','2024-05-15 07:00:00',46,46,'2024-05-15 07:00:00','2024-05-15 07:00:00','','NULL','shophouse'),(885,51,'1','30m',0,0,144,0,100,11,5,5,15,46,'not booked','T15-38','2024-05-15 07:00:00',46,46,'2024-05-15 07:00:00','2024-05-15 07:00:00','','NULL','shophouse'),(886,51,'1','30m',0,0,180,0,100,11,5,5,15,46,'not booked','T15-40','2024-05-15 07:00:00',46,46,'2024-05-15 07:00:00','2024-05-15 07:00:00','','NULL','shophouse'),(887,51,'1','30m',0,0,144,0,100,11,5,5,15,46,'not booked','T15-42','2024-05-15 07:00:00',46,46,'2024-05-15 07:00:00','2024-05-15 07:00:00','','NULL','shophouse'),(888,51,'1','30m',0,0,144,0,100,11,5,5,15,46,'not booked','T15-44','2024-05-15 07:00:00',46,46,'2024-05-15 07:00:00','2024-05-15 07:00:00','','NULL','shophouse'),(889,51,'1','30m',0,0,144,0,100,11,5,5,15,46,'not booked','T15-46','2024-05-15 07:00:00',46,46,'2024-05-15 07:00:00','2024-05-15 07:00:00','','NULL','shophouse'),(890,51,'1','30m',0,0,162,0,100,11,5,5,15,46,'not booked','T7-02','2024-05-15 07:00:00',46,46,'2024-05-15 07:00:00','2024-05-15 07:00:00','','NULL','shophouse'),(891,51,'1','30m',0,0,126,0,100,11,5,5,15,46,'not booked','T7-04','2024-05-15 07:00:00',46,46,'2024-05-15 07:00:00','2024-05-15 07:00:00','','NULL','shophouse'),(892,51,'1','30m',0,0,126,0,100,11,5,5,15,46,'not booked','T7-06','2024-05-15 07:00:00',46,46,'2024-05-15 07:00:00','2024-05-15 07:00:00','','NULL','shophouse'),(893,51,'1','30m',0,0,126,0,100,11,5,5,15,46,'not booked','T7-08','2024-05-15 07:00:00',46,46,'2024-05-15 07:00:00','2024-05-15 07:00:00','','NULL','shophouse'),(894,51,'1','30m',0,0,126,0,100,11,5,5,15,46,'not booked','T7-10','2024-05-15 07:00:00',46,46,'2024-05-15 07:00:00','2024-05-15 07:00:00','','NULL','shophouse'),(895,51,'1','30m',0,0,126,0,100,11,5,5,15,46,'not booked','T7-12','2024-05-15 07:00:00',46,46,'2024-05-15 07:00:00','2024-05-15 07:00:00','','NULL','shophouse'),(896,51,'1','30m',0,0,126,0,100,11,5,5,15,46,'not booked','T7-14','2024-05-15 07:00:00',46,46,'2024-05-15 07:00:00','2024-05-15 07:00:00','','NULL','shophouse'),(897,51,'1','30m',0,0,126,0,100,11,5,5,15,46,'not booked','T7-16','2024-05-15 07:00:00',46,46,'2024-05-15 07:00:00','2024-05-15 07:00:00','','NULL','shophouse'),(898,51,'1','30m',0,0,162,0,100,11,5,5,15,46,'not booked','T7-18','2024-05-15 07:00:00',46,46,'2024-05-15 07:00:00','2024-05-15 07:00:00','','NULL','shophouse'),(899,51,'1','30m',0,0,96,0,100,11,5,5,15,46,'not booked','T15-01','2024-05-15 07:00:00',46,46,'2024-05-15 07:00:00','2024-05-15 07:00:00','','NULL','shophouse'),(900,51,'1','30m',0,0,96,0,100,11,5,5,15,46,'not booked','T15-03','2024-05-15 07:00:00',46,46,'2024-05-15 07:00:00','2024-05-15 07:00:00','','NULL','shophouse'),(901,51,'1','30m',0,0,96,0,100,11,5,5,15,46,'not booked','T15-05','2024-05-15 07:00:00',46,46,'2024-05-15 07:00:00','2024-05-15 07:00:00','','NULL','shophouse'),(902,51,'1','30m',0,0,96,0,100,11,5,5,15,46,'not booked','T15-07','2024-05-15 07:00:00',46,46,'2024-05-15 07:00:00','2024-05-15 07:00:00','','NULL','shophouse'),(903,51,'1','30m',0,0,96,0,100,11,5,5,15,46,'not booked','T15-09','2024-05-15 07:00:00',46,46,'2024-05-15 07:00:00','2024-05-15 07:00:00','','NULL','shophouse'),(904,51,'1','30m',0,0,120,0,100,11,5,5,15,46,'not booked','T15-11','2024-05-15 07:00:00',46,46,'2024-05-15 07:00:00','2024-05-15 07:00:00','','NULL','shophouse'),(905,51,'1','30m',0,0,120,0,100,11,5,5,15,46,'not booked','T15-13','2024-05-15 07:00:00',46,46,'2024-05-15 07:00:00','2024-05-15 07:00:00','','NULL','shophouse'),(906,51,'1','30m',0,0,96,0,100,11,5,5,15,46,'not booked','T15-15','2024-05-15 07:00:00',46,46,'2024-05-15 07:00:00','2024-05-15 07:00:00','','NULL','shophouse'),(907,51,'1','30m',0,0,96,0,100,11,5,5,15,46,'not booked','T15-17','2024-05-15 07:00:00',46,46,'2024-05-15 07:00:00','2024-05-15 07:00:00','','NULL','shophouse'),(908,51,'1','30m',0,0,96,0,100,11,5,5,15,46,'not booked','T15-19','2024-05-15 07:00:00',46,46,'2024-05-15 07:00:00','2024-05-15 07:00:00','','NULL','shophouse'),(909,51,'1','30m',0,0,96,0,100,11,5,5,15,46,'not booked','T15-21','2024-05-15 07:00:00',46,46,'2024-05-15 07:00:00','2024-05-15 07:00:00','','NULL','shophouse'),(910,51,'1','30m',0,0,96,0,100,11,5,5,15,46,'not booked','T15-23','2024-05-15 07:00:00',46,46,'2024-05-15 07:00:00','2024-05-15 07:00:00','','NULL','shophouse'),(911,51,'1','30m',0,0,120,0,100,11,5,5,15,46,'not booked','T15-25','2024-05-15 07:00:00',46,46,'2024-05-15 07:00:00','2024-05-15 07:00:00','','NULL','shophouse'),(912,51,'1','30m',0,0,120,0,100,11,5,5,15,46,'not booked','T15-27','2024-05-15 07:00:00',46,46,'2024-05-15 07:00:00','2024-05-15 07:00:00','','NULL','shophouse'),(913,51,'1','30m',0,0,96,0,100,11,5,5,15,46,'not booked','T15-29','2024-05-15 07:00:00',46,46,'2024-05-15 07:00:00','2024-05-15 07:00:00','','NULL','shophouse'),(914,51,'1','30m',0,0,96,0,100,11,5,5,15,46,'not booked','T15-31','2024-05-15 07:00:00',46,46,'2024-05-15 07:00:00','2024-05-15 07:00:00','','NULL','shophouse'),(915,51,'1','30m',0,0,96,0,100,11,5,5,15,46,'not booked','T15-33','2024-05-15 07:00:00',46,46,'2024-05-15 07:00:00','2024-05-15 07:00:00','','NULL','shophouse'),(916,51,'1','30m',0,0,96,0,100,11,5,5,15,46,'not booked','T15-35','2024-05-15 07:00:00',46,46,'2024-05-15 07:00:00','2024-05-15 07:00:00','','NULL','shophouse'),(917,51,'1','30m',0,0,96,0,100,11,5,5,15,46,'not booked','T15-37','2024-05-15 07:00:00',46,46,'2024-05-15 07:00:00','2024-05-15 07:00:00','','NULL','shophouse'),(918,51,'1','30m',0,0,96,0,100,11,5,5,15,46,'not booked','T15-39','2024-05-15 07:00:00',46,46,'2024-05-15 07:00:00','2024-05-15 07:00:00','','NULL','shophouse'),(919,51,'1','30m',0,0,120,0,100,11,5,5,15,46,'not booked','T15-41','2024-05-15 07:00:00',46,46,'2024-05-15 07:00:00','2024-05-15 07:00:00','','NULL','shophouse'),(920,51,'1','30m',0,0,96,0,100,11,5,5,15,46,'not booked','T15-43','2024-05-15 07:00:00',46,46,'2024-05-15 07:00:00','2024-05-15 07:00:00','','NULL','shophouse'),(921,51,'1','30m',0,0,96,0,100,11,5,5,15,46,'not booked','T15-45','2024-05-15 07:00:00',46,46,'2024-05-15 07:00:00','2024-05-15 07:00:00','','NULL','shophouse'),(922,51,'1','30m',0,0,96,0,100,11,5,5,15,46,'not booked','T15-47','2024-05-15 07:00:00',46,46,'2024-05-15 07:00:00','2024-05-15 07:00:00','','NULL','shophouse'),(923,51,'1','30m',0,0,108,0,100,11,5,5,15,46,'not booked','T7-01','2024-05-15 07:00:00',46,46,'2024-05-15 07:00:00','2024-05-15 07:00:00','','NULL','shophouse'),(924,51,'1','30m',0,0,84,0,100,11,5,5,15,46,'not booked','T7-03','2024-05-15 07:00:00',46,46,'2024-05-15 07:00:00','2024-05-15 07:00:00','','NULL','shophouse'),(925,51,'1','30m',0,0,84,0,100,11,5,5,15,46,'not booked','T7-05','2024-05-15 07:00:00',46,46,'2024-05-15 07:00:00','2024-05-15 07:00:00','','NULL','shophouse'),(926,51,'1','30m',0,0,84,0,100,11,5,5,15,46,'not booked','T7-07','2024-05-15 07:00:00',46,46,'2024-05-15 07:00:00','2024-05-15 07:00:00','','NULL','shophouse'),(927,51,'1','30m',0,0,84,0,100,11,5,5,15,46,'not booked','T7-09','2024-05-15 07:00:00',46,46,'2024-05-15 07:00:00','2024-05-15 07:00:00','','NULL','shophouse'),(928,51,'1','30m',0,0,84,0,100,11,5,5,15,46,'not booked','T7-11','2024-05-15 07:00:00',46,46,'2024-05-15 07:00:00','2024-05-15 07:00:00','','NULL','shophouse'),(929,51,'1','30m',0,0,84,0,100,11,5,5,15,46,'not booked','T7-13','2024-05-15 07:00:00',46,46,'2024-05-15 07:00:00','2024-05-15 07:00:00','','NULL','shophouse'),(930,51,'1','30m',0,0,84,0,100,11,5,5,15,46,'not booked','T7-15','2024-05-15 07:00:00',46,46,'2024-05-15 07:00:00','2024-05-15 07:00:00','','NULL','shophouse'),(931,51,'1','30m',0,0,108,0,100,11,5,5,15,46,'not booked','T7-17','2024-05-15 07:00:00',46,46,'2024-05-15 07:00:00','2024-05-15 07:00:00','','NULL','shophouse'),(932,51,'1','30m',0,0,144,0,100,11,5,5,15,46,'not booked','T17-04','2024-05-15 07:00:00',46,46,'2024-05-15 07:00:00','2024-05-15 07:00:00','','NULL','shophouse'),(933,51,'1','30m',0,0,144,0,100,11,5,5,15,46,'not booked','T17-06','2024-05-15 07:00:00',46,46,'2024-05-15 07:00:00','2024-05-15 07:00:00','','NULL','shophouse'),(934,51,'1','30m',0,0,144,0,100,11,5,5,15,46,'not booked','T17-08','2024-05-15 07:00:00',46,46,'2024-05-15 07:00:00','2024-05-15 07:00:00','','NULL','shophouse'),(935,51,'1','30m',0,0,144,0,100,11,5,5,15,46,'not booked','T17-10','2024-05-15 07:00:00',46,46,'2024-05-15 07:00:00','2024-05-15 07:00:00','','NULL','shophouse'),(936,51,'1','30m',0,0,144,0,100,11,5,5,15,46,'not booked','T17-12','2024-05-15 07:00:00',46,46,'2024-05-15 07:00:00','2024-05-15 07:00:00','','NULL','shophouse'),(937,51,'1','30m',0,0,180,0,100,11,5,5,15,46,'not booked','T17-14','2024-05-15 07:00:00',46,46,'2024-05-15 07:00:00','2024-05-15 07:00:00','','NULL','shophouse'),(938,51,'1','30m',0,0,180,0,100,11,5,5,15,46,'not booked','T17-16','2024-05-15 07:00:00',46,46,'2024-05-15 07:00:00','2024-05-15 07:00:00','','NULL','shophouse'),(939,51,'1','30m',0,0,144,0,100,11,5,5,15,46,'not booked','T17-18','2024-05-15 07:00:00',46,46,'2024-05-15 07:00:00','2024-05-15 07:00:00','','NULL','shophouse'),(940,51,'1','30m',0,0,144,0,100,11,5,5,15,46,'not booked','T17-20','2024-05-15 07:00:00',46,46,'2024-05-15 07:00:00','2024-05-15 07:00:00','','NULL','shophouse'),(941,51,'1','30m',0,0,144,0,100,11,5,5,15,46,'not booked','T17-22','2024-05-15 07:00:00',46,46,'2024-05-15 07:00:00','2024-05-15 07:00:00','','NULL','shophouse'),(942,51,'1','30m',0,0,144,0,100,11,5,5,15,46,'not booked','T17-24','2024-05-15 07:00:00',46,46,'2024-05-15 07:00:00','2024-05-15 07:00:00','','NULL','shophouse'),(943,51,'1','30m',0,0,144,0,100,11,5,5,15,46,'not booked','T17-26','2024-05-15 07:00:00',46,46,'2024-05-15 07:00:00','2024-05-15 07:00:00','','NULL','shophouse'),(944,51,'1','30m',0,0,180,0,100,11,5,5,15,46,'not booked','T17-28','2024-05-15 07:00:00',46,46,'2024-05-15 07:00:00','2024-05-15 07:00:00','','NULL','shophouse'),(945,51,'1','30m',0,0,180,0,100,11,5,5,15,46,'not booked','T17-30','2024-05-15 07:00:00',46,46,'2024-05-15 07:00:00','2024-05-15 07:00:00','','NULL','shophouse'),(946,51,'1','30m',0,0,144,0,100,11,5,5,15,46,'not booked','T17-32','2024-05-15 07:00:00',46,46,'2024-05-15 07:00:00','2024-05-15 07:00:00','','NULL','shophouse'),(947,51,'1','30m',0,0,144,0,100,11,5,5,15,46,'not booked','T17-34','2024-05-15 07:00:00',46,46,'2024-05-15 07:00:00','2024-05-15 07:00:00','','NULL','shophouse'),(948,51,'1','30m',0,0,144,0,100,11,5,5,15,46,'not booked','T17-36','2024-05-15 07:00:00',46,46,'2024-05-15 07:00:00','2024-05-15 07:00:00','','NULL','shophouse'),(949,51,'1','30m',0,0,144,0,100,11,5,5,15,46,'not booked','T17-38','2024-05-15 07:00:00',46,46,'2024-05-15 07:00:00','2024-05-15 07:00:00','','NULL','shophouse'),(950,51,'1','30m',0,0,144,0,100,11,5,5,15,46,'not booked','T17-40','2024-05-15 07:00:00',46,46,'2024-05-15 07:00:00','2024-05-15 07:00:00','','NULL','shophouse'),(951,51,'1','30m',0,0,144,0,100,11,5,5,15,46,'not booked','T17-42','2024-05-15 07:00:00',46,46,'2024-05-15 07:00:00','2024-05-15 07:00:00','','NULL','shophouse'),(952,51,'1','30m',0,0,180,0,100,11,5,5,15,46,'not booked','T17-44','2024-05-15 07:00:00',46,46,'2024-05-15 07:00:00','2024-05-15 07:00:00','','NULL','shophouse'),(953,51,'1','30m',0,0,144,0,100,11,5,5,15,46,'not booked','T17-46','2024-05-15 07:00:00',46,46,'2024-05-15 07:00:00','2024-05-15 07:00:00','','NULL','shophouse'),(954,51,'1','30m',0,0,144,0,100,11,5,5,15,46,'not booked','T17-48','2024-05-15 07:00:00',46,46,'2024-05-15 07:00:00','2024-05-15 07:00:00','','NULL','shophouse'),(955,51,'1','30m',0,0,144,0,100,11,5,5,15,46,'not booked','T17-50','2024-05-15 07:00:00',46,46,'2024-05-15 07:00:00','2024-05-15 07:00:00','','NULL','shophouse'),(956,51,'1','30m',0,0,162,0,100,11,5,5,15,46,'not booked','T9-02','2024-05-15 07:00:00',46,46,'2024-05-15 07:00:00','2024-05-15 07:00:00','','NULL','shophouse'),(957,51,'1','30m',0,0,126,0,100,11,5,5,15,46,'not booked','T9-04','2024-05-15 07:00:00',46,46,'2024-05-15 07:00:00','2024-05-15 07:00:00','','NULL','shophouse'),(958,51,'1','30m',0,0,126,0,100,11,5,5,15,46,'not booked','T9-06','2024-05-15 07:00:00',46,46,'2024-05-15 07:00:00','2024-05-15 07:00:00','','NULL','shophouse'),(959,51,'1','30m',0,0,126,0,100,11,5,5,15,46,'not booked','T9-08','2024-05-15 07:00:00',46,46,'2024-05-15 07:00:00','2024-05-15 07:00:00','','NULL','shophouse'),(960,51,'1','30m',0,0,126,0,100,11,5,5,15,46,'not booked','T9-10','2024-05-15 07:00:00',46,46,'2024-05-15 07:00:00','2024-05-15 07:00:00','','NULL','shophouse'),(961,51,'1','30m',0,0,126,0,100,11,5,5,15,46,'not booked','T9-12','2024-05-15 07:00:00',46,46,'2024-05-15 07:00:00','2024-05-15 07:00:00','','NULL','shophouse'),(962,51,'1','30m',0,0,126,0,100,11,5,5,15,46,'not booked','T9-14','2024-05-15 07:00:00',46,46,'2024-05-15 07:00:00','2024-05-15 07:00:00','','NULL','shophouse'),(963,51,'1','30m',0,0,126,0,100,11,5,5,15,46,'not booked','T9-16','2024-05-15 07:00:00',46,46,'2024-05-15 07:00:00','2024-05-15 07:00:00','','NULL','shophouse'),(964,51,'1','30m',0,0,162,0,100,11,5,5,15,46,'not booked','T9-18','2024-05-15 07:00:00',46,46,'2024-05-15 07:00:00','2024-05-15 07:00:00','','NULL','shophouse'),(965,51,'1','30m',0,0,144,0,100,11,5,5,15,46,'not booked','T17-03','2024-05-15 07:00:00',46,46,'2024-05-15 07:00:00','2024-05-15 07:00:00','','NULL','shophouse'),(966,51,'1','30m',0,0,144,0,100,11,5,5,15,46,'not booked','T17-05','2024-05-15 07:00:00',46,46,'2024-05-15 07:00:00','2024-05-15 07:00:00','','NULL','shophouse'),(967,51,'1','30m',0,0,144,0,100,11,5,5,15,46,'not booked','T17-07','2024-05-15 07:00:00',46,46,'2024-05-15 07:00:00','2024-05-15 07:00:00','','NULL','shophouse'),(968,51,'1','30m',0,0,144,0,100,11,5,5,15,46,'not booked','T17-09','2024-05-15 07:00:00',46,46,'2024-05-15 07:00:00','2024-05-15 07:00:00','','NULL','shophouse'),(969,51,'1','30m',0,0,144,0,100,11,5,5,15,46,'not booked','T17-11','2024-05-15 07:00:00',46,46,'2024-05-15 07:00:00','2024-05-15 07:00:00','','NULL','shophouse'),(970,51,'1','30m',0,0,144,0,100,11,5,5,15,46,'not booked','T17-13','2024-05-15 07:00:00',46,46,'2024-05-15 07:00:00','2024-05-15 07:00:00','','NULL','shophouse'),(971,51,'1','30m',0,0,144,0,100,11,5,5,15,46,'not booked','T17-15','2024-05-15 07:00:00',46,46,'2024-05-15 07:00:00','2024-05-15 07:00:00','','NULL','shophouse'),(972,51,'1','30m',0,0,144,0,100,11,5,5,15,46,'not booked','T17-17','2024-05-15 07:00:00',46,46,'2024-05-15 07:00:00','2024-05-15 07:00:00','','NULL','shophouse'),(973,51,'1','30m',0,0,144,0,100,11,5,5,15,46,'not booked','T17-19','2024-05-15 07:00:00',46,46,'2024-05-15 07:00:00','2024-05-15 07:00:00','','NULL','shophouse'),(974,51,'1','30m',0,0,144,0,100,11,5,5,15,46,'not booked','T17-21','2024-05-15 07:00:00',46,46,'2024-05-15 07:00:00','2024-05-15 07:00:00','','NULL','shophouse'),(975,51,'1','30m',0,0,144,0,100,11,5,5,15,46,'not booked','T17-23','2024-05-15 07:00:00',46,46,'2024-05-15 07:00:00','2024-05-15 07:00:00','','NULL','shophouse'),(976,51,'1','30m',0,0,144,0,100,11,5,5,15,46,'not booked','T17-25','2024-05-15 07:00:00',46,46,'2024-05-15 07:00:00','2024-05-15 07:00:00','','NULL','shophouse'),(977,51,'1','30m',0,0,144,0,100,11,5,5,15,46,'not booked','T17-27','2024-05-15 07:00:00',46,46,'2024-05-15 07:00:00','2024-05-15 07:00:00','','NULL','shophouse'),(978,51,'1','30m',0,0,144,0,100,11,5,5,15,46,'not booked','T17-29','2024-05-15 07:00:00',46,46,'2024-05-15 07:00:00','2024-05-15 07:00:00','','NULL','shophouse'),(979,51,'1','30m',0,0,144,0,100,11,5,5,15,46,'not booked','T17-31','2024-05-15 07:00:00',46,46,'2024-05-15 07:00:00','2024-05-15 07:00:00','','NULL','shophouse'),(980,51,'1','30m',0,0,144,0,100,11,5,5,15,46,'not booked','T17-33','2024-05-15 07:00:00',46,46,'2024-05-15 07:00:00','2024-05-15 07:00:00','','NULL','shophouse'),(981,51,'1','30m',0,0,144,0,100,11,5,5,15,46,'not booked','T17-35','2024-05-15 07:00:00',46,46,'2024-05-15 07:00:00','2024-05-15 07:00:00','','NULL','shophouse'),(982,51,'1','30m',0,0,144,0,100,11,5,5,15,46,'not booked','T17-37','2024-05-15 07:00:00',46,46,'2024-05-15 07:00:00','2024-05-15 07:00:00','','NULL','shophouse'),(983,51,'1','30m',0,0,144,0,100,11,5,5,15,46,'not booked','T17-39','2024-05-15 07:00:00',46,46,'2024-05-15 07:00:00','2024-05-15 07:00:00','','NULL','shophouse'),(984,51,'1','30m',0,0,144,0,100,11,5,5,15,46,'not booked','T17-41','2024-05-15 07:00:00',46,46,'2024-05-15 07:00:00','2024-05-15 07:00:00','','NULL','shophouse'),(985,51,'1','30m',0,0,180,0,100,11,5,5,15,46,'not booked','T17-45','2024-05-15 07:00:00',46,46,'2024-05-15 07:00:00','2024-05-15 07:00:00','','NULL','shophouse'),(986,51,'1','30m',0,0,144,0,100,11,5,5,15,46,'not booked','T17-47','2024-05-15 07:00:00',46,46,'2024-05-15 07:00:00','2024-05-15 07:00:00','','NULL','shophouse'),(987,51,'1','30m',0,0,144,0,100,11,5,5,15,46,'not booked','T17-49','2024-05-15 07:00:00',46,46,'2024-05-15 07:00:00','2024-05-15 07:00:00','','NULL','shophouse'),(988,51,'1','30m',0,0,144,0,100,11,5,5,15,46,'not booked','T17-51','2024-05-15 07:00:00',46,46,'2024-05-15 07:00:00','2024-05-15 07:00:00','','NULL','shophouse'),(989,51,'1','30m',0,0,108,0,100,11,5,5,15,46,'not booked','T9-01','2024-05-15 07:00:00',46,46,'2024-05-15 07:00:00','2024-05-15 07:00:00','','NULL','shophouse'),(990,51,'1','30m',0,0,84,0,100,11,5,5,15,46,'not booked','T9-03','2024-05-15 07:00:00',46,46,'2024-05-15 07:00:00','2024-05-15 07:00:00','','NULL','shophouse'),(991,51,'1','30m',0,0,84,0,100,11,5,5,15,46,'not booked','T9-05','2024-05-15 07:00:00',46,46,'2024-05-15 07:00:00','2024-05-15 07:00:00','','NULL','shophouse'),(992,51,'1','30m',0,0,84,0,100,11,5,5,15,46,'not booked','T9-07','2024-05-15 07:00:00',46,46,'2024-05-15 07:00:00','2024-05-15 07:00:00','','NULL','shophouse'),(993,51,'1','30m',0,0,84,0,100,11,5,5,15,46,'not booked','T9-09','2024-05-15 07:00:00',46,46,'2024-05-15 07:00:00','2024-05-15 07:00:00','','NULL','shophouse'),(994,51,'1','30m',0,0,84,0,100,11,5,5,15,46,'not booked','T9-11','2024-05-15 07:00:00',46,46,'2024-05-15 07:00:00','2024-05-15 07:00:00','','NULL','shophouse'),(995,51,'1','30m',0,0,84,0,100,11,5,5,15,46,'not booked','T9-13','2024-05-15 07:00:00',46,46,'2024-05-15 07:00:00','2024-05-15 07:00:00','','NULL','shophouse'),(996,51,'1','30m',0,0,84,0,100,11,5,5,15,46,'not booked','T9-15','2024-05-15 07:00:00',46,46,'2024-05-15 07:00:00','2024-05-15 07:00:00','','NULL','shophouse'),(997,51,'1','30m',0,0,108,0,100,11,5,5,15,46,'not booked','T9-17','2024-05-15 07:00:00',46,46,'2024-05-15 07:00:00','2024-05-15 07:00:00','','NULL','shophouse'),(998,51,'1','30m',0,0,144,0,100,11,5,5,15,46,'not booked','M5-04','2024-05-15 07:00:00',46,46,'2024-05-15 07:00:00','2024-05-15 07:00:00','','NULL','shophouse'),(999,51,'1','30m',0,0,144,0,100,11,5,5,15,46,'not booked','M5-06','2024-05-15 07:00:00',46,46,'2024-05-15 07:00:00','2024-05-15 07:00:00','','NULL','shophouse'),(1000,51,'1','30m',0,0,144,0,100,11,5,5,15,46,'not booked','M5-08','2024-05-15 07:00:00',46,46,'2024-05-15 07:00:00','2024-05-15 07:00:00','','NULL','shophouse'),(1001,51,'1','30m',0,0,144,0,100,11,5,5,15,46,'not booked','M5-10','2024-05-15 07:00:00',46,46,'2024-05-15 07:00:00','2024-05-15 07:00:00','','NULL','shophouse'),(1002,51,'1','30m',0,0,144,0,100,11,5,5,15,46,'not booked','M5-12','2024-05-15 07:00:00',46,46,'2024-05-15 07:00:00','2024-05-15 07:00:00','','NULL','shophouse'),(1003,51,'1','30m',0,0,144,0,100,11,5,5,15,46,'not booked','M5-14','2024-05-15 07:00:00',46,46,'2024-05-15 07:00:00','2024-05-15 07:00:00','','NULL','shophouse'),(1004,51,'1','30m',0,0,144,0,100,11,5,5,15,46,'not booked','M5-16','2024-05-15 07:00:00',46,46,'2024-05-15 07:00:00','2024-05-15 07:00:00','','NULL','shophouse'),(1005,51,'1','30m',0,0,144,0,100,11,5,5,15,46,'not booked','M5-18','2024-05-15 07:00:00',46,46,'2024-05-15 07:00:00','2024-05-15 07:00:00','','NULL','shophouse'),(1006,51,'1','30m',0,0,144,0,100,11,5,5,15,46,'not booked','M5-20','2024-05-15 07:00:00',46,46,'2024-05-15 07:00:00','2024-05-15 07:00:00','','NULL','shophouse'),(1007,51,'1','30m',0,0,144,0,100,11,5,5,15,46,'not booked','M5-22','2024-05-15 07:00:00',46,46,'2024-05-15 07:00:00','2024-05-15 07:00:00','','NULL','shophouse'),(1008,51,'1','30m',0,0,144,0,100,11,5,5,15,46,'not booked','M5-24','2024-05-15 07:00:00',46,46,'2024-05-15 07:00:00','2024-05-15 07:00:00','','NULL','shophouse'),(1009,51,'1','30m',0,0,144,0,100,11,5,5,15,46,'not booked','M5-26','2024-05-15 07:00:00',46,46,'2024-05-15 07:00:00','2024-05-15 07:00:00','','NULL','shophouse'),(1010,51,'1','30m',0,0,144,0,100,11,5,5,15,46,'not booked','M5-28','2024-05-15 07:00:00',46,46,'2024-05-15 07:00:00','2024-05-15 07:00:00','','NULL','shophouse'),(1011,51,'1','30m',0,0,144,0,100,11,5,5,15,46,'not booked','M5-30','2024-05-15 07:00:00',46,46,'2024-05-15 07:00:00','2024-05-15 07:00:00','','NULL','shophouse'),(1012,51,'1','30m',0,0,144,0,100,11,5,5,15,46,'not booked','M5-32','2024-05-15 07:00:00',46,46,'2024-05-15 07:00:00','2024-05-15 07:00:00','','NULL','shophouse'),(1013,51,'1','30m',0,0,144,0,100,11,5,5,15,46,'not booked','M5-34','2024-05-15 07:00:00',46,46,'2024-05-15 07:00:00','2024-05-15 07:00:00','','NULL','shophouse'),(1014,51,'1','30m',0,0,144,0,100,11,5,5,15,46,'not booked','M5-36','2024-05-15 07:00:00',46,46,'2024-05-15 07:00:00','2024-05-15 07:00:00','','NULL','shophouse'),(1015,51,'1','30m',0,0,144,0,100,11,5,5,15,46,'not booked','M5-38','2024-05-15 07:00:00',46,46,'2024-05-15 07:00:00','2024-05-15 07:00:00','','NULL','shophouse'),(1016,51,'1','30m',0,0,144,0,100,11,5,5,15,46,'not booked','M5-40','2024-05-15 07:00:00',46,46,'2024-05-15 07:00:00','2024-05-15 07:00:00','','NULL','shophouse'),(1017,51,'1','30m',0,0,144,0,100,11,5,5,15,46,'not booked','M5-42','2024-05-15 07:00:00',46,46,'2024-05-15 07:00:00','2024-05-15 07:00:00','','NULL','shophouse'),(1018,51,'1','30m',0,0,144,0,100,11,5,5,15,46,'not booked','M5-44','2024-05-15 07:00:00',46,46,'2024-05-15 07:00:00','2024-05-15 07:00:00','','NULL','shophouse'),(1019,51,'1','30m',0,0,180,0,100,11,5,5,15,46,'not booked','M5-48','2024-05-15 07:00:00',46,46,'2024-05-15 07:00:00','2024-05-15 07:00:00','','NULL','shophouse'),(1020,51,'1','30m',0,0,144,0,100,11,5,5,15,46,'not booked','M5-50','2024-05-15 07:00:00',46,46,'2024-05-15 07:00:00','2024-05-15 07:00:00','','NULL','shophouse'),(1021,51,'1','30m',0,0,144,0,100,11,5,5,15,46,'not booked','M5-52','2024-05-15 07:00:00',46,46,'2024-05-15 07:00:00','2024-05-15 07:00:00','','NULL','shophouse'),(1022,51,'1','30m',0,0,144,0,100,11,5,5,15,46,'not booked','M5-54','2024-05-15 07:00:00',46,46,'2024-05-15 07:00:00','2024-05-15 07:00:00','','NULL','shophouse'),(1023,51,'1','30m',0,0,162,0,100,11,5,5,15,46,'not booked','M3-03','2024-05-15 07:00:00',46,46,'2024-05-15 07:00:00','2024-05-15 07:00:00','','NULL','shophouse'),(1024,51,'1','30m',0,0,126,0,100,11,5,5,15,46,'not booked','M3-05','2024-05-15 07:00:00',46,46,'2024-05-15 07:00:00','2024-05-15 07:00:00','','NULL','shophouse'),(1025,51,'1','30m',0,0,126,0,100,11,5,5,15,46,'not booked','M3-07','2024-05-15 07:00:00',46,46,'2024-05-15 07:00:00','2024-05-15 07:00:00','','NULL','shophouse'),(1026,51,'1','30m',0,0,126,0,100,11,5,5,15,46,'not booked','M3-09','2024-05-15 07:00:00',46,46,'2024-05-15 07:00:00','2024-05-15 07:00:00','','NULL','shophouse'),(1027,51,'1','30m',0,0,126,0,100,11,5,5,15,46,'not booked','M3-11','2024-05-15 07:00:00',46,46,'2024-05-15 07:00:00','2024-05-15 07:00:00','','NULL','shophouse'),(1028,51,'1','30m',0,0,126,0,100,11,5,5,15,46,'not booked','M3-13','2024-05-15 07:00:00',46,46,'2024-05-15 07:00:00','2024-05-15 07:00:00','','NULL','shophouse'),(1029,51,'1','30m',0,0,126,0,100,11,5,5,15,46,'not booked','M3-15','2024-05-15 07:00:00',46,46,'2024-05-15 07:00:00','2024-05-15 07:00:00','','NULL','shophouse'),(1030,51,'1','30m',0,0,126,0,100,11,5,5,15,46,'not booked','M3-17','2024-05-15 07:00:00',46,46,'2024-05-15 07:00:00','2024-05-15 07:00:00','','NULL','shophouse'),(1031,51,'1','30m',0,0,162,0,100,11,5,5,15,46,'not booked','M3-19','2024-05-15 07:00:00',46,46,'2024-05-15 07:00:00','2024-05-15 07:00:00','','NULL','shophouse'),(1032,51,'1','30m',0,0,108,0,100,11,5,5,15,46,'not booked','M3-02','2024-05-15 07:00:00',46,46,'2024-05-15 07:00:00','2024-05-15 07:00:00','','NULL','shophouse'),(1033,51,'1','30m',0,0,84,0,100,11,5,5,15,46,'not booked','M3-04','2024-05-15 07:00:00',46,46,'2024-05-15 07:00:00','2024-05-15 07:00:00','','NULL','shophouse'),(1034,51,'1','30m',0,0,84,0,100,11,5,5,15,46,'not booked','M3-06','2024-05-15 07:00:00',46,46,'2024-05-15 07:00:00','2024-05-15 07:00:00','','NULL','shophouse'),(1035,51,'1','30m',0,0,84,0,100,11,5,5,15,46,'not booked','M3-08','2024-05-15 07:00:00',46,46,'2024-05-15 07:00:00','2024-05-15 07:00:00','','NULL','shophouse'),(1036,51,'1','30m',0,0,84,0,100,11,5,5,15,46,'not booked','M3-10','2024-05-15 07:00:00',46,46,'2024-05-15 07:00:00','2024-05-15 07:00:00','','NULL','shophouse'),(1037,51,'1','30m',0,0,84,0,100,11,5,5,15,46,'not booked','M3-12','2024-05-15 07:00:00',46,46,'2024-05-15 07:00:00','2024-05-15 07:00:00','','NULL','shophouse'),(1038,51,'1','30m',0,0,84,0,100,11,5,5,15,46,'not booked','M3-14','2024-05-15 07:00:00',46,46,'2024-05-15 07:00:00','2024-05-15 07:00:00','','NULL','shophouse'),(1039,51,'1','30m',0,0,84,0,100,11,5,5,15,46,'not booked','M3-16','2024-05-15 07:00:00',46,46,'2024-05-15 07:00:00','2024-05-15 07:00:00','','NULL','shophouse'),(1040,51,'1','30m',0,0,108,0,100,11,5,5,15,46,'not booked','M3-18','2024-05-15 07:00:00',46,46,'2024-05-15 07:00:00','2024-05-15 07:00:00','','NULL','shophouse'),(1041,51,'1','30m',0,0,108,0,100,11,5,5,15,46,'not booked','M3-20','2024-05-15 07:00:00',46,46,'2024-05-15 07:00:00','2024-05-15 07:00:00','','NULL','shophouse'),(1042,51,'1','30m',0,0,84,0,100,11,5,5,15,46,'not booked','M3-22','2024-05-15 07:00:00',46,46,'2024-05-15 07:00:00','2024-05-15 07:00:00','','NULL','shophouse'),(1043,51,'1','30m',0,0,84,0,100,11,5,5,15,46,'not booked','M3-24','2024-05-15 07:00:00',46,46,'2024-05-15 07:00:00','2024-05-15 07:00:00','','NULL','shophouse'),(1044,51,'1','30m',0,0,84,0,100,11,5,5,15,46,'not booked','M3-26','2024-05-15 07:00:00',46,46,'2024-05-15 07:00:00','2024-05-15 07:00:00','','NULL','shophouse'),(1045,51,'1','30m',0,0,84,0,100,11,5,5,15,46,'not booked','M3-28','2024-05-15 07:00:00',46,46,'2024-05-15 07:00:00','2024-05-15 07:00:00','','NULL','shophouse'),(1046,51,'1','30m',0,0,84,0,100,11,5,5,15,46,'not booked','M3-30','2024-05-15 07:00:00',46,46,'2024-05-15 07:00:00','2024-05-15 07:00:00','','NULL','shophouse'),(1047,51,'1','30m',0,0,84,0,100,11,5,5,15,46,'not booked','M3-32','2024-05-15 07:00:00',46,46,'2024-05-15 07:00:00','2024-05-15 07:00:00','','NULL','shophouse'),(1048,51,'1','30m',0,0,108,0,100,11,5,5,15,46,'not booked','M3-34','2024-05-15 07:00:00',46,46,'2024-05-15 07:00:00','2024-05-15 07:00:00','','NULL','shophouse'),(1049,51,'1','30m',0,0,162,0,100,11,5,5,15,46,'not booked','T11-01','2024-05-15 07:00:00',46,46,'2024-05-15 07:00:00','2024-05-15 07:00:00','','NULL','shophouse'),(1050,51,'1','30m',0,0,126,0,100,11,5,5,15,46,'not booked','T11-03','2024-05-15 07:00:00',46,46,'2024-05-15 07:00:00','2024-05-15 07:00:00','','NULL','shophouse'),(1051,51,'1','30m',0,0,126,0,100,11,5,5,15,46,'not booked','T11-05','2024-05-15 07:00:00',46,46,'2024-05-15 07:00:00','2024-05-15 07:00:00','','NULL','shophouse'),(1052,51,'1','30m',0,0,126,0,100,11,5,5,15,46,'not booked','T11-07','2024-05-15 07:00:00',46,46,'2024-05-15 07:00:00','2024-05-15 07:00:00','','NULL','shophouse'),(1053,51,'1','30m',0,0,126,0,100,11,5,5,15,46,'not booked','T11-09','2024-05-15 07:00:00',46,46,'2024-05-15 07:00:00','2024-05-15 07:00:00','','NULL','shophouse'),(1054,51,'1','30m',0,0,126,0,100,11,5,5,15,46,'not booked','T11-11','2024-05-15 07:00:00',46,46,'2024-05-15 07:00:00','2024-05-15 07:00:00','','NULL','shophouse'),(1055,51,'1','30m',0,0,126,0,100,11,5,5,15,46,'not booked','T11-13','2024-05-15 07:00:00',46,46,'2024-05-15 07:00:00','2024-05-15 07:00:00','','NULL','shophouse'),(1056,51,'1','30m',0,0,126,0,100,11,5,5,15,46,'not booked','T11-15','2024-05-15 07:00:00',46,46,'2024-05-15 07:00:00','2024-05-15 07:00:00','','NULL','shophouse'),(1057,51,'1','30m',0,0,162,0,100,11,5,5,15,46,'not booked','T11-17','2024-05-15 07:00:00',46,46,'2024-05-15 07:00:00','2024-05-15 07:00:00','','NULL','shophouse'),(1058,51,'1','30m',0,0,162,0,100,11,5,5,15,46,'not booked','T11-19','2024-05-15 07:00:00',46,46,'2024-05-15 07:00:00','2024-05-15 07:00:00','','NULL','shophouse'),(1059,51,'1','30m',0,0,126,0,100,11,5,5,15,46,'not booked','T11-21','2024-05-15 07:00:00',46,46,'2024-05-15 07:00:00','2024-05-15 07:00:00','','NULL','shophouse'),(1060,51,'1','30m',0,0,126,0,100,11,5,5,15,46,'not booked','T11-23','2024-05-15 07:00:00',46,46,'2024-05-15 07:00:00','2024-05-15 07:00:00','','NULL','shophouse'),(1061,51,'1','30m',0,0,126,0,100,11,5,5,15,46,'not booked','T11-25','2024-05-15 07:00:00',46,46,'2024-05-15 07:00:00','2024-05-15 07:00:00','','NULL','shophouse'),(1062,51,'1','30m',0,0,126,0,100,11,5,5,15,46,'not booked','T11-27','2024-05-15 07:00:00',46,46,'2024-05-15 07:00:00','2024-05-15 07:00:00','','NULL','shophouse'),(1063,51,'1','30m',0,0,126,0,100,11,5,5,15,46,'not booked','T11-29','2024-05-15 07:00:00',46,46,'2024-05-15 07:00:00','2024-05-15 07:00:00','','NULL','shophouse'),(1064,51,'1','30m',0,0,126,0,100,11,5,5,15,46,'not booked','T11-31','2024-05-15 07:00:00',46,46,'2024-05-15 07:00:00','2024-05-15 07:00:00','','NULL','shophouse'),(1065,51,'1','30m',0,0,162,0,100,11,5,5,15,46,'not booked','T11-33','2024-05-15 07:00:00',46,46,'2024-05-15 07:00:00','2024-05-15 07:00:00','','NULL','shophouse'),(1066,51,'1','30m',0,0,96,0,100,11,5,5,15,46,'not booked','M5-01','2024-05-15 07:00:00',46,46,'2024-05-15 07:00:00','2024-05-15 07:00:00','','NULL','shophouse'),(1067,51,'1','30m',0,0,96,0,100,11,5,5,15,46,'not booked','M5-03','2024-05-15 07:00:00',46,46,'2024-05-15 07:00:00','2024-05-15 07:00:00','','NULL','shophouse'),(1068,51,'1','30m',0,0,96,0,100,11,5,5,15,46,'not booked','M5-05','2024-05-15 07:00:00',46,46,'2024-05-15 07:00:00','2024-05-15 07:00:00','','NULL','shophouse'),(1069,51,'1','30m',0,0,96,0,100,11,5,5,15,46,'not booked','M5-07','2024-05-15 07:00:00',46,46,'2024-05-15 07:00:00','2024-05-15 07:00:00','','NULL','shophouse'),(1070,51,'1','30m',0,0,96,0,100,11,5,5,15,46,'not booked','M5-09','2024-05-15 07:00:00',46,46,'2024-05-15 07:00:00','2024-05-15 07:00:00','','NULL','shophouse'),(1071,51,'1','30m',0,0,96,0,100,11,5,5,15,46,'not booked','M5-11','2024-05-15 07:00:00',46,46,'2024-05-15 07:00:00','2024-05-15 07:00:00','','NULL','shophouse'),(1072,51,'1','30m',0,0,96,0,100,11,5,5,15,46,'not booked','M5-13','2024-05-15 07:00:00',46,46,'2024-05-15 07:00:00','2024-05-15 07:00:00','','NULL','shophouse'),(1073,51,'1','30m',0,0,120,0,100,11,5,5,15,46,'not booked','M5-15','2024-05-15 07:00:00',46,46,'2024-05-15 07:00:00','2024-05-15 07:00:00','','NULL','shophouse'),(1074,51,'1','30m',0,0,120,0,100,11,5,5,15,46,'not booked','M5-17','2024-05-15 07:00:00',46,46,'2024-05-15 07:00:00','2024-05-15 07:00:00','','NULL','shophouse'),(1075,51,'1','30m',0,0,96,0,100,11,5,5,15,46,'not booked','M5-19','2024-05-15 07:00:00',46,46,'2024-05-15 07:00:00','2024-05-15 07:00:00','','NULL','shophouse'),(1076,51,'1','30m',0,0,96,0,100,11,5,5,15,46,'not booked','M5-21','2024-05-15 07:00:00',46,46,'2024-05-15 07:00:00','2024-05-15 07:00:00','','NULL','shophouse'),(1077,51,'1','30m',0,0,96,0,100,11,5,5,15,46,'not booked','M5-23','2024-05-15 07:00:00',46,46,'2024-05-15 07:00:00','2024-05-15 07:00:00','','NULL','shophouse'),(1078,51,'1','30m',0,0,96,0,100,11,5,5,15,46,'not booked','M5-25','2024-05-15 07:00:00',46,46,'2024-05-15 07:00:00','2024-05-15 07:00:00','','NULL','shophouse'),(1079,51,'1','30m',0,0,96,0,100,11,5,5,15,46,'not booked','M5-27','2024-05-15 07:00:00',46,46,'2024-05-15 07:00:00','2024-05-15 07:00:00','','NULL','shophouse'),(1080,51,'1','30m',0,0,120,0,100,11,5,5,15,46,'not booked','M5-29','2024-05-15 07:00:00',46,46,'2024-05-15 07:00:00','2024-05-15 07:00:00','','NULL','shophouse'),(1081,51,'1','30m',0,0,120,0,100,11,5,5,15,46,'not booked','M5-31','2024-05-15 07:00:00',46,46,'2024-05-15 07:00:00','2024-05-15 07:00:00','','NULL','shophouse'),(1082,51,'1','30m',0,0,96,0,100,11,5,5,15,46,'not booked','M5-33','2024-05-15 07:00:00',46,46,'2024-05-15 07:00:00','2024-05-15 07:00:00','','NULL','shophouse'),(1083,51,'1','30m',0,0,96,0,100,11,5,5,15,46,'not booked','M5-35','2024-05-15 07:00:00',46,46,'2024-05-15 07:00:00','2024-05-15 07:00:00','','NULL','shophouse'),(1084,51,'1','30m',0,0,96,0,100,11,5,5,15,46,'not booked','M5-37','2024-05-15 07:00:00',46,46,'2024-05-15 07:00:00','2024-05-15 07:00:00','','NULL','shophouse'),(1085,51,'1','30m',0,0,96,0,100,11,5,5,15,46,'not booked','M5-39','2024-05-15 07:00:00',46,46,'2024-05-15 07:00:00','2024-05-15 07:00:00','','NULL','shophouse'),(1086,51,'1','30m',0,0,96,0,100,11,5,5,15,46,'not booked','M5-41','2024-05-15 07:00:00',46,46,'2024-05-15 07:00:00','2024-05-15 07:00:00','','NULL','shophouse'),(1087,51,'1','30m',0,0,96,0,100,11,5,5,15,46,'not booked','M5-43','2024-05-15 07:00:00',46,46,'2024-05-15 07:00:00','2024-05-15 07:00:00','','NULL','shophouse'),(1088,51,'1','30m',0,0,120,0,100,11,5,5,15,46,'not booked','M5-45','2024-05-15 07:00:00',46,46,'2024-05-15 07:00:00','2024-05-15 07:00:00','','NULL','shophouse'),(1089,51,'1','30m',0,0,96,0,100,11,5,5,15,46,'not booked','M5-47','2024-05-15 07:00:00',46,46,'2024-05-15 07:00:00','2024-05-15 07:00:00','','NULL','shophouse'),(1090,51,'1','30m',0,0,96,0,100,11,5,5,15,46,'not booked','M5-49','2024-05-15 07:00:00',46,46,'2024-05-15 07:00:00','2024-05-15 07:00:00','','NULL','shophouse'),(1091,51,'1','30m',0,0,96,0,100,11,5,5,15,46,'not booked','M5-51','2024-05-15 07:00:00',46,46,'2024-05-15 07:00:00','2024-05-15 07:00:00','','NULL','shophouse'),(1092,51,'1','30m',0,0,144,0,100,11,5,5,15,46,'not booked','T19-02','2024-05-15 07:00:00',46,46,'2024-05-15 07:00:00','2024-05-15 07:00:00','','NULL','shophouse'),(1093,51,'1','30m',0,0,144,0,100,11,5,5,15,46,'not booked','T19-04','2024-05-15 07:00:00',46,46,'2024-05-15 07:00:00','2024-05-15 07:00:00','','NULL','shophouse'),(1094,51,'1','30m',0,0,144,0,100,11,5,5,15,46,'not booked','T19-06','2024-05-15 07:00:00',46,46,'2024-05-15 07:00:00','2024-05-15 07:00:00','','NULL','shophouse'),(1095,51,'1','30m',0,0,144,0,100,11,5,5,15,46,'not booked','T19-08','2024-05-15 07:00:00',46,46,'2024-05-15 07:00:00','2024-05-15 07:00:00','','NULL','shophouse'),(1096,51,'1','30m',0,0,144,0,100,11,5,5,15,46,'not booked','T19-10','2024-05-15 07:00:00',46,46,'2024-05-15 07:00:00','2024-05-15 07:00:00','','NULL','shophouse'),(1097,51,'1','30m',0,0,144,0,100,11,5,5,15,46,'not booked','T19-12','2024-05-15 07:00:00',46,46,'2024-05-15 07:00:00','2024-05-15 07:00:00','','NULL','shophouse'),(1098,51,'1','30m',0,0,144,0,100,11,5,5,15,46,'not booked','T19-14','2024-05-15 07:00:00',46,46,'2024-05-15 07:00:00','2024-05-15 07:00:00','','NULL','shophouse'),(1099,51,'1','30m',0,0,180,0,100,11,5,5,15,46,'not booked','T19-16','2024-05-15 07:00:00',46,46,'2024-05-15 07:00:00','2024-05-15 07:00:00','','NULL','shophouse'),(1100,51,'1','30m',0,0,180,0,100,11,5,5,15,46,'not booked','T19-18','2024-05-15 07:00:00',46,46,'2024-05-15 07:00:00','2024-05-15 07:00:00','','NULL','shophouse'),(1101,51,'1','30m',0,0,144,0,100,11,5,5,15,46,'not booked','T19-20','2024-05-15 07:00:00',46,46,'2024-05-15 07:00:00','2024-05-15 07:00:00','','NULL','shophouse'),(1102,51,'1','30m',0,0,144,0,100,11,5,5,15,46,'not booked','T19-22','2024-05-15 07:00:00',46,46,'2024-05-15 07:00:00','2024-05-15 07:00:00','','NULL','shophouse'),(1103,51,'1','30m',0,0,144,0,100,11,5,5,15,46,'not booked','T19-24','2024-05-15 07:00:00',46,46,'2024-05-15 07:00:00','2024-05-15 07:00:00','','NULL','shophouse'),(1104,51,'1','30m',0,0,144,0,100,11,5,5,15,46,'not booked','T19-26','2024-05-15 07:00:00',46,46,'2024-05-15 07:00:00','2024-05-15 07:00:00','','NULL','shophouse'),(1105,51,'1','30m',0,0,144,0,100,11,5,5,15,46,'not booked','T19-28','2024-05-15 07:00:00',46,46,'2024-05-15 07:00:00','2024-05-15 07:00:00','','NULL','shophouse'),(1106,51,'1','30m',0,0,180,0,100,11,5,5,15,46,'not booked','T19-30','2024-05-15 07:00:00',46,46,'2024-05-15 07:00:00','2024-05-15 07:00:00','','NULL','shophouse'),(1107,51,'1','30m',0,0,180,0,100,11,5,5,15,46,'not booked','T19-32','2024-05-15 07:00:00',46,46,'2024-05-15 07:00:00','2024-05-15 07:00:00','','NULL','shophouse'),(1108,51,'1','30m',0,0,144,0,100,11,5,5,15,46,'not booked','T19-34','2024-05-15 07:00:00',46,46,'2024-05-15 07:00:00','2024-05-15 07:00:00','','NULL','shophouse'),(1109,51,'1','30m',0,0,144,0,100,11,5,5,15,46,'not booked','T19-36','2024-05-15 07:00:00',46,46,'2024-05-15 07:00:00','2024-05-15 07:00:00','','NULL','shophouse'),(1110,51,'1','30m',0,0,144,0,100,11,5,5,15,46,'not booked','T19-38','2024-05-15 07:00:00',46,46,'2024-05-15 07:00:00','2024-05-15 07:00:00','','NULL','shophouse'),(1111,51,'1','30m',0,0,144,0,100,11,5,5,15,46,'not booked','T19-40','2024-05-15 07:00:00',46,46,'2024-05-15 07:00:00','2024-05-15 07:00:00','','NULL','shophouse'),(1112,51,'1','30m',0,0,144,0,100,11,5,5,15,46,'not booked','T19-42','2024-05-15 07:00:00',46,46,'2024-05-15 07:00:00','2024-05-15 07:00:00','','NULL','shophouse'),(1113,51,'1','30m',0,0,144,0,100,11,5,5,15,46,'not booked','T19-44','2024-05-15 07:00:00',46,46,'2024-05-15 07:00:00','2024-05-15 07:00:00','','NULL','shophouse'),(1114,51,'1','30m',0,0,180,0,100,11,5,5,15,46,'not booked','T19-46','2024-05-15 07:00:00',46,46,'2024-05-15 07:00:00','2024-05-15 07:00:00','','NULL','shophouse'),(1115,51,'1','30m',0,0,144,0,100,11,5,5,15,46,'not booked','T19-48','2024-05-15 07:00:00',46,46,'2024-05-15 07:00:00','2024-05-15 07:00:00','','NULL','shophouse'),(1116,51,'1','30m',0,0,144,0,100,11,5,5,15,46,'not booked','T19-50','2024-05-15 07:00:00',46,46,'2024-05-15 07:00:00','2024-05-15 07:00:00','','NULL','shophouse'),(1117,51,'1','30m',0,0,144,0,100,11,5,5,15,46,'not booked','T19-52','2024-05-15 07:00:00',46,46,'2024-05-15 07:00:00','2024-05-15 07:00:00','','NULL','shophouse'),(1118,51,'1','30m',0,0,108,0,100,11,5,5,15,46,'not booked','T11-04','2024-05-15 07:00:00',46,46,'2024-05-15 07:00:00','2024-05-15 07:00:00','','NULL','shophouse'),(1119,51,'1','30m',0,0,84,0,100,11,5,5,15,46,'not booked','T11-06','2024-05-15 07:00:00',46,46,'2024-05-15 07:00:00','2024-05-15 07:00:00','','NULL','shophouse'),(1120,51,'1','30m',0,0,84,0,100,11,5,5,15,46,'not booked','T11-08','2024-05-15 07:00:00',46,46,'2024-05-15 07:00:00','2024-05-15 07:00:00','','NULL','shophouse'),(1121,51,'1','30m',0,0,84,0,100,11,5,5,15,46,'not booked','T11-10','2024-05-15 07:00:00',46,46,'2024-05-15 07:00:00','2024-05-15 07:00:00','','NULL','shophouse'),(1122,51,'1','30m',0,0,84,0,100,11,5,5,15,46,'not booked','T11-12','2024-05-15 07:00:00',46,46,'2024-05-15 07:00:00','2024-05-15 07:00:00','','NULL','shophouse'),(1123,51,'1','30m',0,0,84,0,100,11,5,5,15,46,'not booked','T11-14','2024-05-15 07:00:00',46,46,'2024-05-15 07:00:00','2024-05-15 07:00:00','','NULL','shophouse'),(1124,51,'1','30m',0,0,84,0,100,11,5,5,15,46,'not booked','T11-16','2024-05-15 07:00:00',46,46,'2024-05-15 07:00:00','2024-05-15 07:00:00','','NULL','shophouse'),(1125,51,'1','30m',0,0,84,0,100,11,5,5,15,46,'not booked','T11-18','2024-05-15 07:00:00',46,46,'2024-05-15 07:00:00','2024-05-15 07:00:00','','NULL','shophouse'),(1126,51,'1','30m',0,0,108,0,100,11,5,5,15,46,'not booked','T11-20','2024-05-15 07:00:00',46,46,'2024-05-15 07:00:00','2024-05-15 07:00:00','','NULL','shophouse'),(1127,51,'1','30m',0,0,108,0,100,11,5,5,15,46,'not booked','T11-22','2024-05-15 07:00:00',46,46,'2024-05-15 07:00:00','2024-05-15 07:00:00','','NULL','shophouse'),(1128,51,'1','30m',0,0,84,0,100,11,5,5,15,46,'not booked','T11-24','2024-05-15 07:00:00',46,46,'2024-05-15 07:00:00','2024-05-15 07:00:00','','NULL','shophouse'),(1129,51,'1','30m',0,0,84,0,100,11,5,5,15,46,'not booked','T11-26','2024-05-15 07:00:00',46,46,'2024-05-15 07:00:00','2024-05-15 07:00:00','','NULL','shophouse'),(1130,51,'1','30m',0,0,84,0,100,11,5,5,15,46,'not booked','T11-28','2024-05-15 07:00:00',46,46,'2024-05-15 07:00:00','2024-05-15 07:00:00','','NULL','shophouse'),(1131,51,'1','30m',0,0,84,0,100,11,5,5,15,46,'not booked','T11-30','2024-05-15 07:00:00',46,46,'2024-05-15 07:00:00','2024-05-15 07:00:00','','NULL','shophouse'),(1132,51,'1','30m',0,0,84,0,100,11,5,5,15,46,'not booked','T11-32','2024-05-15 07:00:00',46,46,'2024-05-15 07:00:00','2024-05-15 07:00:00','','NULL','shophouse'),(1133,51,'1','30m',0,0,84,0,100,11,5,5,15,46,'not booked','T11-34','2024-05-15 07:00:00',46,46,'2024-05-15 07:00:00','2024-05-15 07:00:00','','NULL','shophouse'),(1134,51,'1','30m',0,0,108,0,100,11,5,5,15,46,'not booked','T11-36','2024-05-15 07:00:00',46,46,'2024-05-15 07:00:00','2024-05-15 07:00:00','','NULL','shophouse'),(1135,51,'1','30m',0,0,162,0,100,11,5,5,15,46,'not booked','T13-03','2024-05-15 07:00:00',46,46,'2024-05-15 07:00:00','2024-05-15 07:00:00','','NULL','shophouse'),(1136,51,'1','30m',0,0,126,0,100,11,5,5,15,46,'not booked','T13-05','2024-05-15 07:00:00',46,46,'2024-05-15 07:00:00','2024-05-15 07:00:00','','NULL','shophouse'),(1137,51,'1','30m',0,0,126,0,100,11,5,5,15,46,'not booked','T13-07','2024-05-15 07:00:00',46,46,'2024-05-15 07:00:00','2024-05-15 07:00:00','','NULL','shophouse'),(1138,51,'1','30m',0,0,126,0,100,11,5,5,15,46,'not booked','T13-09','2024-05-15 07:00:00',46,46,'2024-05-15 07:00:00','2024-05-15 07:00:00','','NULL','shophouse'),(1139,51,'1','30m',0,0,126,0,100,11,5,5,15,46,'not booked','T13-11','2024-05-15 07:00:00',46,46,'2024-05-15 07:00:00','2024-05-15 07:00:00','','NULL','shophouse'),(1140,51,'1','30m',0,0,126,0,100,11,5,5,15,46,'not booked','T13-13','2024-05-15 07:00:00',46,46,'2024-05-15 07:00:00','2024-05-15 07:00:00','','NULL','shophouse'),(1141,51,'1','30m',0,0,126,0,100,11,5,5,15,46,'not booked','T13-15','2024-05-15 07:00:00',46,46,'2024-05-15 07:00:00','2024-05-15 07:00:00','','NULL','shophouse'),(1142,51,'1','30m',0,0,126,0,100,11,5,5,15,46,'not booked','T13-17','2024-05-15 07:00:00',46,46,'2024-05-15 07:00:00','2024-05-15 07:00:00','','NULL','shophouse'),(1143,51,'1','30m',0,0,162,0,100,11,5,5,15,46,'not booked','T13-19','2024-05-15 07:00:00',46,46,'2024-05-15 07:00:00','2024-05-15 07:00:00','','NULL','shophouse'),(1144,51,'1','30m',0,0,162,0,100,11,5,5,15,46,'not booked','T13-21','2024-05-15 07:00:00',46,46,'2024-05-15 07:00:00','2024-05-15 07:00:00','','NULL','shophouse'),(1145,51,'1','30m',0,0,126,0,100,11,5,5,15,46,'not booked','T13-23','2024-05-15 07:00:00',46,46,'2024-05-15 07:00:00','2024-05-15 07:00:00','','NULL','shophouse'),(1146,51,'1','30m',0,0,126,0,100,11,5,5,15,46,'not booked','T13-25','2024-05-15 07:00:00',46,46,'2024-05-15 07:00:00','2024-05-15 07:00:00','','NULL','shophouse'),(1147,51,'1','30m',0,0,126,0,100,11,5,5,15,46,'not booked','T13-27','2024-05-15 07:00:00',46,46,'2024-05-15 07:00:00','2024-05-15 07:00:00','','NULL','shophouse'),(1148,51,'1','30m',0,0,126,0,100,11,5,5,15,46,'not booked','T13-29','2024-05-15 07:00:00',46,46,'2024-05-15 07:00:00','2024-05-15 07:00:00','','NULL','shophouse'),(1149,51,'1','30m',0,0,126,0,100,11,5,5,15,46,'not booked','T13-31','2024-05-15 07:00:00',46,46,'2024-05-15 07:00:00','2024-05-15 07:00:00','','NULL','shophouse'),(1150,51,'1','30m',0,0,126,0,100,11,5,5,15,46,'not booked','T13-33','2024-05-15 07:00:00',46,46,'2024-05-15 07:00:00','2024-05-15 07:00:00','','NULL','shophouse'),(1151,51,'1','30m',0,0,162,0,100,11,5,5,15,46,'not booked','T13-35','2024-05-15 07:00:00',46,46,'2024-05-15 07:00:00','2024-05-15 07:00:00','','NULL','shophouse'),(1152,51,'1','30m',0,0,84,0,100,11,5,5,15,46,'not booked','T13-02','2024-05-15 07:00:00',46,46,'2024-05-15 07:00:00','2024-05-15 07:00:00','','NULL','shophouse'),(1153,51,'1','30m',0,0,84,0,100,11,5,5,15,46,'not booked','T13-04','2024-05-15 07:00:00',46,46,'2024-05-15 07:00:00','2024-05-15 07:00:00','','NULL','shophouse'),(1154,51,'1','30m',0,0,84,0,100,11,5,5,15,46,'not booked','T13-06','2024-05-15 07:00:00',46,46,'2024-05-15 07:00:00','2024-05-15 07:00:00','','NULL','shophouse'),(1155,51,'1','30m',0,0,84,0,100,11,5,5,15,46,'not booked','T13-08','2024-05-15 07:00:00',46,46,'2024-05-15 07:00:00','2024-05-15 07:00:00','','NULL','shophouse'),(1156,51,'1','30m',0,0,84,0,100,11,5,5,15,46,'not booked','T13-10','2024-05-15 07:00:00',46,46,'2024-05-15 07:00:00','2024-05-15 07:00:00','','NULL','shophouse'),(1157,51,'1','30m',0,0,84,0,100,11,5,5,15,46,'not booked','T13-12','2024-05-15 07:00:00',46,46,'2024-05-15 07:00:00','2024-05-15 07:00:00','','NULL','shophouse'),(1158,51,'1','30m',0,0,84,0,100,11,5,5,15,46,'not booked','T13-14','2024-05-15 07:00:00',46,46,'2024-05-15 07:00:00','2024-05-15 07:00:00','','NULL','shophouse'),(1159,51,'1','30m',0,0,108,0,100,11,5,5,15,46,'not booked','T13-16','2024-05-15 07:00:00',46,46,'2024-05-15 07:00:00','2024-05-15 07:00:00','','NULL','shophouse'),(1160,51,'1','30m',0,0,108,0,100,11,5,5,15,46,'not booked','T13-18','2024-05-15 07:00:00',46,46,'2024-05-15 07:00:00','2024-05-15 07:00:00','','NULL','shophouse'),(1161,51,'1','30m',0,0,84,0,100,11,5,5,15,46,'not booked','T13-20','2024-05-15 07:00:00',46,46,'2024-05-15 07:00:00','2024-05-15 07:00:00','','NULL','shophouse'),(1162,51,'1','30m',0,0,84,0,100,11,5,5,15,46,'not booked','T13-22','2024-05-15 07:00:00',46,46,'2024-05-15 07:00:00','2024-05-15 07:00:00','','NULL','shophouse'),(1163,51,'1','30m',0,0,84,0,100,11,5,5,15,46,'not booked','T13-24','2024-05-15 07:00:00',46,46,'2024-05-15 07:00:00','2024-05-15 07:00:00','','NULL','shophouse'),(1164,51,'1','30m',0,0,84,0,100,11,5,5,15,46,'not booked','T13-26','2024-05-15 07:00:00',46,46,'2024-05-15 07:00:00','2024-05-15 07:00:00','','NULL','shophouse'),(1165,51,'1','30m',0,0,84,0,100,11,5,5,15,46,'not booked','T13-28','2024-05-15 07:00:00',46,46,'2024-05-15 07:00:00','2024-05-15 07:00:00','','NULL','shophouse'),(1166,51,'1','30m',0,0,84,0,100,11,5,5,15,46,'not booked','T13-30','2024-05-15 07:00:00',46,46,'2024-05-15 07:00:00','2024-05-15 07:00:00','','NULL','shophouse'),(1167,51,'1','30m',0,0,108,0,100,11,5,5,15,46,'not booked','T13-32','2024-05-15 07:00:00',46,46,'2024-05-15 07:00:00','2024-05-15 07:00:00','','NULL','shophouse'),(1168,51,'1','30m',0,0,134,0,100,11,5,5,15,46,'not booked','V3-58','2024-05-15 07:00:00',46,46,'2024-05-15 07:00:00','2024-05-15 07:00:00','','NULL','shophouse'),(1169,51,'1','30m',0,0,114,0,100,11,5,5,15,46,'not booked','V3-60','2024-05-15 07:00:00',46,46,'2024-05-15 07:00:00','2024-05-15 07:00:00','','NULL','shophouse'),(1170,51,'1','30m',0,0,123,0,100,11,5,5,15,46,'not booked','V3-62','2024-05-15 07:00:00',46,46,'2024-05-15 07:00:00','2024-05-15 07:00:00','','NULL','shophouse'),(1171,51,'1','30m',0,0,126,0,100,11,5,5,15,46,'not booked','V3-64','2024-05-15 07:00:00',46,46,'2024-05-15 07:00:00','2024-05-15 07:00:00','','NULL','shophouse'),(1172,51,'1','30m',0,0,126,0,100,11,5,5,15,46,'not booked','V3-66','2024-05-15 07:00:00',46,46,'2024-05-15 07:00:00','2024-05-15 07:00:00','','NULL','shophouse'),(1173,51,'1','30m',0,0,126,0,100,11,5,5,15,46,'not booked','V3-68','2024-05-15 07:00:00',46,46,'2024-05-15 07:00:00','2024-05-15 07:00:00','','NULL','shophouse'),(1174,51,'1','30m',0,0,126,0,100,11,5,5,15,46,'not booked','V3-70','2024-05-15 07:00:00',46,46,'2024-05-15 07:00:00','2024-05-15 07:00:00','','NULL','shophouse'),(1175,51,'1','30m',0,0,162,0,100,11,5,5,15,46,'not booked','V3-72','2024-05-15 07:00:00',46,46,'2024-05-15 07:00:00','2024-05-15 07:00:00','','NULL','shophouse'),(1176,51,'1','30m',0,0,162,0,100,11,5,5,15,46,'not booked','V3-74','2024-05-15 07:00:00',46,46,'2024-05-15 07:00:00','2024-05-15 07:00:00','','NULL','shophouse'),(1177,51,'1','30m',0,0,126,0,100,11,5,5,15,46,'not booked','V3-76','2024-05-15 07:00:00',46,46,'2024-05-15 07:00:00','2024-05-15 07:00:00','','NULL','shophouse'),(1178,51,'1','30m',0,0,126,0,100,11,5,5,15,46,'not booked','V3-78','2024-05-15 07:00:00',46,46,'2024-05-15 07:00:00','2024-05-15 07:00:00','','NULL','shophouse'),(1179,51,'1','30m',0,0,126,0,100,11,5,5,15,46,'not booked','V3-80','2024-05-15 07:00:00',46,46,'2024-05-15 07:00:00','2024-05-15 07:00:00','','NULL','shophouse'),(1180,51,'1','30m',0,0,126,0,100,11,5,5,15,46,'not booked','V3-82','2024-05-15 07:00:00',46,46,'2024-05-15 07:00:00','2024-05-15 07:00:00','','NULL','shophouse'),(1181,51,'1','30m',0,0,126,0,100,11,5,5,15,46,'not booked','V3-84','2024-05-15 07:00:00',46,46,'2024-05-15 07:00:00','2024-05-15 07:00:00','','NULL','shophouse'),(1182,51,'1','30m',0,0,126,0,100,11,5,5,15,46,'not booked','V3-86','2024-05-15 07:00:00',46,46,'2024-05-15 07:00:00','2024-05-15 07:00:00','','NULL','shophouse'),(1183,51,'1','30m',0,0,126,0,100,11,5,5,15,46,'not booked','V3-88','2024-05-15 07:00:00',46,46,'2024-05-15 07:00:00','2024-05-15 07:00:00','','NULL','shophouse'),(1184,51,'1','30m',0,0,115,0,100,11,5,5,15,46,'not booked','T19-07','2024-05-15 07:00:00',46,46,'2024-05-15 07:00:00','2024-05-15 07:00:00','','NULL','shophouse'),(1185,51,'1','30m',0,0,96,0,100,11,5,5,15,46,'not booked','T19-09','2024-05-15 07:00:00',46,46,'2024-05-15 07:00:00','2024-05-15 07:00:00','','NULL','shophouse'),(1186,51,'1','30m',0,0,96,0,100,11,5,5,15,46,'not booked','T19-11','2024-05-15 07:00:00',46,46,'2024-05-15 07:00:00','2024-05-15 07:00:00','','NULL','shophouse'),(1187,51,'1','30m',0,0,96,0,100,11,5,5,15,46,'not booked','T19-13','2024-05-15 07:00:00',46,46,'2024-05-15 07:00:00','2024-05-15 07:00:00','','NULL','shophouse'),(1188,51,'1','30m',0,0,96,0,100,11,5,5,15,46,'not booked','T19-15','2024-05-15 07:00:00',46,46,'2024-05-15 07:00:00','2024-05-15 07:00:00','','NULL','shophouse'),(1189,51,'1','30m',0,0,96,0,100,11,5,5,15,46,'not booked','T19-17','2024-05-15 07:00:00',46,46,'2024-05-15 07:00:00','2024-05-15 07:00:00','','NULL','shophouse'),(1190,51,'1','30m',0,0,96,0,100,11,5,5,15,46,'not booked','T19-19','2024-05-15 07:00:00',46,46,'2024-05-15 07:00:00','2024-05-15 07:00:00','','NULL','shophouse'),(1191,51,'1','30m',0,0,120,0,100,11,5,5,15,46,'not booked','T19-21','2024-05-15 07:00:00',46,46,'2024-05-15 07:00:00','2024-05-15 07:00:00','','NULL','shophouse'),(1192,51,'1','30m',0,0,120,0,100,11,5,5,15,46,'not booked','T19-23','2024-05-15 07:00:00',46,46,'2024-05-15 07:00:00','2024-05-15 07:00:00','','NULL','shophouse'),(1193,51,'1','30m',0,0,96,0,100,11,5,5,15,46,'not booked','T19-25','2024-05-15 07:00:00',46,46,'2024-05-15 07:00:00','2024-05-15 07:00:00','','NULL','shophouse'),(1194,51,'1','30m',0,0,96,0,100,11,5,5,15,46,'not booked','T19-27','2024-05-15 07:00:00',46,46,'2024-05-15 07:00:00','2024-05-15 07:00:00','','NULL','shophouse'),(1195,51,'1','30m',0,0,96,0,100,11,5,5,15,46,'not booked','T19-29','2024-05-15 07:00:00',46,46,'2024-05-15 07:00:00','2024-05-15 07:00:00','','NULL','shophouse'),(1196,51,'1','30m',0,0,96,0,100,11,5,5,15,46,'not booked','T19-31','2024-05-15 07:00:00',46,46,'2024-05-15 07:00:00','2024-05-15 07:00:00','','NULL','shophouse'),(1197,51,'1','30m',0,0,96,0,100,11,5,5,15,46,'not booked','T19-33','2024-05-15 07:00:00',46,46,'2024-05-15 07:00:00','2024-05-15 07:00:00','','NULL','shophouse'),(1198,51,'1','30m',0,0,120,0,100,11,5,5,15,46,'not booked','T19-35','2024-05-15 07:00:00',46,46,'2024-05-15 07:00:00','2024-05-15 07:00:00','','NULL','shophouse'),(1199,51,'1','30m',0,0,120,0,100,11,5,5,15,46,'not booked','T19-37','2024-05-15 07:00:00',46,46,'2024-05-15 07:00:00','2024-05-15 07:00:00','','NULL','shophouse'),(1200,51,'1','30m',0,0,96,0,100,11,5,5,15,46,'not booked','T19-39','2024-05-15 07:00:00',46,46,'2024-05-15 07:00:00','2024-05-15 07:00:00','','NULL','shophouse'),(1201,51,'1','30m',0,0,96,0,100,11,5,5,15,46,'not booked','T19-41','2024-05-15 07:00:00',46,46,'2024-05-15 07:00:00','2024-05-15 07:00:00','','NULL','shophouse'),(1202,51,'1','30m',0,0,96,0,100,11,5,5,15,46,'not booked','T19-43','2024-05-15 07:00:00',46,46,'2024-05-15 07:00:00','2024-05-15 07:00:00','','NULL','shophouse'),(1203,51,'1','30m',0,0,96,0,100,11,5,5,15,46,'not booked','T19-45','2024-05-15 07:00:00',46,46,'2024-05-15 07:00:00','2024-05-15 07:00:00','','NULL','shophouse'),(1204,51,'1','30m',0,0,96,0,100,11,5,5,15,46,'not booked','T19-47','2024-05-15 07:00:00',46,46,'2024-05-15 07:00:00','2024-05-15 07:00:00','','NULL','shophouse'),(1205,51,'1','30m',0,0,96,0,100,11,5,5,15,46,'not booked','T19-49','2024-05-15 07:00:00',46,46,'2024-05-15 07:00:00','2024-05-15 07:00:00','','NULL','shophouse'),(1206,51,'1','30m',0,0,120,0,100,11,5,5,15,46,'not booked','T19-51','2024-05-15 07:00:00',46,46,'2024-05-15 07:00:00','2024-05-15 07:00:00','','NULL','shophouse'),(1207,51,'1','30m',0,0,96,0,100,11,5,5,15,46,'not booked','T19-53','2024-05-15 07:00:00',46,46,'2024-05-15 07:00:00','2024-05-15 07:00:00','','NULL','shophouse'),(1208,51,'1','30m',0,0,96,0,100,11,5,5,15,46,'not booked','T19-55','2024-05-15 07:00:00',46,46,'2024-05-15 07:00:00','2024-05-15 07:00:00','','NULL','shophouse'),(1209,51,'1','30m',0,0,96,0,100,11,5,5,15,46,'not booked','T19-57','2024-05-15 07:00:00',46,46,'2024-05-15 07:00:00','2024-05-15 07:00:00','','NULL','shophouse'),(1210,51,'1','30m',0,0,155,0,100,11,5,5,15,46,'not booked','T21-02','2024-05-15 07:00:00',46,46,'2024-05-15 07:00:00','2024-05-15 07:00:00','','NULL','shophouse'),(1211,51,'1','30m',0,0,128,0,100,11,5,5,15,46,'not booked','T21-04','2024-05-15 07:00:00',46,46,'2024-05-15 07:00:00','2024-05-15 07:00:00','','NULL','shophouse'),(1212,51,'1','30m',0,0,144,0,100,11,5,5,15,46,'not booked','T21-06','2024-05-15 07:00:00',46,46,'2024-05-15 07:00:00','2024-05-15 07:00:00','','NULL','shophouse'),(1213,51,'1','30m',0,0,144,0,100,11,5,5,15,46,'not booked','T21-08','2024-05-15 07:00:00',46,46,'2024-05-15 07:00:00','2024-05-15 07:00:00','','NULL','shophouse'),(1214,51,'1','30m',0,0,144,0,100,11,5,5,15,46,'not booked','T21-10','2024-05-15 07:00:00',46,46,'2024-05-15 07:00:00','2024-05-15 07:00:00','','NULL','shophouse'),(1215,51,'1','30m',0,0,144,0,100,11,5,5,15,46,'not booked','T21-12','2024-05-15 07:00:00',46,46,'2024-05-15 07:00:00','2024-05-15 07:00:00','','NULL','shophouse'),(1216,51,'1','30m',0,0,180,0,100,11,5,5,15,46,'not booked','T21-14','2024-05-15 07:00:00',46,46,'2024-05-15 07:00:00','2024-05-15 07:00:00','','NULL','shophouse'),(1217,51,'1','30m',0,0,180,0,100,11,5,5,15,46,'not booked','T21-16','2024-05-15 07:00:00',46,46,'2024-05-15 07:00:00','2024-05-15 07:00:00','','NULL','shophouse'),(1218,51,'1','30m',0,0,144,0,100,11,5,5,15,46,'not booked','T21-18','2024-05-15 07:00:00',46,46,'2024-05-15 07:00:00','2024-05-15 07:00:00','','NULL','shophouse'),(1219,51,'1','30m',0,0,144,0,100,11,5,5,15,46,'not booked','T21-20','2024-05-15 07:00:00',46,46,'2024-05-15 07:00:00','2024-05-15 07:00:00','','NULL','shophouse'),(1220,51,'1','30m',0,0,144,0,100,11,5,5,15,46,'not booked','T21-22','2024-05-15 07:00:00',46,46,'2024-05-15 07:00:00','2024-05-15 07:00:00','','NULL','shophouse'),(1221,51,'1','30m',0,0,144,0,100,11,5,5,15,46,'not booked','T21-24','2024-05-15 07:00:00',46,46,'2024-05-15 07:00:00','2024-05-15 07:00:00','','NULL','shophouse'),(1222,51,'1','30m',0,0,144,0,100,11,5,5,15,46,'not booked','T21-26','2024-05-15 07:00:00',46,46,'2024-05-15 07:00:00','2024-05-15 07:00:00','','NULL','shophouse'),(1223,51,'1','30m',0,0,180,0,100,11,5,5,15,46,'not booked','T21-28','2024-05-15 07:00:00',46,46,'2024-05-15 07:00:00','2024-05-15 07:00:00','','NULL','shophouse'),(1224,51,'1','30m',0,0,180,0,100,11,5,5,15,46,'not booked','T21-30','2024-05-15 07:00:00',46,46,'2024-05-15 07:00:00','2024-05-15 07:00:00','','NULL','shophouse'),(1225,51,'1','30m',0,0,144,0,100,11,5,5,15,46,'not booked','T21-32','2024-05-15 07:00:00',46,46,'2024-05-15 07:00:00','2024-05-15 07:00:00','','NULL','shophouse'),(1226,51,'1','30m',0,0,144,0,100,11,5,5,15,46,'not booked','T21-34','2024-05-15 07:00:00',46,46,'2024-05-15 07:00:00','2024-05-15 07:00:00','','NULL','shophouse'),(1227,51,'1','30m',0,0,144,0,100,11,5,5,15,46,'not booked','T21-36','2024-05-15 07:00:00',46,46,'2024-05-15 07:00:00','2024-05-15 07:00:00','','NULL','shophouse'),(1228,51,'1','30m',0,0,144,0,100,11,5,5,15,46,'not booked','T21-38','2024-05-15 07:00:00',46,46,'2024-05-15 07:00:00','2024-05-15 07:00:00','','NULL','shophouse'),(1229,51,'1','30m',0,0,144,0,100,11,5,5,15,46,'not booked','T21-40','2024-05-15 07:00:00',46,46,'2024-05-15 07:00:00','2024-05-15 07:00:00','','NULL','shophouse'),(1230,51,'1','30m',0,0,144,0,100,11,5,5,15,46,'not booked','T21-42','2024-05-15 07:00:00',46,46,'2024-05-15 07:00:00','2024-05-15 07:00:00','','NULL','shophouse'),(1231,51,'1','30m',0,0,180,0,100,11,5,5,15,46,'not booked','T21-44','2024-05-15 07:00:00',46,46,'2024-05-15 07:00:00','2024-05-15 07:00:00','','NULL','shophouse'),(1232,51,'1','30m',0,0,144,0,100,11,5,5,15,46,'not booked','T21-46','2024-05-15 07:00:00',46,46,'2024-05-15 07:00:00','2024-05-15 07:00:00','','NULL','shophouse'),(1233,51,'1','30m',0,0,144,0,100,11,5,5,15,46,'not booked','T21-48','2024-05-15 07:00:00',46,46,'2024-05-15 07:00:00','2024-05-15 07:00:00','','NULL','shophouse'),(1234,51,'1','30m',0,0,144,0,100,11,5,5,15,46,'not booked','T21-50','2024-05-15 07:00:00',46,46,'2024-05-15 07:00:00','2024-05-15 07:00:00','','NULL','shophouse'),(1235,51,'1','30m',0,0,174,0,100,11,5,5,15,46,'not booked','T21-01','2024-05-15 07:00:00',46,46,'2024-05-15 07:00:00','2024-05-15 07:00:00','','NULL','shophouse'),(1236,51,'1','30m',0,0,144,0,100,11,5,5,15,46,'not booked','T21-03','2024-05-15 07:00:00',46,46,'2024-05-15 07:00:00','2024-05-15 07:00:00','','NULL','shophouse'),(1237,51,'1','30m',0,0,160,0,100,11,5,5,15,46,'not booked','T21-05','2024-05-15 07:00:00',46,46,'2024-05-15 07:00:00','2024-05-15 07:00:00','','NULL','shophouse'),(1238,51,'1','30m',0,0,160,0,100,11,5,5,15,46,'not booked','T21-07','2024-05-15 07:00:00',46,46,'2024-05-15 07:00:00','2024-05-15 07:00:00','','NULL','shophouse'),(1239,51,'1','30m',0,0,160,0,100,11,5,5,15,46,'not booked','T21-09','2024-05-15 07:00:00',46,46,'2024-05-15 07:00:00','2024-05-15 07:00:00','','NULL','shophouse'),(1240,51,'1','30m',0,0,160,0,100,11,5,5,15,46,'not booked','T21-11','2024-05-15 07:00:00',46,46,'2024-05-15 07:00:00','2024-05-15 07:00:00','','NULL','shophouse'),(1241,51,'1','30m',0,0,200,0,100,11,5,5,15,46,'not booked','T21-13','2024-05-15 07:00:00',46,46,'2024-05-15 07:00:00','2024-05-15 07:00:00','','NULL','shophouse'),(1242,51,'1','30m',0,0,200,0,100,11,5,5,15,46,'not booked','T21-15','2024-05-15 07:00:00',46,46,'2024-05-15 07:00:00','2024-05-15 07:00:00','','NULL','shophouse'),(1243,51,'1','30m',0,0,160,0,100,11,5,5,15,46,'not booked','T21-17','2024-05-15 07:00:00',46,46,'2024-05-15 07:00:00','2024-05-15 07:00:00','','NULL','shophouse'),(1244,51,'1','30m',0,0,160,0,100,11,5,5,15,46,'not booked','T21-19','2024-05-15 07:00:00',46,46,'2024-05-15 07:00:00','2024-05-15 07:00:00','','NULL','shophouse'),(1245,51,'1','30m',0,0,160,0,100,11,5,5,15,46,'not booked','T21-21','2024-05-15 07:00:00',46,46,'2024-05-15 07:00:00','2024-05-15 07:00:00','','NULL','shophouse'),(1246,51,'1','30m',0,0,160,0,100,11,5,5,15,46,'not booked','T21-23','2024-05-15 07:00:00',46,46,'2024-05-15 07:00:00','2024-05-15 07:00:00','','NULL','shophouse'),(1247,51,'1','30m',0,0,160,0,100,11,5,5,15,46,'not booked','T21-25','2024-05-15 07:00:00',46,46,'2024-05-15 07:00:00','2024-05-15 07:00:00','','NULL','shophouse'),(1248,51,'1','30m',0,0,200,0,100,11,5,5,15,46,'not booked','T21-27','2024-05-15 07:00:00',46,46,'2024-05-15 07:00:00','2024-05-15 07:00:00','','NULL','shophouse'),(1249,51,'1','30m',0,0,200,0,100,11,5,5,15,46,'not booked','T21-29','2024-05-15 07:00:00',46,46,'2024-05-15 07:00:00','2024-05-15 07:00:00','','NULL','shophouse'),(1250,51,'1','30m',0,0,160,0,100,11,5,5,15,46,'not booked','T21-31','2024-05-15 07:00:00',46,46,'2024-05-15 07:00:00','2024-05-15 07:00:00','','NULL','shophouse'),(1251,51,'1','30m',0,0,160,0,100,11,5,5,15,46,'not booked','T21-33','2024-05-15 07:00:00',46,46,'2024-05-15 07:00:00','2024-05-15 07:00:00','','NULL','shophouse'),(1252,51,'1','30m',0,0,160,0,100,11,5,5,15,46,'not booked','T21-35','2024-05-15 07:00:00',46,46,'2024-05-15 07:00:00','2024-05-15 07:00:00','','NULL','shophouse'),(1253,51,'1','30m',0,0,160,0,100,11,5,5,15,46,'not booked','T21-37','2024-05-15 07:00:00',46,46,'2024-05-15 07:00:00','2024-05-15 07:00:00','','NULL','shophouse'),(1254,51,'1','30m',0,0,160,0,100,11,5,5,15,46,'not booked','T21-39','2024-05-15 07:00:00',46,46,'2024-05-15 07:00:00','2024-05-15 07:00:00','','NULL','shophouse'),(1255,51,'1','30m',0,0,160,0,100,11,5,5,15,46,'not booked','T21-41','2024-05-15 07:00:00',46,46,'2024-05-15 07:00:00','2024-05-15 07:00:00','','NULL','shophouse'),(1506,52,'1','30m',0,0,282,0,100,11,5,5,15,46,'not booked','NX-LP-72','2024-05-15 07:00:00',46,46,'2024-05-15 07:00:00','2024-05-15 07:00:00','','NULL','shophouse'),(1507,52,'1','30m',0,0,186,0,100,11,5,5,15,46,'not booked','NX-LP-74','2024-05-15 07:00:00',46,46,'2024-05-15 07:00:00','2024-05-15 07:00:00','','NULL','shophouse'),(1508,52,'1','30m',0,0,185,0,100,11,5,5,15,46,'not booked','NX-LP-76','2024-05-15 07:00:00',46,46,'2024-05-15 07:00:00','2024-05-15 07:00:00','','NULL','shophouse'),(1509,52,'1','30m',0,0,184,0,100,11,5,5,15,46,'not booked','NX-LP-78','2024-05-15 07:00:00',46,46,'2024-05-15 07:00:00','2024-05-15 07:00:00','','NULL','shophouse'),(1510,52,'1','30m',0,0,183,0,100,11,5,5,15,46,'not booked','NX-LP-80','2024-05-15 07:00:00',46,46,'2024-05-15 07:00:00','2024-05-15 07:00:00','','NULL','shophouse'),(1511,52,'1','30m',0,0,226,0,100,11,5,5,15,46,'not booked','NX-LP-82','2024-05-15 07:00:00',46,46,'2024-05-15 07:00:00','2024-05-15 07:00:00','','NULL','shophouse'),(1512,52,'1','30m',0,0,220,0,100,11,5,5,15,46,'not booked','NX-LP-84','2024-05-15 07:00:00',46,46,'2024-05-15 07:00:00','2024-05-15 07:00:00','','NULL','shophouse'),(1513,52,'1','30m',0,0,176,0,100,11,5,5,15,46,'not booked','NX-LP-86','2024-05-15 07:00:00',46,46,'2024-05-15 07:00:00','2024-05-15 07:00:00','','NULL','shophouse'),(1514,52,'1','30m',0,0,176,0,100,11,5,5,15,46,'not booked','NX-LP-88','2024-05-15 07:00:00',46,46,'2024-05-15 07:00:00','2024-05-15 07:00:00','','NULL','shophouse'),(1515,52,'1','30m',0,0,176,0,100,11,5,5,15,46,'not booked','NX-LP-90','2024-05-15 07:00:00',46,46,'2024-05-15 07:00:00','2024-05-15 07:00:00','','NULL','shophouse'),(1516,52,'1','30m',0,0,176,0,100,11,5,5,15,46,'not booked','NX-LP-92','2024-05-15 07:00:00',46,46,'2024-05-15 07:00:00','2024-05-15 07:00:00','','NULL','shophouse'),(1517,52,'1','30m',0,0,176,0,100,11,5,5,15,46,'not booked','NX-LP-94','2024-05-15 07:00:00',46,46,'2024-05-15 07:00:00','2024-05-15 07:00:00','','NULL','shophouse'),(1518,52,'1','30m',0,0,176,0,100,11,5,5,15,46,'not booked','NX-LP-96','2024-05-15 07:00:00',46,46,'2024-05-15 07:00:00','2024-05-15 07:00:00','','NULL','shophouse'),(1519,52,'1','30m',0,0,176,0,100,11,5,5,15,46,'not booked','NX-LP-98','2024-05-15 07:00:00',46,46,'2024-05-15 07:00:00','2024-05-15 07:00:00','','NULL','shophouse'),(1520,52,'1','30m',0,0,220,0,100,11,5,5,15,46,'not booked','NX-LP-100','2024-05-15 07:00:00',46,46,'2024-05-15 07:00:00','2024-05-15 07:00:00','','NULL','shophouse'),(1521,52,'1','30m',0,0,220,0,100,11,5,5,15,46,'not booked','NX-LP-102','2024-05-15 07:00:00',46,46,'2024-05-15 07:00:00','2024-05-15 07:00:00','','NULL','shophouse'),(1522,52,'1','30m',0,0,176,0,100,11,5,5,15,46,'not booked','NX-LP-104','2024-05-15 07:00:00',46,46,'2024-05-15 07:00:00','2024-05-15 07:00:00','','NULL','shophouse'),(1523,52,'1','30m',0,0,176,0,100,11,5,5,15,46,'not booked','NX-LP-106','2024-05-15 07:00:00',46,46,'2024-05-15 07:00:00','2024-05-15 07:00:00','','NULL','shophouse'),(1524,52,'1','30m',0,0,176,0,100,11,5,5,15,46,'not booked','NX-LP-108','2024-05-15 07:00:00',46,46,'2024-05-15 07:00:00','2024-05-15 07:00:00','','NULL','shophouse'),(1525,52,'1','30m',0,0,176,0,100,11,5,5,15,46,'not booked','NX-LP-110','2024-05-15 07:00:00',46,46,'2024-05-15 07:00:00','2024-05-15 07:00:00','','NULL','shophouse'),(1526,52,'1','30m',0,0,176,0,100,11,5,5,15,46,'not booked','NX-LP-112','2024-05-15 07:00:00',46,46,'2024-05-15 07:00:00','2024-05-15 07:00:00','','NULL','shophouse'),(1527,52,'1','30m',0,0,176,0,100,11,5,5,15,46,'not booked','NX-LP-114','2024-05-15 07:00:00',46,46,'2024-05-15 07:00:00','2024-05-15 07:00:00','','NULL','shophouse'),(1528,52,'1','30m',0,0,176,0,100,11,5,5,15,46,'not booked','NX-LP-116','2024-05-15 07:00:00',46,46,'2024-05-15 07:00:00','2024-05-15 07:00:00','','NULL','shophouse'),(1529,52,'1','30m',0,0,220,0,100,11,5,5,15,46,'not booked','NX-LP-118','2024-05-15 07:00:00',46,46,'2024-05-15 07:00:00','2024-05-15 07:00:00','','NULL','shophouse'),(1530,52,'1','30m',0,0,220,0,100,11,5,5,15,46,'not booked','NX-LP-120','2024-05-15 07:00:00',46,46,'2024-05-15 07:00:00','2024-05-15 07:00:00','','NULL','shophouse'),(1531,52,'1','30m',0,0,176,0,100,11,5,5,15,46,'not booked','NX-LP-122','2024-05-15 07:00:00',46,46,'2024-05-15 07:00:00','2024-05-15 07:00:00','','NULL','shophouse'),(1532,52,'1','30m',0,0,176,0,100,11,5,5,15,46,'not booked','NX-LP-124','2024-05-15 07:00:00',46,46,'2024-05-15 07:00:00','2024-05-15 07:00:00','','NULL','shophouse'),(1533,52,'1','30m',0,0,176,0,100,11,5,5,15,46,'not booked','NX-LP-126','2024-05-15 07:00:00',46,46,'2024-05-15 07:00:00','2024-05-15 07:00:00','','NULL','shophouse'),(1534,52,'1','30m',0,0,176,0,100,11,5,5,15,46,'not booked','NX-LP-128','2024-05-15 07:00:00',46,46,'2024-05-15 07:00:00','2024-05-15 07:00:00','','NULL','shophouse'),(1535,52,'1','30m',0,0,176,0,100,11,5,5,15,46,'not booked','M4-50','2024-05-15 07:00:00',46,46,'2024-05-15 07:00:00','2024-05-15 07:00:00','','NULL','shophouse'),(1536,52,'1','30m',0,0,176,0,100,11,5,5,15,46,'not booked','M4-52','2024-05-15 07:00:00',46,46,'2024-05-15 07:00:00','2024-05-15 07:00:00','','NULL','shophouse'),(1537,52,'1','30m',0,0,176,0,100,11,5,5,15,46,'not booked','M4-54','2024-05-15 07:00:00',46,46,'2024-05-15 07:00:00','2024-05-15 07:00:00','','NULL','shophouse'),(1538,52,'1','30m',0,0,176,0,100,11,5,5,15,46,'not booked','M4-56','2024-05-15 07:00:00',46,46,'2024-05-15 07:00:00','2024-05-15 07:00:00','','NULL','shophouse'),(1539,52,'1','30m',0,0,176,0,100,11,5,5,15,46,'not booked','M4-58','2024-05-15 07:00:00',46,46,'2024-05-15 07:00:00','2024-05-15 07:00:00','','NULL','shophouse'),(1540,52,'1','30m',0,0,220,0,100,11,5,5,15,46,'not booked','M4-60','2024-05-15 07:00:00',46,46,'2024-05-15 07:00:00','2024-05-15 07:00:00','','NULL','shophouse'),(1541,52,'1','30m',0,0,220,0,100,11,5,5,15,46,'not booked','M4-62','2024-05-15 07:00:00',46,46,'2024-05-15 07:00:00','2024-05-15 07:00:00','','NULL','shophouse'),(1542,52,'1','30m',0,0,176,0,100,11,5,5,15,46,'not booked','M4-64','2024-05-15 07:00:00',46,46,'2024-05-15 07:00:00','2024-05-15 07:00:00','','NULL','shophouse'),(1543,52,'1','30m',0,0,176,0,100,11,5,5,15,46,'not booked','M4-66','2024-05-15 07:00:00',46,46,'2024-05-15 07:00:00','2024-05-15 07:00:00','','NULL','shophouse'),(1544,52,'1','30m',0,0,176,0,100,11,5,5,15,46,'not booked','M4-68','2024-05-15 07:00:00',46,46,'2024-05-15 07:00:00','2024-05-15 07:00:00','','NULL','shophouse'),(1545,52,'1','30m',0,0,176,0,100,11,5,5,15,46,'not booked','M4-70','2024-05-15 07:00:00',46,46,'2024-05-15 07:00:00','2024-05-15 07:00:00','','NULL','shophouse'),(1546,52,'1','30m',0,0,176,0,100,11,5,5,15,46,'not booked','M4-72','2024-05-15 07:00:00',46,46,'2024-05-15 07:00:00','2024-05-15 07:00:00','','NULL','shophouse'),(1547,52,'1','30m',0,0,176,0,100,11,5,5,15,46,'not booked','M4-74','2024-05-15 07:00:00',46,46,'2024-05-15 07:00:00','2024-05-15 07:00:00','','NULL','shophouse'),(1548,52,'1','30m',0,0,176,0,100,11,5,5,15,46,'not booked','M4-76','2024-05-15 07:00:00',46,46,'2024-05-15 07:00:00','2024-05-15 07:00:00','','NULL','shophouse'),(1549,52,'1','30m',0,0,220,0,100,11,5,5,15,46,'not booked','M4-78','2024-05-15 07:00:00',46,46,'2024-05-15 07:00:00','2024-05-15 07:00:00','','NULL','shophouse'),(1550,52,'1','30m',0,0,220,0,100,11,5,5,15,46,'not booked','M4-80','2024-05-15 07:00:00',46,46,'2024-05-15 07:00:00','2024-05-15 07:00:00','','NULL','shophouse'),(1551,52,'1','30m',0,0,176,0,100,11,5,5,15,46,'not booked','M4-82','2024-05-15 07:00:00',46,46,'2024-05-15 07:00:00','2024-05-15 07:00:00','','NULL','shophouse'),(1552,52,'1','30m',0,0,176,0,100,11,5,5,15,46,'not booked','M4-84','2024-05-15 07:00:00',46,46,'2024-05-15 07:00:00','2024-05-15 07:00:00','','NULL','shophouse'),(1553,52,'1','30m',0,0,176,0,100,11,5,5,15,46,'not booked','M4-86','2024-05-15 07:00:00',46,46,'2024-05-15 07:00:00','2024-05-15 07:00:00','','NULL','shophouse'),(1554,52,'1','30m',0,0,176,0,100,11,5,5,15,46,'not booked','M4-88','2024-05-15 07:00:00',46,46,'2024-05-15 07:00:00','2024-05-15 07:00:00','','NULL','shophouse'),(1555,52,'1','30m',0,0,176,0,100,11,5,5,15,46,'not booked','M4-90','2024-05-15 07:00:00',46,46,'2024-05-15 07:00:00','2024-05-15 07:00:00','','NULL','shophouse'),(1556,52,'1','30m',0,0,176,0,100,11,5,5,15,46,'not booked','M4-92','2024-05-15 07:00:00',46,46,'2024-05-15 07:00:00','2024-05-15 07:00:00','','NULL','shophouse'),(1557,52,'1','30m',0,0,176,0,100,11,5,5,15,46,'not booked','M4-94','2024-05-15 07:00:00',46,46,'2024-05-15 07:00:00','2024-05-15 07:00:00','','NULL','shophouse'),(1558,52,'1','30m',0,0,220,0,100,11,5,5,15,46,'not booked','M4-96','2024-05-15 07:00:00',46,46,'2024-05-15 07:00:00','2024-05-15 07:00:00','','NULL','shophouse'),(1559,52,'1','30m',0,0,220,0,100,11,5,5,15,46,'not booked','M4-98','2024-05-15 07:00:00',46,46,'2024-05-15 07:00:00','2024-05-15 07:00:00','','NULL','shophouse'),(1560,52,'1','30m',0,0,176,0,100,11,5,5,15,46,'not booked','M4-100','2024-05-15 07:00:00',46,46,'2024-05-15 07:00:00','2024-05-15 07:00:00','','NULL','shophouse'),(1561,52,'1','30m',0,0,176,0,100,11,5,5,15,46,'not booked','M4-102','2024-05-15 07:00:00',46,46,'2024-05-15 07:00:00','2024-05-15 07:00:00','','NULL','shophouse'),(1562,52,'1','30m',0,0,176,0,100,11,5,5,15,46,'not booked','M4-104','2024-05-15 07:00:00',46,46,'2024-05-15 07:00:00','2024-05-15 07:00:00','','NULL','shophouse'),(1563,52,'1','30m',0,0,156,0,100,11,5,5,15,46,'not booked','M4-106','2024-05-15 07:00:00',46,46,'2024-05-15 07:00:00','2024-05-15 07:00:00','','NULL','shophouse'),(1564,52,'1','30m',0,0,234,0,100,11,5,5,15,46,'not booked','M4-108','2024-05-15 07:00:00',46,46,'2024-05-15 07:00:00','2024-05-15 07:00:00','','NULL','shophouse'),(1565,52,'1','30m',0,0,108,0,100,11,5,5,15,46,'not booked','M2-04','2024-05-15 07:00:00',46,46,'2024-05-15 07:00:00','2024-05-15 07:00:00','','NULL','shophouse'),(1566,52,'1','30m',0,0,84,0,100,11,5,5,15,46,'not booked','M2-06','2024-05-15 07:00:00',46,46,'2024-05-15 07:00:00','2024-05-15 07:00:00','','NULL','shophouse'),(1567,52,'1','30m',0,0,84,0,100,11,5,5,15,46,'not booked','M2-08','2024-05-15 07:00:00',46,46,'2024-05-15 07:00:00','2024-05-15 07:00:00','','NULL','shophouse'),(1568,52,'1','30m',0,0,84,0,100,11,5,5,15,46,'not booked','M2-10','2024-05-15 07:00:00',46,46,'2024-05-15 07:00:00','2024-05-15 07:00:00','','NULL','shophouse'),(1569,52,'1','30m',0,0,84,0,100,11,5,5,15,46,'not booked','M2-12','2024-05-15 07:00:00',46,46,'2024-05-15 07:00:00','2024-05-15 07:00:00','','NULL','shophouse'),(1570,52,'1','30m',0,0,84,0,100,11,5,5,15,46,'not booked','M2-14','2024-05-15 07:00:00',46,46,'2024-05-15 07:00:00','2024-05-15 07:00:00','','NULL','shophouse'),(1571,52,'1','30m',0,0,84,0,100,11,5,5,15,46,'not booked','M2-16','2024-05-15 07:00:00',46,46,'2024-05-15 07:00:00','2024-05-15 07:00:00','','NULL','shophouse'),(1572,52,'1','30m',0,0,84,0,100,11,5,5,15,46,'not booked','M2-18','2024-05-15 07:00:00',46,46,'2024-05-15 07:00:00','2024-05-15 07:00:00','','NULL','shophouse'),(1573,52,'1','30m',0,0,108,0,100,11,5,5,15,46,'not booked','M2-20','2024-05-15 07:00:00',46,46,'2024-05-15 07:00:00','2024-05-15 07:00:00','','NULL','shophouse'),(1574,52,'1','30m',0,0,96,0,100,11,5,5,15,46,'not booked','M4-11','2024-05-15 07:00:00',46,46,'2024-05-15 07:00:00','2024-05-15 07:00:00','','NULL','shophouse'),(1575,52,'1','30m',0,0,96,0,100,11,5,5,15,46,'not booked','M4-13','2024-05-15 07:00:00',46,46,'2024-05-15 07:00:00','2024-05-15 07:00:00','','NULL','shophouse'),(1576,52,'1','30m',0,0,96,0,100,11,5,5,15,46,'not booked','M4-15','2024-05-15 07:00:00',46,46,'2024-05-15 07:00:00','2024-05-15 07:00:00','','NULL','shophouse'),(1577,52,'1','30m',0,0,96,0,100,11,5,5,15,46,'not booked','M4-17','2024-05-15 07:00:00',46,46,'2024-05-15 07:00:00','2024-05-15 07:00:00','','NULL','shophouse'),(1578,52,'1','30m',0,0,120,0,100,11,5,5,15,46,'not booked','M4-19','2024-05-15 07:00:00',46,46,'2024-05-15 07:00:00','2024-05-15 07:00:00','','NULL','shophouse'),(1579,52,'1','30m',0,0,120,0,100,11,5,5,15,46,'not booked','M4-21','2024-05-15 07:00:00',46,46,'2024-05-15 07:00:00','2024-05-15 07:00:00','','NULL','shophouse'),(1580,52,'1','30m',0,0,96,0,100,11,5,5,15,46,'not booked','M4-23','2024-05-15 07:00:00',46,46,'2024-05-15 07:00:00','2024-05-15 07:00:00','','NULL','shophouse'),(1581,52,'1','30m',0,0,96,0,100,11,5,5,15,46,'not booked','M4-25','2024-05-15 07:00:00',46,46,'2024-05-15 07:00:00','2024-05-15 07:00:00','','NULL','shophouse'),(1582,52,'1','30m',0,0,96,0,100,11,5,5,15,46,'not booked','M4-27','2024-05-15 07:00:00',46,46,'2024-05-15 07:00:00','2024-05-15 07:00:00','','NULL','shophouse'),(1583,52,'1','30m',0,0,96,0,100,11,5,5,15,46,'not booked','M4-29','2024-05-15 07:00:00',46,46,'2024-05-15 07:00:00','2024-05-15 07:00:00','','NULL','shophouse'),(1584,52,'1','30m',0,0,96,0,100,11,5,5,15,46,'not booked','M4-31','2024-05-15 07:00:00',46,46,'2024-05-15 07:00:00','2024-05-15 07:00:00','','NULL','shophouse'),(1585,52,'1','30m',0,0,120,0,100,11,5,5,15,46,'not booked','M4-33','2024-05-15 07:00:00',46,46,'2024-05-15 07:00:00','2024-05-15 07:00:00','','NULL','shophouse'),(1586,52,'1','30m',0,0,120,0,100,11,5,5,15,46,'not booked','M4-35','2024-05-15 07:00:00',46,46,'2024-05-15 07:00:00','2024-05-15 07:00:00','','NULL','shophouse'),(1587,52,'1','30m',0,0,96,0,100,11,5,5,15,46,'not booked','M4-37','2024-05-15 07:00:00',46,46,'2024-05-15 07:00:00','2024-05-15 07:00:00','','NULL','shophouse'),(1588,52,'1','30m',0,0,96,0,100,11,5,5,15,46,'not booked','M4-39','2024-05-15 07:00:00',46,46,'2024-05-15 07:00:00','2024-05-15 07:00:00','','NULL','shophouse'),(1589,52,'1','30m',0,0,96,0,100,11,5,5,15,46,'not booked','M4-41','2024-05-15 07:00:00',46,46,'2024-05-15 07:00:00','2024-05-15 07:00:00','','NULL','shophouse'),(1590,52,'1','30m',0,0,96,0,100,11,5,5,15,46,'not booked','M4-43','2024-05-15 07:00:00',46,46,'2024-05-15 07:00:00','2024-05-15 07:00:00','','NULL','shophouse'),(1591,52,'1','30m',0,0,96,0,100,11,5,5,15,46,'not booked','M4-45','2024-05-15 07:00:00',46,46,'2024-05-15 07:00:00','2024-05-15 07:00:00','','NULL','shophouse'),(1592,52,'1','30m',0,0,96,0,100,11,5,5,15,46,'not booked','M4-47','2024-05-15 07:00:00',46,46,'2024-05-15 07:00:00','2024-05-15 07:00:00','','NULL','shophouse'),(1593,52,'1','30m',0,0,120,0,100,11,5,5,15,46,'not booked','M4-49','2024-05-15 07:00:00',46,46,'2024-05-15 07:00:00','2024-05-15 07:00:00','','NULL','shophouse'),(1594,52,'1','30m',0,0,96,0,100,11,5,5,15,46,'not booked','M4-51','2024-05-15 07:00:00',46,46,'2024-05-15 07:00:00','2024-05-15 07:00:00','','NULL','shophouse'),(1595,52,'1','30m',0,0,96,0,100,11,5,5,15,46,'not booked','M4-53','2024-05-15 07:00:00',46,46,'2024-05-15 07:00:00','2024-05-15 07:00:00','','NULL','shophouse'),(1596,52,'1','30m',0,0,96,0,100,11,5,5,15,46,'not booked','M4-55','2024-05-15 07:00:00',46,46,'2024-05-15 07:00:00','2024-05-15 07:00:00','','NULL','shophouse'),(1597,52,'1','30m',0,0,144,0,100,11,5,5,15,46,'not booked','T15-02','2024-05-15 07:00:00',46,46,'2024-05-15 07:00:00','2024-05-15 07:00:00','','NULL','shophouse'),(1598,52,'1','30m',0,0,144,0,100,11,5,5,15,46,'not booked','T15-04','2024-05-15 07:00:00',46,46,'2024-05-15 07:00:00','2024-05-15 07:00:00','','NULL','shophouse'),(1599,52,'1','30m',0,0,144,0,100,11,5,5,15,46,'not booked','T15-06','2024-05-15 07:00:00',46,46,'2024-05-15 07:00:00','2024-05-15 07:00:00','','NULL','shophouse'),(1600,52,'1','30m',0,0,144,0,100,11,5,5,15,46,'not booked','T15-08','2024-05-15 07:00:00',46,46,'2024-05-15 07:00:00','2024-05-15 07:00:00','','NULL','shophouse'),(1601,52,'1','30m',0,0,180,0,100,11,5,5,15,46,'not booked','T15-10','2024-05-15 07:00:00',46,46,'2024-05-15 07:00:00','2024-05-15 07:00:00','','NULL','shophouse'),(1602,52,'1','30m',0,0,180,0,100,11,5,5,15,46,'not booked','T15-12','2024-05-15 07:00:00',46,46,'2024-05-15 07:00:00','2024-05-15 07:00:00','','NULL','shophouse'),(1603,52,'1','30m',0,0,144,0,100,11,5,5,15,46,'not booked','T15-14','2024-05-15 07:00:00',46,46,'2024-05-15 07:00:00','2024-05-15 07:00:00','','NULL','shophouse'),(1604,52,'1','30m',0,0,144,0,100,11,5,5,15,46,'not booked','T15-16','2024-05-15 07:00:00',46,46,'2024-05-15 07:00:00','2024-05-15 07:00:00','','NULL','shophouse'),(1605,52,'1','30m',0,0,144,0,100,11,5,5,15,46,'not booked','T15-18','2024-05-15 07:00:00',46,46,'2024-05-15 07:00:00','2024-05-15 07:00:00','','NULL','shophouse'),(1606,52,'1','30m',0,0,144,0,100,11,5,5,15,46,'not booked','T15-20','2024-05-15 07:00:00',46,46,'2024-05-15 07:00:00','2024-05-15 07:00:00','','NULL','shophouse'),(1607,52,'1','30m',0,0,144,0,100,11,5,5,15,46,'not booked','T15-22','2024-05-15 07:00:00',46,46,'2024-05-15 07:00:00','2024-05-15 07:00:00','','NULL','shophouse'),(1608,52,'1','30m',0,0,180,0,100,11,5,5,15,46,'not booked','T15-24','2024-05-15 07:00:00',46,46,'2024-05-15 07:00:00','2024-05-15 07:00:00','','NULL','shophouse'),(1609,52,'1','30m',0,0,180,0,100,11,5,5,15,46,'not booked','T15-26','2024-05-15 07:00:00',46,46,'2024-05-15 07:00:00','2024-05-15 07:00:00','','NULL','shophouse'),(1610,52,'1','30m',0,0,144,0,100,11,5,5,15,46,'not booked','T15-28','2024-05-15 07:00:00',46,46,'2024-05-15 07:00:00','2024-05-15 07:00:00','','NULL','shophouse'),(1611,52,'1','30m',0,0,144,0,100,11,5,5,15,46,'not booked','T15-30','2024-05-15 07:00:00',46,46,'2024-05-15 07:00:00','2024-05-15 07:00:00','','NULL','shophouse'),(1612,52,'1','30m',0,0,144,0,100,11,5,5,15,46,'not booked','T15-32','2024-05-15 07:00:00',46,46,'2024-05-15 07:00:00','2024-05-15 07:00:00','','NULL','shophouse'),(1613,52,'1','30m',0,0,144,0,100,11,5,5,15,46,'not booked','T15-34','2024-05-15 07:00:00',46,46,'2024-05-15 07:00:00','2024-05-15 07:00:00','','NULL','shophouse'),(1614,52,'1','30m',0,0,144,0,100,11,5,5,15,46,'not booked','T15-36','2024-05-15 07:00:00',46,46,'2024-05-15 07:00:00','2024-05-15 07:00:00','','NULL','shophouse'),(1615,52,'1','30m',0,0,144,0,100,11,5,5,15,46,'not booked','T15-38','2024-05-15 07:00:00',46,46,'2024-05-15 07:00:00','2024-05-15 07:00:00','','NULL','shophouse'),(1616,52,'1','30m',0,0,180,0,100,11,5,5,15,46,'not booked','T15-40','2024-05-15 07:00:00',46,46,'2024-05-15 07:00:00','2024-05-15 07:00:00','','NULL','shophouse'),(1617,52,'1','30m',0,0,144,0,100,11,5,5,15,46,'not booked','T15-42','2024-05-15 07:00:00',46,46,'2024-05-15 07:00:00','2024-05-15 07:00:00','','NULL','shophouse'),(1618,52,'1','30m',0,0,144,0,100,11,5,5,15,46,'not booked','T15-44','2024-05-15 07:00:00',46,46,'2024-05-15 07:00:00','2024-05-15 07:00:00','','NULL','shophouse'),(1619,52,'1','30m',0,0,144,0,100,11,5,5,15,46,'not booked','T15-46','2024-05-15 07:00:00',46,46,'2024-05-15 07:00:00','2024-05-15 07:00:00','','NULL','shophouse'),(1620,52,'1','30m',0,0,162,0,100,11,5,5,15,46,'not booked','T7-02','2024-05-15 07:00:00',46,46,'2024-05-15 07:00:00','2024-05-15 07:00:00','','NULL','shophouse'),(1621,52,'1','30m',0,0,126,0,100,11,5,5,15,46,'not booked','T7-04','2024-05-15 07:00:00',46,46,'2024-05-15 07:00:00','2024-05-15 07:00:00','','NULL','shophouse'),(1622,52,'1','30m',0,0,126,0,100,11,5,5,15,46,'not booked','T7-06','2024-05-15 07:00:00',46,46,'2024-05-15 07:00:00','2024-05-15 07:00:00','','NULL','shophouse'),(1623,52,'1','30m',0,0,126,0,100,11,5,5,15,46,'not booked','T7-08','2024-05-15 07:00:00',46,46,'2024-05-15 07:00:00','2024-05-15 07:00:00','','NULL','shophouse'),(1624,52,'1','30m',0,0,126,0,100,11,5,5,15,46,'not booked','T7-10','2024-05-15 07:00:00',46,46,'2024-05-15 07:00:00','2024-05-15 07:00:00','','NULL','shophouse'),(1625,52,'1','30m',0,0,126,0,100,11,5,5,15,46,'not booked','T7-12','2024-05-15 07:00:00',46,46,'2024-05-15 07:00:00','2024-05-15 07:00:00','','NULL','shophouse'),(1626,52,'1','30m',0,0,126,0,100,11,5,5,15,46,'not booked','T7-14','2024-05-15 07:00:00',46,46,'2024-05-15 07:00:00','2024-05-15 07:00:00','','NULL','shophouse'),(1627,52,'1','30m',0,0,126,0,100,11,5,5,15,46,'not booked','T7-16','2024-05-15 07:00:00',46,46,'2024-05-15 07:00:00','2024-05-15 07:00:00','','NULL','shophouse'),(1628,52,'1','30m',0,0,162,0,100,11,5,5,15,46,'not booked','T7-18','2024-05-15 07:00:00',46,46,'2024-05-15 07:00:00','2024-05-15 07:00:00','','NULL','shophouse'),(1629,52,'1','30m',0,0,96,0,100,11,5,5,15,46,'not booked','T15-01','2024-05-15 07:00:00',46,46,'2024-05-15 07:00:00','2024-05-15 07:00:00','','NULL','shophouse'),(1630,52,'1','30m',0,0,96,0,100,11,5,5,15,46,'not booked','T15-03','2024-05-15 07:00:00',46,46,'2024-05-15 07:00:00','2024-05-15 07:00:00','','NULL','shophouse'),(1631,52,'1','30m',0,0,96,0,100,11,5,5,15,46,'not booked','T15-05','2024-05-15 07:00:00',46,46,'2024-05-15 07:00:00','2024-05-15 07:00:00','','NULL','shophouse'),(1632,52,'1','30m',0,0,96,0,100,11,5,5,15,46,'not booked','T15-07','2024-05-15 07:00:00',46,46,'2024-05-15 07:00:00','2024-05-15 07:00:00','','NULL','shophouse'),(1633,52,'1','30m',0,0,96,0,100,11,5,5,15,46,'not booked','T15-09','2024-05-15 07:00:00',46,46,'2024-05-15 07:00:00','2024-05-15 07:00:00','','NULL','shophouse'),(1634,52,'1','30m',0,0,120,0,100,11,5,5,15,46,'not booked','T15-11','2024-05-15 07:00:00',46,46,'2024-05-15 07:00:00','2024-05-15 07:00:00','','NULL','shophouse'),(1635,52,'1','30m',0,0,120,0,100,11,5,5,15,46,'not booked','T15-13','2024-05-15 07:00:00',46,46,'2024-05-15 07:00:00','2024-05-15 07:00:00','','NULL','shophouse'),(1636,52,'1','30m',0,0,96,0,100,11,5,5,15,46,'not booked','T15-15','2024-05-15 07:00:00',46,46,'2024-05-15 07:00:00','2024-05-15 07:00:00','','NULL','shophouse'),(1637,52,'1','30m',0,0,96,0,100,11,5,5,15,46,'not booked','T15-17','2024-05-15 07:00:00',46,46,'2024-05-15 07:00:00','2024-05-15 07:00:00','','NULL','shophouse'),(1638,52,'1','30m',0,0,96,0,100,11,5,5,15,46,'not booked','T15-19','2024-05-15 07:00:00',46,46,'2024-05-15 07:00:00','2024-05-15 07:00:00','','NULL','shophouse'),(1639,52,'1','30m',0,0,96,0,100,11,5,5,15,46,'not booked','T15-21','2024-05-15 07:00:00',46,46,'2024-05-15 07:00:00','2024-05-15 07:00:00','','NULL','shophouse'),(1640,52,'1','30m',0,0,96,0,100,11,5,5,15,46,'not booked','T15-23','2024-05-15 07:00:00',46,46,'2024-05-15 07:00:00','2024-05-15 07:00:00','','NULL','shophouse'),(1641,52,'1','30m',0,0,120,0,100,11,5,5,15,46,'not booked','T15-25','2024-05-15 07:00:00',46,46,'2024-05-15 07:00:00','2024-05-15 07:00:00','','NULL','shophouse'),(1642,52,'1','30m',0,0,120,0,100,11,5,5,15,46,'not booked','T15-27','2024-05-15 07:00:00',46,46,'2024-05-15 07:00:00','2024-05-15 07:00:00','','NULL','shophouse'),(1643,52,'1','30m',0,0,96,0,100,11,5,5,15,46,'not booked','T15-29','2024-05-15 07:00:00',46,46,'2024-05-15 07:00:00','2024-05-15 07:00:00','','NULL','shophouse'),(1644,52,'1','30m',0,0,96,0,100,11,5,5,15,46,'not booked','T15-31','2024-05-15 07:00:00',46,46,'2024-05-15 07:00:00','2024-05-15 07:00:00','','NULL','shophouse'),(1645,52,'1','30m',0,0,96,0,100,11,5,5,15,46,'not booked','T15-33','2024-05-15 07:00:00',46,46,'2024-05-15 07:00:00','2024-05-15 07:00:00','','NULL','shophouse'),(1646,52,'1','30m',0,0,96,0,100,11,5,5,15,46,'not booked','T15-35','2024-05-15 07:00:00',46,46,'2024-05-15 07:00:00','2024-05-15 07:00:00','','NULL','shophouse'),(1647,52,'1','30m',0,0,96,0,100,11,5,5,15,46,'not booked','T15-37','2024-05-15 07:00:00',46,46,'2024-05-15 07:00:00','2024-05-15 07:00:00','','NULL','shophouse'),(1648,52,'1','30m',0,0,96,0,100,11,5,5,15,46,'not booked','T15-39','2024-05-15 07:00:00',46,46,'2024-05-15 07:00:00','2024-05-15 07:00:00','','NULL','shophouse'),(1649,52,'1','30m',0,0,120,0,100,11,5,5,15,46,'not booked','T15-41','2024-05-15 07:00:00',46,46,'2024-05-15 07:00:00','2024-05-15 07:00:00','','NULL','shophouse'),(1650,52,'1','30m',0,0,96,0,100,11,5,5,15,46,'not booked','T15-43','2024-05-15 07:00:00',46,46,'2024-05-15 07:00:00','2024-05-15 07:00:00','','NULL','shophouse'),(1651,52,'1','30m',0,0,96,0,100,11,5,5,15,46,'not booked','T15-45','2024-05-15 07:00:00',46,46,'2024-05-15 07:00:00','2024-05-15 07:00:00','','NULL','shophouse'),(1652,52,'1','30m',0,0,96,0,100,11,5,5,15,46,'not booked','T15-47','2024-05-15 07:00:00',46,46,'2024-05-15 07:00:00','2024-05-15 07:00:00','','NULL','shophouse'),(1653,52,'1','30m',0,0,108,0,100,11,5,5,15,46,'not booked','T7-01','2024-05-15 07:00:00',46,46,'2024-05-15 07:00:00','2024-05-15 07:00:00','','NULL','shophouse'),(1654,52,'1','30m',0,0,84,0,100,11,5,5,15,46,'not booked','T7-03','2024-05-15 07:00:00',46,46,'2024-05-15 07:00:00','2024-05-15 07:00:00','','NULL','shophouse'),(1655,52,'1','30m',0,0,84,0,100,11,5,5,15,46,'not booked','T7-05','2024-05-15 07:00:00',46,46,'2024-05-15 07:00:00','2024-05-15 07:00:00','','NULL','shophouse'),(1656,52,'1','30m',0,0,84,0,100,11,5,5,15,46,'not booked','T7-07','2024-05-15 07:00:00',46,46,'2024-05-15 07:00:00','2024-05-15 07:00:00','','NULL','shophouse'),(1657,52,'1','30m',0,0,84,0,100,11,5,5,15,46,'not booked','T7-09','2024-05-15 07:00:00',46,46,'2024-05-15 07:00:00','2024-05-15 07:00:00','','NULL','shophouse'),(1658,52,'1','30m',0,0,84,0,100,11,5,5,15,46,'not booked','T7-11','2024-05-15 07:00:00',46,46,'2024-05-15 07:00:00','2024-05-15 07:00:00','','NULL','shophouse'),(1659,52,'1','30m',0,0,84,0,100,11,5,5,15,46,'not booked','T7-13','2024-05-15 07:00:00',46,46,'2024-05-15 07:00:00','2024-05-15 07:00:00','','NULL','shophouse'),(1660,52,'1','30m',0,0,84,0,100,11,5,5,15,46,'not booked','T7-15','2024-05-15 07:00:00',46,46,'2024-05-15 07:00:00','2024-05-15 07:00:00','','NULL','shophouse'),(1661,52,'1','30m',0,0,108,0,100,11,5,5,15,46,'not booked','T7-17','2024-05-15 07:00:00',46,46,'2024-05-15 07:00:00','2024-05-15 07:00:00','','NULL','shophouse'),(1662,52,'1','30m',0,0,144,0,100,11,5,5,15,46,'not booked','T17-04','2024-05-15 07:00:00',46,46,'2024-05-15 07:00:00','2024-05-15 07:00:00','','NULL','shophouse'),(1663,52,'1','30m',0,0,144,0,100,11,5,5,15,46,'not booked','T17-06','2024-05-15 07:00:00',46,46,'2024-05-15 07:00:00','2024-05-15 07:00:00','','NULL','shophouse'),(1664,52,'1','30m',0,0,144,0,100,11,5,5,15,46,'not booked','T17-08','2024-05-15 07:00:00',46,46,'2024-05-15 07:00:00','2024-05-15 07:00:00','','NULL','shophouse'),(1665,52,'1','30m',0,0,144,0,100,11,5,5,15,46,'not booked','T17-10','2024-05-15 07:00:00',46,46,'2024-05-15 07:00:00','2024-05-15 07:00:00','','NULL','shophouse'),(1666,52,'1','30m',0,0,144,0,100,11,5,5,15,46,'not booked','T17-12','2024-05-15 07:00:00',46,46,'2024-05-15 07:00:00','2024-05-15 07:00:00','','NULL','shophouse'),(1667,52,'1','30m',0,0,180,0,100,11,5,5,15,46,'not booked','T17-14','2024-05-15 07:00:00',46,46,'2024-05-15 07:00:00','2024-05-15 07:00:00','','NULL','shophouse'),(1668,52,'1','30m',0,0,180,0,100,11,5,5,15,46,'not booked','T17-16','2024-05-15 07:00:00',46,46,'2024-05-15 07:00:00','2024-05-15 07:00:00','','NULL','shophouse'),(1669,52,'1','30m',0,0,144,0,100,11,5,5,15,46,'not booked','T17-18','2024-05-15 07:00:00',46,46,'2024-05-15 07:00:00','2024-05-15 07:00:00','','NULL','shophouse'),(1670,52,'1','30m',0,0,144,0,100,11,5,5,15,46,'not booked','T17-20','2024-05-15 07:00:00',46,46,'2024-05-15 07:00:00','2024-05-15 07:00:00','','NULL','shophouse'),(1671,52,'1','30m',0,0,144,0,100,11,5,5,15,46,'not booked','T17-22','2024-05-15 07:00:00',46,46,'2024-05-15 07:00:00','2024-05-15 07:00:00','','NULL','shophouse'),(1672,52,'1','30m',0,0,144,0,100,11,5,5,15,46,'not booked','T17-24','2024-05-15 07:00:00',46,46,'2024-05-15 07:00:00','2024-05-15 07:00:00','','NULL','shophouse'),(1673,52,'1','30m',0,0,144,0,100,11,5,5,15,46,'not booked','T17-26','2024-05-15 07:00:00',46,46,'2024-05-15 07:00:00','2024-05-15 07:00:00','','NULL','shophouse'),(1674,52,'1','30m',0,0,180,0,100,11,5,5,15,46,'not booked','T17-28','2024-05-15 07:00:00',46,46,'2024-05-15 07:00:00','2024-05-15 07:00:00','','NULL','shophouse'),(1675,52,'1','30m',0,0,180,0,100,11,5,5,15,46,'not booked','T17-30','2024-05-15 07:00:00',46,46,'2024-05-15 07:00:00','2024-05-15 07:00:00','','NULL','shophouse'),(1676,52,'1','30m',0,0,144,0,100,11,5,5,15,46,'not booked','T17-32','2024-05-15 07:00:00',46,46,'2024-05-15 07:00:00','2024-05-15 07:00:00','','NULL','shophouse'),(1677,52,'1','30m',0,0,144,0,100,11,5,5,15,46,'not booked','T17-34','2024-05-15 07:00:00',46,46,'2024-05-15 07:00:00','2024-05-15 07:00:00','','NULL','shophouse'),(1678,52,'1','30m',0,0,144,0,100,11,5,5,15,46,'not booked','T17-36','2024-05-15 07:00:00',46,46,'2024-05-15 07:00:00','2024-05-15 07:00:00','','NULL','shophouse'),(1679,52,'1','30m',0,0,144,0,100,11,5,5,15,46,'not booked','T17-38','2024-05-15 07:00:00',46,46,'2024-05-15 07:00:00','2024-05-15 07:00:00','','NULL','shophouse'),(1680,52,'1','30m',0,0,144,0,100,11,5,5,15,46,'not booked','T17-40','2024-05-15 07:00:00',46,46,'2024-05-15 07:00:00','2024-05-15 07:00:00','','NULL','shophouse'),(1681,52,'1','30m',0,0,144,0,100,11,5,5,15,46,'not booked','T17-42','2024-05-15 07:00:00',46,46,'2024-05-15 07:00:00','2024-05-15 07:00:00','','NULL','shophouse'),(1682,52,'1','30m',0,0,180,0,100,11,5,5,15,46,'not booked','T17-44','2024-05-15 07:00:00',46,46,'2024-05-15 07:00:00','2024-05-15 07:00:00','','NULL','shophouse'),(1683,52,'1','30m',0,0,144,0,100,11,5,5,15,46,'not booked','T17-46','2024-05-15 07:00:00',46,46,'2024-05-15 07:00:00','2024-05-15 07:00:00','','NULL','shophouse'),(1684,52,'1','30m',0,0,144,0,100,11,5,5,15,46,'not booked','T17-48','2024-05-15 07:00:00',46,46,'2024-05-15 07:00:00','2024-05-15 07:00:00','','NULL','shophouse'),(1685,52,'1','30m',0,0,144,0,100,11,5,5,15,46,'not booked','T17-50','2024-05-15 07:00:00',46,46,'2024-05-15 07:00:00','2024-05-15 07:00:00','','NULL','shophouse'),(1686,52,'1','30m',0,0,162,0,100,11,5,5,15,46,'not booked','T9-02','2024-05-15 07:00:00',46,46,'2024-05-15 07:00:00','2024-05-15 07:00:00','','NULL','shophouse'),(1687,52,'1','30m',0,0,126,0,100,11,5,5,15,46,'not booked','T9-04','2024-05-15 07:00:00',46,46,'2024-05-15 07:00:00','2024-05-15 07:00:00','','NULL','shophouse'),(1688,52,'1','30m',0,0,126,0,100,11,5,5,15,46,'not booked','T9-06','2024-05-15 07:00:00',46,46,'2024-05-15 07:00:00','2024-05-15 07:00:00','','NULL','shophouse'),(1689,52,'1','30m',0,0,126,0,100,11,5,5,15,46,'not booked','T9-08','2024-05-15 07:00:00',46,46,'2024-05-15 07:00:00','2024-05-15 07:00:00','','NULL','shophouse'),(1690,52,'1','30m',0,0,126,0,100,11,5,5,15,46,'not booked','T9-10','2024-05-15 07:00:00',46,46,'2024-05-15 07:00:00','2024-05-15 07:00:00','','NULL','shophouse'),(1691,52,'1','30m',0,0,126,0,100,11,5,5,15,46,'not booked','T9-12','2024-05-15 07:00:00',46,46,'2024-05-15 07:00:00','2024-05-15 07:00:00','','NULL','shophouse'),(1692,52,'1','30m',0,0,126,0,100,11,5,5,15,46,'not booked','T9-14','2024-05-15 07:00:00',46,46,'2024-05-15 07:00:00','2024-05-15 07:00:00','','NULL','shophouse'),(1693,52,'1','30m',0,0,126,0,100,11,5,5,15,46,'not booked','T9-16','2024-05-15 07:00:00',46,46,'2024-05-15 07:00:00','2024-05-15 07:00:00','','NULL','shophouse'),(1694,52,'1','30m',0,0,162,0,100,11,5,5,15,46,'not booked','T9-18','2024-05-15 07:00:00',46,46,'2024-05-15 07:00:00','2024-05-15 07:00:00','','NULL','shophouse'),(1695,52,'1','30m',0,0,144,0,100,11,5,5,15,46,'not booked','T17-03','2024-05-15 07:00:00',46,46,'2024-05-15 07:00:00','2024-05-15 07:00:00','','NULL','shophouse'),(1696,52,'1','30m',0,0,144,0,100,11,5,5,15,46,'not booked','T17-05','2024-05-15 07:00:00',46,46,'2024-05-15 07:00:00','2024-05-15 07:00:00','','NULL','shophouse'),(1697,52,'1','30m',0,0,144,0,100,11,5,5,15,46,'not booked','T17-07','2024-05-15 07:00:00',46,46,'2024-05-15 07:00:00','2024-05-15 07:00:00','','NULL','shophouse'),(1698,52,'1','30m',0,0,144,0,100,11,5,5,15,46,'not booked','T17-09','2024-05-15 07:00:00',46,46,'2024-05-15 07:00:00','2024-05-15 07:00:00','','NULL','shophouse'),(1699,52,'1','30m',0,0,144,0,100,11,5,5,15,46,'not booked','T17-11','2024-05-15 07:00:00',46,46,'2024-05-15 07:00:00','2024-05-15 07:00:00','','NULL','shophouse'),(1700,52,'1','30m',0,0,144,0,100,11,5,5,15,46,'not booked','T17-13','2024-05-15 07:00:00',46,46,'2024-05-15 07:00:00','2024-05-15 07:00:00','','NULL','shophouse'),(1701,52,'1','30m',0,0,144,0,100,11,5,5,15,46,'not booked','T17-15','2024-05-15 07:00:00',46,46,'2024-05-15 07:00:00','2024-05-15 07:00:00','','NULL','shophouse'),(1702,52,'1','30m',0,0,144,0,100,11,5,5,15,46,'not booked','T17-17','2024-05-15 07:00:00',46,46,'2024-05-15 07:00:00','2024-05-15 07:00:00','','NULL','shophouse'),(1703,52,'1','30m',0,0,144,0,100,11,5,5,15,46,'not booked','T17-19','2024-05-15 07:00:00',46,46,'2024-05-15 07:00:00','2024-05-15 07:00:00','','NULL','shophouse'),(1704,52,'1','30m',0,0,144,0,100,11,5,5,15,46,'not booked','T17-21','2024-05-15 07:00:00',46,46,'2024-05-15 07:00:00','2024-05-15 07:00:00','','NULL','shophouse'),(1705,52,'1','30m',0,0,144,0,100,11,5,5,15,46,'not booked','T17-23','2024-05-15 07:00:00',46,46,'2024-05-15 07:00:00','2024-05-15 07:00:00','','NULL','shophouse'),(1706,52,'1','30m',0,0,144,0,100,11,5,5,15,46,'not booked','T17-25','2024-05-15 07:00:00',46,46,'2024-05-15 07:00:00','2024-05-15 07:00:00','','NULL','shophouse'),(1707,52,'1','30m',0,0,144,0,100,11,5,5,15,46,'not booked','T17-27','2024-05-15 07:00:00',46,46,'2024-05-15 07:00:00','2024-05-15 07:00:00','','NULL','shophouse'),(1708,52,'1','30m',0,0,144,0,100,11,5,5,15,46,'not booked','T17-29','2024-05-15 07:00:00',46,46,'2024-05-15 07:00:00','2024-05-15 07:00:00','','NULL','shophouse'),(1709,52,'1','30m',0,0,144,0,100,11,5,5,15,46,'not booked','T17-31','2024-05-15 07:00:00',46,46,'2024-05-15 07:00:00','2024-05-15 07:00:00','','NULL','shophouse'),(1710,52,'1','30m',0,0,144,0,100,11,5,5,15,46,'not booked','T17-33','2024-05-15 07:00:00',46,46,'2024-05-15 07:00:00','2024-05-15 07:00:00','','NULL','shophouse'),(1711,52,'1','30m',0,0,144,0,100,11,5,5,15,46,'not booked','T17-35','2024-05-15 07:00:00',46,46,'2024-05-15 07:00:00','2024-05-15 07:00:00','','NULL','shophouse'),(1712,52,'1','30m',0,0,144,0,100,11,5,5,15,46,'not booked','T17-37','2024-05-15 07:00:00',46,46,'2024-05-15 07:00:00','2024-05-15 07:00:00','','NULL','shophouse'),(1713,52,'1','30m',0,0,144,0,100,11,5,5,15,46,'not booked','T17-39','2024-05-15 07:00:00',46,46,'2024-05-15 07:00:00','2024-05-15 07:00:00','','NULL','shophouse'),(1714,52,'1','30m',0,0,144,0,100,11,5,5,15,46,'not booked','T17-41','2024-05-15 07:00:00',46,46,'2024-05-15 07:00:00','2024-05-15 07:00:00','','NULL','shophouse'),(1715,52,'1','30m',0,0,180,0,100,11,5,5,15,46,'not booked','T17-45','2024-05-15 07:00:00',46,46,'2024-05-15 07:00:00','2024-05-15 07:00:00','','NULL','shophouse'),(1716,52,'1','30m',0,0,144,0,100,11,5,5,15,46,'not booked','T17-47','2024-05-15 07:00:00',46,46,'2024-05-15 07:00:00','2024-05-15 07:00:00','','NULL','shophouse'),(1717,52,'1','30m',0,0,144,0,100,11,5,5,15,46,'not booked','T17-49','2024-05-15 07:00:00',46,46,'2024-05-15 07:00:00','2024-05-15 07:00:00','','NULL','shophouse'),(1718,52,'1','30m',0,0,144,0,100,11,5,5,15,46,'not booked','T17-51','2024-05-15 07:00:00',46,46,'2024-05-15 07:00:00','2024-05-15 07:00:00','','NULL','shophouse'),(1719,52,'1','30m',0,0,108,0,100,11,5,5,15,46,'not booked','T9-01','2024-05-15 07:00:00',46,46,'2024-05-15 07:00:00','2024-05-15 07:00:00','','NULL','shophouse'),(1720,52,'1','30m',0,0,84,0,100,11,5,5,15,46,'not booked','T9-03','2024-05-15 07:00:00',46,46,'2024-05-15 07:00:00','2024-05-15 07:00:00','','NULL','shophouse'),(1721,52,'1','30m',0,0,84,0,100,11,5,5,15,46,'not booked','T9-05','2024-05-15 07:00:00',46,46,'2024-05-15 07:00:00','2024-05-15 07:00:00','','NULL','shophouse'),(1722,52,'1','30m',0,0,84,0,100,11,5,5,15,46,'not booked','T9-07','2024-05-15 07:00:00',46,46,'2024-05-15 07:00:00','2024-05-15 07:00:00','','NULL','shophouse'),(1723,52,'1','30m',0,0,84,0,100,11,5,5,15,46,'not booked','T9-09','2024-05-15 07:00:00',46,46,'2024-05-15 07:00:00','2024-05-15 07:00:00','','NULL','shophouse'),(1724,52,'1','30m',0,0,84,0,100,11,5,5,15,46,'not booked','T9-11','2024-05-15 07:00:00',46,46,'2024-05-15 07:00:00','2024-05-15 07:00:00','','NULL','shophouse'),(1725,52,'1','30m',0,0,84,0,100,11,5,5,15,46,'not booked','T9-13','2024-05-15 07:00:00',46,46,'2024-05-15 07:00:00','2024-05-15 07:00:00','','NULL','shophouse'),(1726,52,'1','30m',0,0,84,0,100,11,5,5,15,46,'not booked','T9-15','2024-05-15 07:00:00',46,46,'2024-05-15 07:00:00','2024-05-15 07:00:00','','NULL','shophouse'),(1727,52,'1','30m',0,0,108,0,100,11,5,5,15,46,'not booked','T9-17','2024-05-15 07:00:00',46,46,'2024-05-15 07:00:00','2024-05-15 07:00:00','','NULL','shophouse'),(1728,52,'1','30m',0,0,144,0,100,11,5,5,15,46,'not booked','M5-04','2024-05-15 07:00:00',46,46,'2024-05-15 07:00:00','2024-05-15 07:00:00','','NULL','shophouse'),(1729,52,'1','30m',0,0,144,0,100,11,5,5,15,46,'not booked','M5-06','2024-05-15 07:00:00',46,46,'2024-05-15 07:00:00','2024-05-15 07:00:00','','NULL','shophouse'),(1730,52,'1','30m',0,0,144,0,100,11,5,5,15,46,'not booked','M5-08','2024-05-15 07:00:00',46,46,'2024-05-15 07:00:00','2024-05-15 07:00:00','','NULL','shophouse'),(1731,52,'1','30m',0,0,144,0,100,11,5,5,15,46,'not booked','M5-10','2024-05-15 07:00:00',46,46,'2024-05-15 07:00:00','2024-05-15 07:00:00','','NULL','shophouse'),(1732,52,'1','30m',0,0,144,0,100,11,5,5,15,46,'not booked','M5-12','2024-05-15 07:00:00',46,46,'2024-05-15 07:00:00','2024-05-15 07:00:00','','NULL','shophouse'),(1733,52,'1','30m',0,0,144,0,100,11,5,5,15,46,'not booked','M5-14','2024-05-15 07:00:00',46,46,'2024-05-15 07:00:00','2024-05-15 07:00:00','','NULL','shophouse'),(1734,52,'1','30m',0,0,144,0,100,11,5,5,15,46,'not booked','M5-16','2024-05-15 07:00:00',46,46,'2024-05-15 07:00:00','2024-05-15 07:00:00','','NULL','shophouse'),(1735,52,'1','30m',0,0,144,0,100,11,5,5,15,46,'not booked','M5-18','2024-05-15 07:00:00',46,46,'2024-05-15 07:00:00','2024-05-15 07:00:00','','NULL','shophouse'),(1736,52,'1','30m',0,0,144,0,100,11,5,5,15,46,'not booked','M5-20','2024-05-15 07:00:00',46,46,'2024-05-15 07:00:00','2024-05-15 07:00:00','','NULL','shophouse'),(1737,52,'1','30m',0,0,144,0,100,11,5,5,15,46,'not booked','M5-22','2024-05-15 07:00:00',46,46,'2024-05-15 07:00:00','2024-05-15 07:00:00','','NULL','shophouse'),(1738,52,'1','30m',0,0,144,0,100,11,5,5,15,46,'not booked','M5-24','2024-05-15 07:00:00',46,46,'2024-05-15 07:00:00','2024-05-15 07:00:00','','NULL','shophouse'),(1739,52,'1','30m',0,0,144,0,100,11,5,5,15,46,'not booked','M5-26','2024-05-15 07:00:00',46,46,'2024-05-15 07:00:00','2024-05-15 07:00:00','','NULL','shophouse'),(1740,52,'1','30m',0,0,144,0,100,11,5,5,15,46,'not booked','M5-28','2024-05-15 07:00:00',46,46,'2024-05-15 07:00:00','2024-05-15 07:00:00','','NULL','shophouse'),(1741,52,'1','30m',0,0,144,0,100,11,5,5,15,46,'not booked','M5-30','2024-05-15 07:00:00',46,46,'2024-05-15 07:00:00','2024-05-15 07:00:00','','NULL','shophouse'),(1742,52,'1','30m',0,0,144,0,100,11,5,5,15,46,'not booked','M5-32','2024-05-15 07:00:00',46,46,'2024-05-15 07:00:00','2024-05-15 07:00:00','','NULL','shophouse'),(1743,52,'1','30m',0,0,144,0,100,11,5,5,15,46,'not booked','M5-34','2024-05-15 07:00:00',46,46,'2024-05-15 07:00:00','2024-05-15 07:00:00','','NULL','shophouse'),(1744,52,'1','30m',0,0,144,0,100,11,5,5,15,46,'not booked','M5-36','2024-05-15 07:00:00',46,46,'2024-05-15 07:00:00','2024-05-15 07:00:00','','NULL','shophouse'),(1745,52,'1','30m',0,0,144,0,100,11,5,5,15,46,'not booked','M5-38','2024-05-15 07:00:00',46,46,'2024-05-15 07:00:00','2024-05-15 07:00:00','','NULL','shophouse'),(1746,52,'1','30m',0,0,144,0,100,11,5,5,15,46,'not booked','M5-40','2024-05-15 07:00:00',46,46,'2024-05-15 07:00:00','2024-05-15 07:00:00','','NULL','shophouse'),(1747,52,'1','30m',0,0,144,0,100,11,5,5,15,46,'not booked','M5-42','2024-05-15 07:00:00',46,46,'2024-05-15 07:00:00','2024-05-15 07:00:00','','NULL','shophouse'),(1748,52,'1','30m',0,0,144,0,100,11,5,5,15,46,'not booked','M5-44','2024-05-15 07:00:00',46,46,'2024-05-15 07:00:00','2024-05-15 07:00:00','','NULL','shophouse'),(1749,52,'1','30m',0,0,180,0,100,11,5,5,15,46,'not booked','M5-48','2024-05-15 07:00:00',46,46,'2024-05-15 07:00:00','2024-05-15 07:00:00','','NULL','shophouse'),(1750,52,'1','30m',0,0,144,0,100,11,5,5,15,46,'not booked','M5-50','2024-05-15 07:00:00',46,46,'2024-05-15 07:00:00','2024-05-15 07:00:00','','NULL','shophouse'),(1751,52,'1','30m',0,0,144,0,100,11,5,5,15,46,'not booked','M5-52','2024-05-15 07:00:00',46,46,'2024-05-15 07:00:00','2024-05-15 07:00:00','','NULL','shophouse'),(1752,52,'1','30m',0,0,144,0,100,11,5,5,15,46,'not booked','M5-54','2024-05-15 07:00:00',46,46,'2024-05-15 07:00:00','2024-05-15 07:00:00','','NULL','shophouse'),(1753,52,'1','30m',0,0,162,0,100,11,5,5,15,46,'not booked','M3-03','2024-05-15 07:00:00',46,46,'2024-05-15 07:00:00','2024-05-15 07:00:00','','NULL','shophouse'),(1754,52,'1','30m',0,0,126,0,100,11,5,5,15,46,'not booked','M3-05','2024-05-15 07:00:00',46,46,'2024-05-15 07:00:00','2024-05-15 07:00:00','','NULL','shophouse'),(1755,52,'1','30m',0,0,126,0,100,11,5,5,15,46,'not booked','M3-07','2024-05-15 07:00:00',46,46,'2024-05-15 07:00:00','2024-05-15 07:00:00','','NULL','shophouse'),(1756,52,'1','30m',0,0,126,0,100,11,5,5,15,46,'not booked','M3-09','2024-05-15 07:00:00',46,46,'2024-05-15 07:00:00','2024-05-15 07:00:00','','NULL','shophouse'),(1757,52,'1','30m',0,0,126,0,100,11,5,5,15,46,'not booked','M3-11','2024-05-15 07:00:00',46,46,'2024-05-15 07:00:00','2024-05-15 07:00:00','','NULL','shophouse'),(1758,52,'1','30m',0,0,126,0,100,11,5,5,15,46,'not booked','M3-13','2024-05-15 07:00:00',46,46,'2024-05-15 07:00:00','2024-05-15 07:00:00','','NULL','shophouse'),(1759,52,'1','30m',0,0,126,0,100,11,5,5,15,46,'not booked','M3-15','2024-05-15 07:00:00',46,46,'2024-05-15 07:00:00','2024-05-15 07:00:00','','NULL','shophouse'),(1760,52,'1','30m',0,0,126,0,100,11,5,5,15,46,'not booked','M3-17','2024-05-15 07:00:00',46,46,'2024-05-15 07:00:00','2024-05-15 07:00:00','','NULL','shophouse'),(1761,52,'1','30m',0,0,162,0,100,11,5,5,15,46,'not booked','M3-19','2024-05-15 07:00:00',46,46,'2024-05-15 07:00:00','2024-05-15 07:00:00','','NULL','shophouse'),(1762,52,'1','30m',0,0,108,0,100,11,5,5,15,46,'not booked','M3-02','2024-05-15 07:00:00',46,46,'2024-05-15 07:00:00','2024-05-15 07:00:00','','NULL','shophouse'),(1763,52,'1','30m',0,0,84,0,100,11,5,5,15,46,'not booked','M3-04','2024-05-15 07:00:00',46,46,'2024-05-15 07:00:00','2024-05-15 07:00:00','','NULL','shophouse'),(1764,52,'1','30m',0,0,84,0,100,11,5,5,15,46,'not booked','M3-06','2024-05-15 07:00:00',46,46,'2024-05-15 07:00:00','2024-05-15 07:00:00','','NULL','shophouse'),(1765,52,'1','30m',0,0,84,0,100,11,5,5,15,46,'not booked','M3-08','2024-05-15 07:00:00',46,46,'2024-05-15 07:00:00','2024-05-15 07:00:00','','NULL','shophouse'),(1766,52,'1','30m',0,0,84,0,100,11,5,5,15,46,'not booked','M3-10','2024-05-15 07:00:00',46,46,'2024-05-15 07:00:00','2024-05-15 07:00:00','','NULL','shophouse'),(1767,52,'1','30m',0,0,84,0,100,11,5,5,15,46,'not booked','M3-12','2024-05-15 07:00:00',46,46,'2024-05-15 07:00:00','2024-05-15 07:00:00','','NULL','shophouse'),(1768,52,'1','30m',0,0,84,0,100,11,5,5,15,46,'not booked','M3-14','2024-05-15 07:00:00',46,46,'2024-05-15 07:00:00','2024-05-15 07:00:00','','NULL','shophouse'),(1769,52,'1','30m',0,0,84,0,100,11,5,5,15,46,'not booked','M3-16','2024-05-15 07:00:00',46,46,'2024-05-15 07:00:00','2024-05-15 07:00:00','','NULL','shophouse'),(1770,52,'1','30m',0,0,108,0,100,11,5,5,15,46,'not booked','M3-18','2024-05-15 07:00:00',46,46,'2024-05-15 07:00:00','2024-05-15 07:00:00','','NULL','shophouse'),(1771,52,'1','30m',0,0,108,0,100,11,5,5,15,46,'not booked','M3-20','2024-05-15 07:00:00',46,46,'2024-05-15 07:00:00','2024-05-15 07:00:00','','NULL','shophouse'),(1772,52,'1','30m',0,0,84,0,100,11,5,5,15,46,'not booked','M3-22','2024-05-15 07:00:00',46,46,'2024-05-15 07:00:00','2024-05-15 07:00:00','','NULL','shophouse'),(1773,52,'1','30m',0,0,84,0,100,11,5,5,15,46,'not booked','M3-24','2024-05-15 07:00:00',46,46,'2024-05-15 07:00:00','2024-05-15 07:00:00','','NULL','shophouse'),(1774,52,'1','30m',0,0,84,0,100,11,5,5,15,46,'not booked','M3-26','2024-05-15 07:00:00',46,46,'2024-05-15 07:00:00','2024-05-15 07:00:00','','NULL','shophouse'),(1775,52,'1','30m',0,0,84,0,100,11,5,5,15,46,'not booked','M3-28','2024-05-15 07:00:00',46,46,'2024-05-15 07:00:00','2024-05-15 07:00:00','','NULL','shophouse'),(1776,52,'1','30m',0,0,84,0,100,11,5,5,15,46,'not booked','M3-30','2024-05-15 07:00:00',46,46,'2024-05-15 07:00:00','2024-05-15 07:00:00','','NULL','shophouse'),(1777,52,'1','30m',0,0,84,0,100,11,5,5,15,46,'not booked','M3-32','2024-05-15 07:00:00',46,46,'2024-05-15 07:00:00','2024-05-15 07:00:00','','NULL','shophouse'),(1778,52,'1','30m',0,0,108,0,100,11,5,5,15,46,'not booked','M3-34','2024-05-15 07:00:00',46,46,'2024-05-15 07:00:00','2024-05-15 07:00:00','','NULL','shophouse'),(1779,52,'1','30m',0,0,162,0,100,11,5,5,15,46,'not booked','T11-01','2024-05-15 07:00:00',46,46,'2024-05-15 07:00:00','2024-05-15 07:00:00','','NULL','shophouse'),(1780,52,'1','30m',0,0,126,0,100,11,5,5,15,46,'not booked','T11-03','2024-05-15 07:00:00',46,46,'2024-05-15 07:00:00','2024-05-15 07:00:00','','NULL','shophouse'),(1781,52,'1','30m',0,0,126,0,100,11,5,5,15,46,'not booked','T11-05','2024-05-15 07:00:00',46,46,'2024-05-15 07:00:00','2024-05-15 07:00:00','','NULL','shophouse'),(1782,52,'1','30m',0,0,126,0,100,11,5,5,15,46,'not booked','T11-07','2024-05-15 07:00:00',46,46,'2024-05-15 07:00:00','2024-05-15 07:00:00','','NULL','shophouse'),(1783,52,'1','30m',0,0,126,0,100,11,5,5,15,46,'not booked','T11-09','2024-05-15 07:00:00',46,46,'2024-05-15 07:00:00','2024-05-15 07:00:00','','NULL','shophouse'),(1784,52,'1','30m',0,0,126,0,100,11,5,5,15,46,'not booked','T11-11','2024-05-15 07:00:00',46,46,'2024-05-15 07:00:00','2024-05-15 07:00:00','','NULL','shophouse'),(1785,52,'1','30m',0,0,126,0,100,11,5,5,15,46,'not booked','T11-13','2024-05-15 07:00:00',46,46,'2024-05-15 07:00:00','2024-05-15 07:00:00','','NULL','shophouse'),(1786,52,'1','30m',0,0,126,0,100,11,5,5,15,46,'not booked','T11-15','2024-05-15 07:00:00',46,46,'2024-05-15 07:00:00','2024-05-15 07:00:00','','NULL','shophouse'),(1787,52,'1','30m',0,0,162,0,100,11,5,5,15,46,'not booked','T11-17','2024-05-15 07:00:00',46,46,'2024-05-15 07:00:00','2024-05-15 07:00:00','','NULL','shophouse'),(1788,52,'1','30m',0,0,162,0,100,11,5,5,15,46,'not booked','T11-19','2024-05-15 07:00:00',46,46,'2024-05-15 07:00:00','2024-05-15 07:00:00','','NULL','shophouse'),(1789,52,'1','30m',0,0,126,0,100,11,5,5,15,46,'not booked','T11-21','2024-05-15 07:00:00',46,46,'2024-05-15 07:00:00','2024-05-15 07:00:00','','NULL','shophouse'),(1790,52,'1','30m',0,0,126,0,100,11,5,5,15,46,'not booked','T11-23','2024-05-15 07:00:00',46,46,'2024-05-15 07:00:00','2024-05-15 07:00:00','','NULL','shophouse'),(1791,52,'1','30m',0,0,126,0,100,11,5,5,15,46,'not booked','T11-25','2024-05-15 07:00:00',46,46,'2024-05-15 07:00:00','2024-05-15 07:00:00','','NULL','shophouse'),(1792,52,'1','30m',0,0,126,0,100,11,5,5,15,46,'not booked','T11-27','2024-05-15 07:00:00',46,46,'2024-05-15 07:00:00','2024-05-15 07:00:00','','NULL','shophouse'),(1793,52,'1','30m',0,0,126,0,100,11,5,5,15,46,'not booked','T11-29','2024-05-15 07:00:00',46,46,'2024-05-15 07:00:00','2024-05-15 07:00:00','','NULL','shophouse'),(1794,52,'1','30m',0,0,126,0,100,11,5,5,15,46,'not booked','T11-31','2024-05-15 07:00:00',46,46,'2024-05-15 07:00:00','2024-05-15 07:00:00','','NULL','shophouse'),(1795,52,'1','30m',0,0,162,0,100,11,5,5,15,46,'not booked','T11-33','2024-05-15 07:00:00',46,46,'2024-05-15 07:00:00','2024-05-15 07:00:00','','NULL','shophouse'),(1796,52,'1','30m',0,0,96,0,100,11,5,5,15,46,'not booked','M5-01','2024-05-15 07:00:00',46,46,'2024-05-15 07:00:00','2024-05-15 07:00:00','','NULL','shophouse'),(1797,52,'1','30m',0,0,96,0,100,11,5,5,15,46,'not booked','M5-03','2024-05-15 07:00:00',46,46,'2024-05-15 07:00:00','2024-05-15 07:00:00','','NULL','shophouse'),(1798,52,'1','30m',0,0,96,0,100,11,5,5,15,46,'not booked','M5-05','2024-05-15 07:00:00',46,46,'2024-05-15 07:00:00','2024-05-15 07:00:00','','NULL','shophouse'),(1799,52,'1','30m',0,0,96,0,100,11,5,5,15,46,'not booked','M5-07','2024-05-15 07:00:00',46,46,'2024-05-15 07:00:00','2024-05-15 07:00:00','','NULL','shophouse'),(1800,52,'1','30m',0,0,96,0,100,11,5,5,15,46,'not booked','M5-09','2024-05-15 07:00:00',46,46,'2024-05-15 07:00:00','2024-05-15 07:00:00','','NULL','shophouse'),(1801,52,'1','30m',0,0,96,0,100,11,5,5,15,46,'not booked','M5-11','2024-05-15 07:00:00',46,46,'2024-05-15 07:00:00','2024-05-15 07:00:00','','NULL','shophouse'),(1802,52,'1','30m',0,0,96,0,100,11,5,5,15,46,'not booked','M5-13','2024-05-15 07:00:00',46,46,'2024-05-15 07:00:00','2024-05-15 07:00:00','','NULL','shophouse'),(1803,52,'1','30m',0,0,120,0,100,11,5,5,15,46,'not booked','M5-15','2024-05-15 07:00:00',46,46,'2024-05-15 07:00:00','2024-05-15 07:00:00','','NULL','shophouse'),(1804,52,'1','30m',0,0,120,0,100,11,5,5,15,46,'not booked','M5-17','2024-05-15 07:00:00',46,46,'2024-05-15 07:00:00','2024-05-15 07:00:00','','NULL','shophouse'),(1805,52,'1','30m',0,0,96,0,100,11,5,5,15,46,'not booked','M5-19','2024-05-15 07:00:00',46,46,'2024-05-15 07:00:00','2024-05-15 07:00:00','','NULL','shophouse'),(1806,52,'1','30m',0,0,96,0,100,11,5,5,15,46,'not booked','M5-21','2024-05-15 07:00:00',46,46,'2024-05-15 07:00:00','2024-05-15 07:00:00','','NULL','shophouse'),(1807,52,'1','30m',0,0,96,0,100,11,5,5,15,46,'not booked','M5-23','2024-05-15 07:00:00',46,46,'2024-05-15 07:00:00','2024-05-15 07:00:00','','NULL','shophouse'),(1808,52,'1','30m',0,0,96,0,100,11,5,5,15,46,'not booked','M5-25','2024-05-15 07:00:00',46,46,'2024-05-15 07:00:00','2024-05-15 07:00:00','','NULL','shophouse'),(1809,52,'1','30m',0,0,96,0,100,11,5,5,15,46,'not booked','M5-27','2024-05-15 07:00:00',46,46,'2024-05-15 07:00:00','2024-05-15 07:00:00','','NULL','shophouse'),(1810,52,'1','30m',0,0,120,0,100,11,5,5,15,46,'not booked','M5-29','2024-05-15 07:00:00',46,46,'2024-05-15 07:00:00','2024-05-15 07:00:00','','NULL','shophouse'),(1811,52,'1','30m',0,0,120,0,100,11,5,5,15,46,'not booked','M5-31','2024-05-15 07:00:00',46,46,'2024-05-15 07:00:00','2024-05-15 07:00:00','','NULL','shophouse'),(1812,52,'1','30m',0,0,96,0,100,11,5,5,15,46,'not booked','M5-33','2024-05-15 07:00:00',46,46,'2024-05-15 07:00:00','2024-05-15 07:00:00','','NULL','shophouse'),(1813,52,'1','30m',0,0,96,0,100,11,5,5,15,46,'not booked','M5-35','2024-05-15 07:00:00',46,46,'2024-05-15 07:00:00','2024-05-15 07:00:00','','NULL','shophouse'),(1814,52,'1','30m',0,0,96,0,100,11,5,5,15,46,'not booked','M5-37','2024-05-15 07:00:00',46,46,'2024-05-15 07:00:00','2024-05-15 07:00:00','','NULL','shophouse'),(1815,52,'1','30m',0,0,96,0,100,11,5,5,15,46,'not booked','M5-39','2024-05-15 07:00:00',46,46,'2024-05-15 07:00:00','2024-05-15 07:00:00','','NULL','shophouse'),(1816,52,'1','30m',0,0,96,0,100,11,5,5,15,46,'not booked','M5-41','2024-05-15 07:00:00',46,46,'2024-05-15 07:00:00','2024-05-15 07:00:00','','NULL','shophouse'),(1817,52,'1','30m',0,0,96,0,100,11,5,5,15,46,'not booked','M5-43','2024-05-15 07:00:00',46,46,'2024-05-15 07:00:00','2024-05-15 07:00:00','','NULL','shophouse'),(1818,52,'1','30m',0,0,120,0,100,11,5,5,15,46,'not booked','M5-45','2024-05-15 07:00:00',46,46,'2024-05-15 07:00:00','2024-05-15 07:00:00','','NULL','shophouse'),(1819,52,'1','30m',0,0,96,0,100,11,5,5,15,46,'not booked','M5-47','2024-05-15 07:00:00',46,46,'2024-05-15 07:00:00','2024-05-15 07:00:00','','NULL','shophouse'),(1820,52,'1','30m',0,0,96,0,100,11,5,5,15,46,'not booked','M5-49','2024-05-15 07:00:00',46,46,'2024-05-15 07:00:00','2024-05-15 07:00:00','','NULL','shophouse'),(1821,52,'1','30m',0,0,96,0,100,11,5,5,15,46,'not booked','M5-51','2024-05-15 07:00:00',46,46,'2024-05-15 07:00:00','2024-05-15 07:00:00','','NULL','shophouse'),(1822,52,'1','30m',0,0,144,0,100,11,5,5,15,46,'not booked','T19-02','2024-05-15 07:00:00',46,46,'2024-05-15 07:00:00','2024-05-15 07:00:00','','NULL','shophouse'),(1823,52,'1','30m',0,0,144,0,100,11,5,5,15,46,'not booked','T19-04','2024-05-15 07:00:00',46,46,'2024-05-15 07:00:00','2024-05-15 07:00:00','','NULL','shophouse'),(1824,52,'1','30m',0,0,144,0,100,11,5,5,15,46,'not booked','T19-06','2024-05-15 07:00:00',46,46,'2024-05-15 07:00:00','2024-05-15 07:00:00','','NULL','shophouse'),(1825,52,'1','30m',0,0,144,0,100,11,5,5,15,46,'not booked','T19-08','2024-05-15 07:00:00',46,46,'2024-05-15 07:00:00','2024-05-15 07:00:00','','NULL','shophouse'),(1826,52,'1','30m',0,0,144,0,100,11,5,5,15,46,'not booked','T19-10','2024-05-15 07:00:00',46,46,'2024-05-15 07:00:00','2024-05-15 07:00:00','','NULL','shophouse'),(1827,52,'1','30m',0,0,144,0,100,11,5,5,15,46,'not booked','T19-12','2024-05-15 07:00:00',46,46,'2024-05-15 07:00:00','2024-05-15 07:00:00','','NULL','shophouse'),(1828,52,'1','30m',0,0,144,0,100,11,5,5,15,46,'not booked','T19-14','2024-05-15 07:00:00',46,46,'2024-05-15 07:00:00','2024-05-15 07:00:00','','NULL','shophouse'),(1829,52,'1','30m',0,0,180,0,100,11,5,5,15,46,'not booked','T19-16','2024-05-15 07:00:00',46,46,'2024-05-15 07:00:00','2024-05-15 07:00:00','','NULL','shophouse'),(1830,52,'1','30m',0,0,180,0,100,11,5,5,15,46,'not booked','T19-18','2024-05-15 07:00:00',46,46,'2024-05-15 07:00:00','2024-05-15 07:00:00','','NULL','shophouse'),(1831,52,'1','30m',0,0,144,0,100,11,5,5,15,46,'not booked','T19-20','2024-05-15 07:00:00',46,46,'2024-05-15 07:00:00','2024-05-15 07:00:00','','NULL','shophouse'),(1832,52,'1','30m',0,0,144,0,100,11,5,5,15,46,'not booked','T19-22','2024-05-15 07:00:00',46,46,'2024-05-15 07:00:00','2024-05-15 07:00:00','','NULL','shophouse'),(1833,52,'1','30m',0,0,144,0,100,11,5,5,15,46,'not booked','T19-24','2024-05-15 07:00:00',46,46,'2024-05-15 07:00:00','2024-05-15 07:00:00','','NULL','shophouse'),(1834,52,'1','30m',0,0,144,0,100,11,5,5,15,46,'not booked','T19-26','2024-05-15 07:00:00',46,46,'2024-05-15 07:00:00','2024-05-15 07:00:00','','NULL','shophouse'),(1835,52,'1','30m',0,0,144,0,100,11,5,5,15,46,'not booked','T19-28','2024-05-15 07:00:00',46,46,'2024-05-15 07:00:00','2024-05-15 07:00:00','','NULL','shophouse'),(1836,52,'1','30m',0,0,180,0,100,11,5,5,15,46,'not booked','T19-30','2024-05-15 07:00:00',46,46,'2024-05-15 07:00:00','2024-05-15 07:00:00','','NULL','shophouse'),(1837,52,'1','30m',0,0,180,0,100,11,5,5,15,46,'not booked','T19-32','2024-05-15 07:00:00',46,46,'2024-05-15 07:00:00','2024-05-15 07:00:00','','NULL','shophouse'),(1838,52,'1','30m',0,0,144,0,100,11,5,5,15,46,'not booked','T19-34','2024-05-15 07:00:00',46,46,'2024-05-15 07:00:00','2024-05-15 07:00:00','','NULL','shophouse'),(1839,52,'1','30m',0,0,144,0,100,11,5,5,15,46,'not booked','T19-36','2024-05-15 07:00:00',46,46,'2024-05-15 07:00:00','2024-05-15 07:00:00','','NULL','shophouse'),(1840,52,'1','30m',0,0,144,0,100,11,5,5,15,46,'not booked','T19-38','2024-05-15 07:00:00',46,46,'2024-05-15 07:00:00','2024-05-15 07:00:00','','NULL','shophouse'),(1841,52,'1','30m',0,0,144,0,100,11,5,5,15,46,'not booked','T19-40','2024-05-15 07:00:00',46,46,'2024-05-15 07:00:00','2024-05-15 07:00:00','','NULL','shophouse'),(1842,52,'1','30m',0,0,144,0,100,11,5,5,15,46,'not booked','T19-42','2024-05-15 07:00:00',46,46,'2024-05-15 07:00:00','2024-05-15 07:00:00','','NULL','shophouse'),(1843,52,'1','30m',0,0,144,0,100,11,5,5,15,46,'not booked','T19-44','2024-05-15 07:00:00',46,46,'2024-05-15 07:00:00','2024-05-15 07:00:00','','NULL','shophouse'),(1844,52,'1','30m',0,0,180,0,100,11,5,5,15,46,'not booked','T19-46','2024-05-15 07:00:00',46,46,'2024-05-15 07:00:00','2024-05-15 07:00:00','','NULL','shophouse'),(1845,52,'1','30m',0,0,144,0,100,11,5,5,15,46,'not booked','T19-48','2024-05-15 07:00:00',46,46,'2024-05-15 07:00:00','2024-05-15 07:00:00','','NULL','shophouse'),(1846,52,'1','30m',0,0,144,0,100,11,5,5,15,46,'not booked','T19-50','2024-05-15 07:00:00',46,46,'2024-05-15 07:00:00','2024-05-15 07:00:00','','NULL','shophouse'),(1847,52,'1','30m',0,0,144,0,100,11,5,5,15,46,'not booked','T19-52','2024-05-15 07:00:00',46,46,'2024-05-15 07:00:00','2024-05-15 07:00:00','','NULL','shophouse'),(1848,52,'1','30m',0,0,108,0,100,11,5,5,15,46,'not booked','T11-04','2024-05-15 07:00:00',46,46,'2024-05-15 07:00:00','2024-05-15 07:00:00','','NULL','shophouse'),(1849,52,'1','30m',0,0,84,0,100,11,5,5,15,46,'not booked','T11-06','2024-05-15 07:00:00',46,46,'2024-05-15 07:00:00','2024-05-15 07:00:00','','NULL','shophouse'),(1850,52,'1','30m',0,0,84,0,100,11,5,5,15,46,'not booked','T11-08','2024-05-15 07:00:00',46,46,'2024-05-15 07:00:00','2024-05-15 07:00:00','','NULL','shophouse'),(1851,52,'1','30m',0,0,84,0,100,11,5,5,15,46,'not booked','T11-10','2024-05-15 07:00:00',46,46,'2024-05-15 07:00:00','2024-05-15 07:00:00','','NULL','shophouse'),(1852,52,'1','30m',0,0,84,0,100,11,5,5,15,46,'not booked','T11-12','2024-05-15 07:00:00',46,46,'2024-05-15 07:00:00','2024-05-15 07:00:00','','NULL','shophouse'),(1853,52,'1','30m',0,0,84,0,100,11,5,5,15,46,'not booked','T11-14','2024-05-15 07:00:00',46,46,'2024-05-15 07:00:00','2024-05-15 07:00:00','','NULL','shophouse'),(1854,52,'1','30m',0,0,84,0,100,11,5,5,15,46,'not booked','T11-16','2024-05-15 07:00:00',46,46,'2024-05-15 07:00:00','2024-05-15 07:00:00','','NULL','shophouse'),(1855,52,'1','30m',0,0,84,0,100,11,5,5,15,46,'not booked','T11-18','2024-05-15 07:00:00',46,46,'2024-05-15 07:00:00','2024-05-15 07:00:00','','NULL','shophouse'),(1856,52,'1','30m',0,0,108,0,100,11,5,5,15,46,'not booked','T11-20','2024-05-15 07:00:00',46,46,'2024-05-15 07:00:00','2024-05-15 07:00:00','','NULL','shophouse'),(1857,52,'1','30m',0,0,108,0,100,11,5,5,15,46,'not booked','T11-22','2024-05-15 07:00:00',46,46,'2024-05-15 07:00:00','2024-05-15 07:00:00','','NULL','shophouse'),(1858,52,'1','30m',0,0,84,0,100,11,5,5,15,46,'not booked','T11-24','2024-05-15 07:00:00',46,46,'2024-05-15 07:00:00','2024-05-15 07:00:00','','NULL','shophouse'),(1859,52,'1','30m',0,0,84,0,100,11,5,5,15,46,'not booked','T11-26','2024-05-15 07:00:00',46,46,'2024-05-15 07:00:00','2024-05-15 07:00:00','','NULL','shophouse'),(1860,52,'1','30m',0,0,84,0,100,11,5,5,15,46,'not booked','T11-28','2024-05-15 07:00:00',46,46,'2024-05-15 07:00:00','2024-05-15 07:00:00','','NULL','shophouse'),(1861,52,'1','30m',0,0,84,0,100,11,5,5,15,46,'not booked','T11-30','2024-05-15 07:00:00',46,46,'2024-05-15 07:00:00','2024-05-15 07:00:00','','NULL','shophouse'),(1862,52,'1','30m',0,0,84,0,100,11,5,5,15,46,'not booked','T11-32','2024-05-15 07:00:00',46,46,'2024-05-15 07:00:00','2024-05-15 07:00:00','','NULL','shophouse'),(1863,52,'1','30m',0,0,84,0,100,11,5,5,15,46,'not booked','T11-34','2024-05-15 07:00:00',46,46,'2024-05-15 07:00:00','2024-05-15 07:00:00','','NULL','shophouse'),(1864,52,'1','30m',0,0,108,0,100,11,5,5,15,46,'not booked','T11-36','2024-05-15 07:00:00',46,46,'2024-05-15 07:00:00','2024-05-15 07:00:00','','NULL','shophouse'),(1865,52,'1','30m',0,0,162,0,100,11,5,5,15,46,'not booked','T13-03','2024-05-15 07:00:00',46,46,'2024-05-15 07:00:00','2024-05-15 07:00:00','','NULL','shophouse'),(1866,52,'1','30m',0,0,126,0,100,11,5,5,15,46,'not booked','T13-05','2024-05-15 07:00:00',46,46,'2024-05-15 07:00:00','2024-05-15 07:00:00','','NULL','shophouse'),(1867,52,'1','30m',0,0,126,0,100,11,5,5,15,46,'not booked','T13-07','2024-05-15 07:00:00',46,46,'2024-05-15 07:00:00','2024-05-15 07:00:00','','NULL','shophouse'),(1868,52,'1','30m',0,0,126,0,100,11,5,5,15,46,'not booked','T13-09','2024-05-15 07:00:00',46,46,'2024-05-15 07:00:00','2024-05-15 07:00:00','','NULL','shophouse'),(1869,52,'1','30m',0,0,126,0,100,11,5,5,15,46,'not booked','T13-11','2024-05-15 07:00:00',46,46,'2024-05-15 07:00:00','2024-05-15 07:00:00','','NULL','shophouse'),(1870,52,'1','30m',0,0,126,0,100,11,5,5,15,46,'not booked','T13-13','2024-05-15 07:00:00',46,46,'2024-05-15 07:00:00','2024-05-15 07:00:00','','NULL','shophouse'),(1871,52,'1','30m',0,0,126,0,100,11,5,5,15,46,'not booked','T13-15','2024-05-15 07:00:00',46,46,'2024-05-15 07:00:00','2024-05-15 07:00:00','','NULL','shophouse'),(1872,52,'1','30m',0,0,126,0,100,11,5,5,15,46,'not booked','T13-17','2024-05-15 07:00:00',46,46,'2024-05-15 07:00:00','2024-05-15 07:00:00','','NULL','shophouse'),(1873,52,'1','30m',0,0,162,0,100,11,5,5,15,46,'not booked','T13-19','2024-05-15 07:00:00',46,46,'2024-05-15 07:00:00','2024-05-15 07:00:00','','NULL','shophouse'),(1874,52,'1','30m',0,0,162,0,100,11,5,5,15,46,'not booked','T13-21','2024-05-15 07:00:00',46,46,'2024-05-15 07:00:00','2024-05-15 07:00:00','','NULL','shophouse'),(1875,52,'1','30m',0,0,126,0,100,11,5,5,15,46,'not booked','T13-23','2024-05-15 07:00:00',46,46,'2024-05-15 07:00:00','2024-05-15 07:00:00','','NULL','shophouse'),(1876,52,'1','30m',0,0,126,0,100,11,5,5,15,46,'not booked','T13-25','2024-05-15 07:00:00',46,46,'2024-05-15 07:00:00','2024-05-15 07:00:00','','NULL','shophouse'),(1877,52,'1','30m',0,0,126,0,100,11,5,5,15,46,'not booked','T13-27','2024-05-15 07:00:00',46,46,'2024-05-15 07:00:00','2024-05-15 07:00:00','','NULL','shophouse'),(1878,52,'1','30m',0,0,126,0,100,11,5,5,15,46,'not booked','T13-29','2024-05-15 07:00:00',46,46,'2024-05-15 07:00:00','2024-05-15 07:00:00','','NULL','shophouse'),(1879,52,'1','30m',0,0,126,0,100,11,5,5,15,46,'not booked','T13-31','2024-05-15 07:00:00',46,46,'2024-05-15 07:00:00','2024-05-15 07:00:00','','NULL','shophouse'),(1880,52,'1','30m',0,0,126,0,100,11,5,5,15,46,'not booked','T13-33','2024-05-15 07:00:00',46,46,'2024-05-15 07:00:00','2024-05-15 07:00:00','','NULL','shophouse'),(1881,52,'1','30m',0,0,162,0,100,11,5,5,15,46,'not booked','T13-35','2024-05-15 07:00:00',46,46,'2024-05-15 07:00:00','2024-05-15 07:00:00','','NULL','shophouse'),(1882,52,'1','30m',0,0,84,0,100,11,5,5,15,46,'not booked','T13-02','2024-05-15 07:00:00',46,46,'2024-05-15 07:00:00','2024-05-15 07:00:00','','NULL','shophouse'),(1883,52,'1','30m',0,0,84,0,100,11,5,5,15,46,'not booked','T13-04','2024-05-15 07:00:00',46,46,'2024-05-15 07:00:00','2024-05-15 07:00:00','','NULL','shophouse'),(1884,52,'1','30m',0,0,84,0,100,11,5,5,15,46,'not booked','T13-06','2024-05-15 07:00:00',46,46,'2024-05-15 07:00:00','2024-05-15 07:00:00','','NULL','shophouse'),(1885,52,'1','30m',0,0,84,0,100,11,5,5,15,46,'not booked','T13-08','2024-05-15 07:00:00',46,46,'2024-05-15 07:00:00','2024-05-15 07:00:00','','NULL','shophouse'),(1886,52,'1','30m',0,0,84,0,100,11,5,5,15,46,'not booked','T13-10','2024-05-15 07:00:00',46,46,'2024-05-15 07:00:00','2024-05-15 07:00:00','','NULL','shophouse'),(1887,52,'1','30m',0,0,84,0,100,11,5,5,15,46,'not booked','T13-12','2024-05-15 07:00:00',46,46,'2024-05-15 07:00:00','2024-05-15 07:00:00','','NULL','shophouse'),(1888,52,'1','30m',0,0,84,0,100,11,5,5,15,46,'not booked','T13-14','2024-05-15 07:00:00',46,46,'2024-05-15 07:00:00','2024-05-15 07:00:00','','NULL','shophouse'),(1889,52,'1','30m',0,0,108,0,100,11,5,5,15,46,'not booked','T13-16','2024-05-15 07:00:00',46,46,'2024-05-15 07:00:00','2024-05-15 07:00:00','','NULL','shophouse'),(1890,52,'1','30m',0,0,108,0,100,11,5,5,15,46,'not booked','T13-18','2024-05-15 07:00:00',46,46,'2024-05-15 07:00:00','2024-05-15 07:00:00','','NULL','shophouse'),(1891,52,'1','30m',0,0,84,0,100,11,5,5,15,46,'not booked','T13-20','2024-05-15 07:00:00',46,46,'2024-05-15 07:00:00','2024-05-15 07:00:00','','NULL','shophouse'),(1892,52,'1','30m',0,0,84,0,100,11,5,5,15,46,'not booked','T13-22','2024-05-15 07:00:00',46,46,'2024-05-15 07:00:00','2024-05-15 07:00:00','','NULL','shophouse'),(1893,52,'1','30m',0,0,84,0,100,11,5,5,15,46,'not booked','T13-24','2024-05-15 07:00:00',46,46,'2024-05-15 07:00:00','2024-05-15 07:00:00','','NULL','shophouse'),(1894,52,'1','30m',0,0,84,0,100,11,5,5,15,46,'not booked','T13-26','2024-05-15 07:00:00',46,46,'2024-05-15 07:00:00','2024-05-15 07:00:00','','NULL','shophouse'),(1895,52,'1','30m',0,0,84,0,100,11,5,5,15,46,'not booked','T13-28','2024-05-15 07:00:00',46,46,'2024-05-15 07:00:00','2024-05-15 07:00:00','','NULL','shophouse'),(1896,52,'1','30m',0,0,84,0,100,11,5,5,15,46,'not booked','T13-30','2024-05-15 07:00:00',46,46,'2024-05-15 07:00:00','2024-05-15 07:00:00','','NULL','shophouse'),(1897,52,'1','30m',0,0,108,0,100,11,5,5,15,46,'not booked','T13-32','2024-05-15 07:00:00',46,46,'2024-05-15 07:00:00','2024-05-15 07:00:00','','NULL','shophouse'),(1898,52,'1','30m',0,0,134,0,100,11,5,5,15,46,'not booked','V3-58','2024-05-15 07:00:00',46,46,'2024-05-15 07:00:00','2024-05-15 07:00:00','','NULL','shophouse'),(1899,52,'1','30m',0,0,114,0,100,11,5,5,15,46,'not booked','V3-60','2024-05-15 07:00:00',46,46,'2024-05-15 07:00:00','2024-05-15 07:00:00','','NULL','shophouse'),(1900,52,'1','30m',0,0,123,0,100,11,5,5,15,46,'not booked','V3-62','2024-05-15 07:00:00',46,46,'2024-05-15 07:00:00','2024-05-15 07:00:00','','NULL','shophouse'),(1901,52,'1','30m',0,0,126,0,100,11,5,5,15,46,'not booked','V3-64','2024-05-15 07:00:00',46,46,'2024-05-15 07:00:00','2024-05-15 07:00:00','','NULL','shophouse'),(1902,52,'1','30m',0,0,126,0,100,11,5,5,15,46,'not booked','V3-66','2024-05-15 07:00:00',46,46,'2024-05-15 07:00:00','2024-05-15 07:00:00','','NULL','shophouse'),(1903,52,'1','30m',0,0,126,0,100,11,5,5,15,46,'not booked','V3-68','2024-05-15 07:00:00',46,46,'2024-05-15 07:00:00','2024-05-15 07:00:00','','NULL','shophouse'),(1904,52,'1','30m',0,0,126,0,100,11,5,5,15,46,'not booked','V3-70','2024-05-15 07:00:00',46,46,'2024-05-15 07:00:00','2024-05-15 07:00:00','','NULL','shophouse'),(1905,52,'1','30m',0,0,162,0,100,11,5,5,15,46,'not booked','V3-72','2024-05-15 07:00:00',46,46,'2024-05-15 07:00:00','2024-05-15 07:00:00','','NULL','shophouse'),(1906,52,'1','30m',0,0,162,0,100,11,5,5,15,46,'not booked','V3-74','2024-05-15 07:00:00',46,46,'2024-05-15 07:00:00','2024-05-15 07:00:00','','NULL','shophouse'),(1907,52,'1','30m',0,0,126,0,100,11,5,5,15,46,'not booked','V3-76','2024-05-15 07:00:00',46,46,'2024-05-15 07:00:00','2024-05-15 07:00:00','','NULL','shophouse'),(1908,52,'1','30m',0,0,126,0,100,11,5,5,15,46,'not booked','V3-78','2024-05-15 07:00:00',46,46,'2024-05-15 07:00:00','2024-05-15 07:00:00','','NULL','shophouse'),(1909,52,'1','30m',0,0,126,0,100,11,5,5,15,46,'not booked','V3-80','2024-05-15 07:00:00',46,46,'2024-05-15 07:00:00','2024-05-15 07:00:00','','NULL','shophouse'),(1910,52,'1','30m',0,0,126,0,100,11,5,5,15,46,'not booked','V3-82','2024-05-15 07:00:00',46,46,'2024-05-15 07:00:00','2024-05-15 07:00:00','','NULL','shophouse'),(1911,52,'1','30m',0,0,126,0,100,11,5,5,15,46,'not booked','V3-84','2024-05-15 07:00:00',46,46,'2024-05-15 07:00:00','2024-05-15 07:00:00','','NULL','shophouse'),(1912,52,'1','30m',0,0,126,0,100,11,5,5,15,46,'not booked','V3-86','2024-05-15 07:00:00',46,46,'2024-05-15 07:00:00','2024-05-15 07:00:00','','NULL','shophouse'),(1913,52,'1','30m',0,0,126,0,100,11,5,5,15,46,'not booked','V3-88','2024-05-15 07:00:00',46,46,'2024-05-15 07:00:00','2024-05-15 07:00:00','','NULL','shophouse'),(1914,52,'1','30m',0,0,115,0,100,11,5,5,15,46,'not booked','T19-07','2024-05-15 07:00:00',46,46,'2024-05-15 07:00:00','2024-05-15 07:00:00','','NULL','shophouse'),(1915,52,'1','30m',0,0,96,0,100,11,5,5,15,46,'not booked','T19-09','2024-05-15 07:00:00',46,46,'2024-05-15 07:00:00','2024-05-15 07:00:00','','NULL','shophouse'),(1916,52,'1','30m',0,0,96,0,100,11,5,5,15,46,'not booked','T19-11','2024-05-15 07:00:00',46,46,'2024-05-15 07:00:00','2024-05-15 07:00:00','','NULL','shophouse'),(1917,52,'1','30m',0,0,96,0,100,11,5,5,15,46,'not booked','T19-13','2024-05-15 07:00:00',46,46,'2024-05-15 07:00:00','2024-05-15 07:00:00','','NULL','shophouse'),(1918,52,'1','30m',0,0,96,0,100,11,5,5,15,46,'not booked','T19-15','2024-05-15 07:00:00',46,46,'2024-05-15 07:00:00','2024-05-15 07:00:00','','NULL','shophouse'),(1919,52,'1','30m',0,0,96,0,100,11,5,5,15,46,'not booked','T19-17','2024-05-15 07:00:00',46,46,'2024-05-15 07:00:00','2024-05-15 07:00:00','','NULL','shophouse'),(1920,52,'1','30m',0,0,96,0,100,11,5,5,15,46,'not booked','T19-19','2024-05-15 07:00:00',46,46,'2024-05-15 07:00:00','2024-05-15 07:00:00','','NULL','shophouse'),(1921,52,'1','30m',0,0,120,0,100,11,5,5,15,46,'not booked','T19-21','2024-05-15 07:00:00',46,46,'2024-05-15 07:00:00','2024-05-15 07:00:00','','NULL','shophouse'),(1922,52,'1','30m',0,0,120,0,100,11,5,5,15,46,'not booked','T19-23','2024-05-15 07:00:00',46,46,'2024-05-15 07:00:00','2024-05-15 07:00:00','','NULL','shophouse'),(1923,52,'1','30m',0,0,96,0,100,11,5,5,15,46,'not booked','T19-25','2024-05-15 07:00:00',46,46,'2024-05-15 07:00:00','2024-05-15 07:00:00','','NULL','shophouse'),(1924,52,'1','30m',0,0,96,0,100,11,5,5,15,46,'not booked','T19-27','2024-05-15 07:00:00',46,46,'2024-05-15 07:00:00','2024-05-15 07:00:00','','NULL','shophouse'),(1925,52,'1','30m',0,0,96,0,100,11,5,5,15,46,'not booked','T19-29','2024-05-15 07:00:00',46,46,'2024-05-15 07:00:00','2024-05-15 07:00:00','','NULL','shophouse'),(1926,52,'1','30m',0,0,96,0,100,11,5,5,15,46,'not booked','T19-31','2024-05-15 07:00:00',46,46,'2024-05-15 07:00:00','2024-05-15 07:00:00','','NULL','shophouse'),(1927,52,'1','30m',0,0,96,0,100,11,5,5,15,46,'not booked','T19-33','2024-05-15 07:00:00',46,46,'2024-05-15 07:00:00','2024-05-15 07:00:00','','NULL','shophouse'),(1928,52,'1','30m',0,0,120,0,100,11,5,5,15,46,'not booked','T19-35','2024-05-15 07:00:00',46,46,'2024-05-15 07:00:00','2024-05-15 07:00:00','','NULL','shophouse'),(1929,52,'1','30m',0,0,120,0,100,11,5,5,15,46,'not booked','T19-37','2024-05-15 07:00:00',46,46,'2024-05-15 07:00:00','2024-05-15 07:00:00','','NULL','shophouse'),(1930,52,'1','30m',0,0,96,0,100,11,5,5,15,46,'not booked','T19-39','2024-05-15 07:00:00',46,46,'2024-05-15 07:00:00','2024-05-15 07:00:00','','NULL','shophouse'),(1931,52,'1','30m',0,0,96,0,100,11,5,5,15,46,'not booked','T19-41','2024-05-15 07:00:00',46,46,'2024-05-15 07:00:00','2024-05-15 07:00:00','','NULL','shophouse'),(1932,52,'1','30m',0,0,96,0,100,11,5,5,15,46,'not booked','T19-43','2024-05-15 07:00:00',46,46,'2024-05-15 07:00:00','2024-05-15 07:00:00','','NULL','shophouse'),(1933,52,'1','30m',0,0,96,0,100,11,5,5,15,46,'not booked','T19-45','2024-05-15 07:00:00',46,46,'2024-05-15 07:00:00','2024-05-15 07:00:00','','NULL','shophouse'),(1934,52,'1','30m',0,0,96,0,100,11,5,5,15,46,'not booked','T19-47','2024-05-15 07:00:00',46,46,'2024-05-15 07:00:00','2024-05-15 07:00:00','','NULL','shophouse'),(1935,52,'1','30m',0,0,96,0,100,11,5,5,15,46,'not booked','T19-49','2024-05-15 07:00:00',46,46,'2024-05-15 07:00:00','2024-05-15 07:00:00','','NULL','shophouse'),(1936,52,'1','30m',0,0,120,0,100,11,5,5,15,46,'not booked','T19-51','2024-05-15 07:00:00',46,46,'2024-05-15 07:00:00','2024-05-15 07:00:00','','NULL','shophouse'),(1937,52,'1','30m',0,0,96,0,100,11,5,5,15,46,'not booked','T19-53','2024-05-15 07:00:00',46,46,'2024-05-15 07:00:00','2024-05-15 07:00:00','','NULL','shophouse'),(1938,52,'1','30m',0,0,96,0,100,11,5,5,15,46,'not booked','T19-55','2024-05-15 07:00:00',46,46,'2024-05-15 07:00:00','2024-05-15 07:00:00','','NULL','shophouse'),(1939,52,'1','30m',0,0,96,0,100,11,5,5,15,46,'not booked','T19-57','2024-05-15 07:00:00',46,46,'2024-05-15 07:00:00','2024-05-15 07:00:00','','NULL','shophouse'),(1940,52,'1','30m',0,0,155,0,100,11,5,5,15,46,'not booked','T21-02','2024-05-15 07:00:00',46,46,'2024-05-15 07:00:00','2024-05-15 07:00:00','','NULL','shophouse'),(1941,52,'1','30m',0,0,128,0,100,11,5,5,15,46,'not booked','T21-04','2024-05-15 07:00:00',46,46,'2024-05-15 07:00:00','2024-05-15 07:00:00','','NULL','shophouse'),(1942,52,'1','30m',0,0,144,0,100,11,5,5,15,46,'not booked','T21-06','2024-05-15 07:00:00',46,46,'2024-05-15 07:00:00','2024-05-15 07:00:00','','NULL','shophouse'),(1943,52,'1','30m',0,0,144,0,100,11,5,5,15,46,'not booked','T21-08','2024-05-15 07:00:00',46,46,'2024-05-15 07:00:00','2024-05-15 07:00:00','','NULL','shophouse'),(1944,52,'1','30m',0,0,144,0,100,11,5,5,15,46,'not booked','T21-10','2024-05-15 07:00:00',46,46,'2024-05-15 07:00:00','2024-05-15 07:00:00','','NULL','shophouse'),(1945,52,'1','30m',0,0,144,0,100,11,5,5,15,46,'not booked','T21-12','2024-05-15 07:00:00',46,46,'2024-05-15 07:00:00','2024-05-15 07:00:00','','NULL','shophouse'),(1946,52,'1','30m',0,0,180,0,100,11,5,5,15,46,'not booked','T21-14','2024-05-15 07:00:00',46,46,'2024-05-15 07:00:00','2024-05-15 07:00:00','','NULL','shophouse'),(1947,52,'1','30m',0,0,180,0,100,11,5,5,15,46,'not booked','T21-16','2024-05-15 07:00:00',46,46,'2024-05-15 07:00:00','2024-05-15 07:00:00','','NULL','shophouse'),(1948,52,'1','30m',0,0,144,0,100,11,5,5,15,46,'not booked','T21-18','2024-05-15 07:00:00',46,46,'2024-05-15 07:00:00','2024-05-15 07:00:00','','NULL','shophouse'),(1949,52,'1','30m',0,0,144,0,100,11,5,5,15,46,'not booked','T21-20','2024-05-15 07:00:00',46,46,'2024-05-15 07:00:00','2024-05-15 07:00:00','','NULL','shophouse'),(1950,52,'1','30m',0,0,144,0,100,11,5,5,15,46,'not booked','T21-22','2024-05-15 07:00:00',46,46,'2024-05-15 07:00:00','2024-05-15 07:00:00','','NULL','shophouse'),(1951,52,'1','30m',0,0,144,0,100,11,5,5,15,46,'not booked','T21-24','2024-05-15 07:00:00',46,46,'2024-05-15 07:00:00','2024-05-15 07:00:00','','NULL','shophouse'),(1952,52,'1','30m',0,0,144,0,100,11,5,5,15,46,'not booked','T21-26','2024-05-15 07:00:00',46,46,'2024-05-15 07:00:00','2024-05-15 07:00:00','','NULL','shophouse'),(1953,52,'1','30m',0,0,180,0,100,11,5,5,15,46,'not booked','T21-28','2024-05-15 07:00:00',46,46,'2024-05-15 07:00:00','2024-05-15 07:00:00','','NULL','shophouse'),(1954,52,'1','30m',0,0,180,0,100,11,5,5,15,46,'not booked','T21-30','2024-05-15 07:00:00',46,46,'2024-05-15 07:00:00','2024-05-15 07:00:00','','NULL','shophouse'),(1955,52,'1','30m',0,0,144,0,100,11,5,5,15,46,'not booked','T21-32','2024-05-15 07:00:00',46,46,'2024-05-15 07:00:00','2024-05-15 07:00:00','','NULL','shophouse'),(1956,52,'1','30m',0,0,144,0,100,11,5,5,15,46,'not booked','T21-34','2024-05-15 07:00:00',46,46,'2024-05-15 07:00:00','2024-05-15 07:00:00','','NULL','shophouse'),(1957,52,'1','30m',0,0,144,0,100,11,5,5,15,46,'not booked','T21-36','2024-05-15 07:00:00',46,46,'2024-05-15 07:00:00','2024-05-15 07:00:00','','NULL','shophouse'),(1958,52,'1','30m',0,0,144,0,100,11,5,5,15,46,'not booked','T21-38','2024-05-15 07:00:00',46,46,'2024-05-15 07:00:00','2024-05-15 07:00:00','','NULL','shophouse'),(1959,52,'1','30m',0,0,144,0,100,11,5,5,15,46,'not booked','T21-40','2024-05-15 07:00:00',46,46,'2024-05-15 07:00:00','2024-05-15 07:00:00','','NULL','shophouse'),(1960,52,'1','30m',0,0,144,0,100,11,5,5,15,46,'not booked','T21-42','2024-05-15 07:00:00',46,46,'2024-05-15 07:00:00','2024-05-15 07:00:00','','NULL','shophouse'),(1961,52,'1','30m',0,0,180,0,100,11,5,5,15,46,'not booked','T21-44','2024-05-15 07:00:00',46,46,'2024-05-15 07:00:00','2024-05-15 07:00:00','','NULL','shophouse'),(1962,52,'1','30m',0,0,144,0,100,11,5,5,15,46,'not booked','T21-46','2024-05-15 07:00:00',46,46,'2024-05-15 07:00:00','2024-05-15 07:00:00','','NULL','shophouse'),(1963,52,'1','30m',0,0,144,0,100,11,5,5,15,46,'not booked','T21-48','2024-05-15 07:00:00',46,46,'2024-05-15 07:00:00','2024-05-15 07:00:00','','NULL','shophouse'),(1964,52,'1','30m',0,0,144,0,100,11,5,5,15,46,'not booked','T21-50','2024-05-15 07:00:00',46,46,'2024-05-15 07:00:00','2024-05-15 07:00:00','','NULL','shophouse'),(1965,52,'1','30m',0,0,174,0,100,11,5,5,15,46,'not booked','T21-01','2024-05-15 07:00:00',46,46,'2024-05-15 07:00:00','2024-05-15 07:00:00','','NULL','shophouse'),(1966,52,'1','30m',0,0,144,0,100,11,5,5,15,46,'not booked','T21-03','2024-05-15 07:00:00',46,46,'2024-05-15 07:00:00','2024-05-15 07:00:00','','NULL','shophouse'),(1967,52,'1','30m',0,0,160,0,100,11,5,5,15,46,'not booked','T21-05','2024-05-15 07:00:00',46,46,'2024-05-15 07:00:00','2024-05-15 07:00:00','','NULL','shophouse'),(1968,52,'1','30m',0,0,160,0,100,11,5,5,15,46,'not booked','T21-07','2024-05-15 07:00:00',46,46,'2024-05-15 07:00:00','2024-05-15 07:00:00','','NULL','shophouse'),(1969,52,'1','30m',0,0,160,0,100,11,5,5,15,46,'not booked','T21-09','2024-05-15 07:00:00',46,46,'2024-05-15 07:00:00','2024-05-15 07:00:00','','NULL','shophouse'),(1970,52,'1','30m',0,0,160,0,100,11,5,5,15,46,'not booked','T21-11','2024-05-15 07:00:00',46,46,'2024-05-15 07:00:00','2024-05-15 07:00:00','','NULL','shophouse'),(1971,52,'1','30m',0,0,200,0,100,11,5,5,15,46,'not booked','T21-13','2024-05-15 07:00:00',46,46,'2024-05-15 07:00:00','2024-05-15 07:00:00','','NULL','shophouse'),(1972,52,'1','30m',0,0,200,0,100,11,5,5,15,46,'not booked','T21-15','2024-05-15 07:00:00',46,46,'2024-05-15 07:00:00','2024-05-15 07:00:00','','NULL','shophouse'),(1973,52,'1','30m',0,0,160,0,100,11,5,5,15,46,'not booked','T21-17','2024-05-15 07:00:00',46,46,'2024-05-15 07:00:00','2024-05-15 07:00:00','','NULL','shophouse'),(1974,52,'1','30m',0,0,160,0,100,11,5,5,15,46,'not booked','T21-19','2024-05-15 07:00:00',46,46,'2024-05-15 07:00:00','2024-05-15 07:00:00','','NULL','shophouse'),(1975,52,'1','30m',0,0,160,0,100,11,5,5,15,46,'not booked','T21-21','2024-05-15 07:00:00',46,46,'2024-05-15 07:00:00','2024-05-15 07:00:00','','NULL','shophouse'),(1976,52,'1','30m',0,0,160,0,100,11,5,5,15,46,'not booked','T21-23','2024-05-15 07:00:00',46,46,'2024-05-15 07:00:00','2024-05-15 07:00:00','','NULL','shophouse'),(1977,52,'1','30m',0,0,160,0,100,11,5,5,15,46,'not booked','T21-25','2024-05-15 07:00:00',46,46,'2024-05-15 07:00:00','2024-05-15 07:00:00','','NULL','shophouse'),(1978,52,'1','30m',0,0,200,0,100,11,5,5,15,46,'not booked','T21-27','2024-05-15 07:00:00',46,46,'2024-05-15 07:00:00','2024-05-15 07:00:00','','NULL','shophouse'),(1979,52,'1','30m',0,0,200,0,100,11,5,5,15,46,'not booked','T21-29','2024-05-15 07:00:00',46,46,'2024-05-15 07:00:00','2024-05-15 07:00:00','','NULL','shophouse'),(1980,52,'1','30m',0,0,160,0,100,11,5,5,15,46,'not booked','T21-31','2024-05-15 07:00:00',46,46,'2024-05-15 07:00:00','2024-05-15 07:00:00','','NULL','shophouse'),(1981,52,'1','30m',0,0,160,0,100,11,5,5,15,46,'not booked','T21-33','2024-05-15 07:00:00',46,46,'2024-05-15 07:00:00','2024-05-15 07:00:00','','NULL','shophouse'),(1982,52,'1','30m',0,0,160,0,100,11,5,5,15,46,'not booked','T21-35','2024-05-15 07:00:00',46,46,'2024-05-15 07:00:00','2024-05-15 07:00:00','','NULL','shophouse'),(1983,52,'1','30m',0,0,160,0,100,11,5,5,15,46,'not booked','T21-37','2024-05-15 07:00:00',46,46,'2024-05-15 07:00:00','2024-05-15 07:00:00','','NULL','shophouse'),(1984,52,'1','30m',0,0,160,0,100,11,5,5,15,46,'not booked','T21-39','2024-05-15 07:00:00',46,46,'2024-05-15 07:00:00','2024-05-15 07:00:00','','NULL','shophouse'),(1985,52,'1','30m',0,0,160,0,100,11,5,5,15,46,'not booked','T21-41','2024-05-15 07:00:00',46,46,'2024-05-15 07:00:00','2024-05-15 07:00:00','','NULL','shophouse'),(1986,51,'1','30m',0,0,346,0,100,11,5,5,30,46,'not booked','NX-LP-24','0000-00-00 00:00:00',46,46,'2024-05-15 07:00:00','2024-05-15 07:00:00','','NULL','boutique villa'),(1987,51,'1','30m',0,0,200,0,100,11,5,5,30,46,'not booked','NX-LP-26','0000-00-00 00:00:00',46,46,'2024-05-15 07:00:00','2024-05-15 07:00:00','','NULL','boutique villa'),(1988,51,'1','30m',0,0,200,0,100,11,5,5,30,46,'not booked','NX-LP-28','0000-00-00 00:00:00',46,46,'2024-05-15 07:00:00','2024-05-15 07:00:00','','NULL','boutique villa'),(1989,51,'1','30m',0,0,200,0,100,11,5,5,30,46,'not booked','NX-LP-30','0000-00-00 00:00:00',46,46,'2024-05-15 07:00:00','2024-05-15 07:00:00','','NULL','boutique villa'),(1990,51,'1','30m',0,0,200,0,100,11,5,5,30,46,'not booked','NX-LP-32','0000-00-00 00:00:00',46,46,'2024-05-15 07:00:00','2024-05-15 07:00:00','','NULL','boutique villa'),(1991,51,'1','30m',0,0,200,0,100,11,5,5,30,46,'not booked','NX-LP-34','0000-00-00 00:00:00',46,46,'2024-05-15 07:00:00','2024-05-15 07:00:00','','NULL','boutique villa'),(1992,51,'1','30m',0,0,200,0,100,11,5,5,30,46,'not booked','NX-LP-36','0000-00-00 00:00:00',46,46,'2024-05-15 07:00:00','2024-05-15 07:00:00','','NULL','boutique villa'),(1993,51,'1','30m',0,0,200,0,100,11,5,5,30,46,'not booked','NX-LP-38','0000-00-00 00:00:00',46,46,'2024-05-15 07:00:00','2024-05-15 07:00:00','','NULL','boutique villa'),(1994,51,'1','30m',0,0,200,0,100,11,5,5,30,46,'not booked','NX-LP-40','0000-00-00 00:00:00',46,46,'2024-05-15 07:00:00','2024-05-15 07:00:00','','NULL','boutique villa'),(1995,51,'1','30m',0,0,200,0,100,11,5,5,30,46,'not booked','NX-LP-42','0000-00-00 00:00:00',46,46,'2024-05-15 07:00:00','2024-05-15 07:00:00','','NULL','boutique villa'),(1996,51,'1','30m',0,0,200,0,100,11,5,5,30,46,'not booked','NX-LP-44','0000-00-00 00:00:00',46,46,'2024-05-15 07:00:00','2024-05-15 07:00:00','','NULL','boutique villa'),(1997,51,'1','30m',0,0,200,0,100,11,5,5,30,46,'not booked','NX-LP-46','0000-00-00 00:00:00',46,46,'2024-05-15 07:00:00','2024-05-15 07:00:00','','NULL','boutique villa'),(1998,51,'1','30m',0,0,200,0,100,11,5,5,30,46,'not booked','NX-LP-48','0000-00-00 00:00:00',46,46,'2024-05-15 07:00:00','2024-05-15 07:00:00','','NULL','boutique villa'),(1999,51,'1','30m',0,0,200,0,100,11,5,5,30,46,'not booked','NX-LP-50','0000-00-00 00:00:00',46,46,'2024-05-15 07:00:00','2024-05-15 07:00:00','','NULL','boutique villa'),(2000,51,'1','30m',0,0,200,0,100,11,5,5,30,46,'not booked','NX-LP-52','0000-00-00 00:00:00',46,46,'2024-05-15 07:00:00','2024-05-15 07:00:00','','NULL','boutique villa'),(2001,51,'1','30m',0,0,200,0,100,11,5,5,30,46,'not booked','NX-LP-54','0000-00-00 00:00:00',46,46,'2024-05-15 07:00:00','2024-05-15 07:00:00','','NULL','boutique villa'),(2002,51,'1','30m',0,0,200,0,100,11,5,5,30,46,'not booked','NX-LP-56','0000-00-00 00:00:00',46,46,'2024-05-15 07:00:00','2024-05-15 07:00:00','','NULL','boutique villa'),(2003,51,'1','30m',0,0,200,0,100,11,5,5,30,46,'not booked','NX-LP-58','0000-00-00 00:00:00',46,46,'2024-05-15 07:00:00','2024-05-15 07:00:00','','NULL','boutique villa'),(2004,51,'1','30m',0,0,200,0,100,11,5,5,30,46,'not booked','NX-LP-60','0000-00-00 00:00:00',46,46,'2024-05-15 07:00:00','2024-05-15 07:00:00','','NULL','boutique villa'),(2005,51,'1','30m',0,0,200,0,100,11,5,5,30,46,'not booked','NX-LP-62','0000-00-00 00:00:00',46,46,'2024-05-15 07:00:00','2024-05-15 07:00:00','','NULL','boutique villa'),(2006,51,'1','30m',0,0,200,0,100,11,5,5,30,46,'not booked','NX-LP-64','0000-00-00 00:00:00',46,46,'2024-05-15 07:00:00','2024-05-15 07:00:00','','NULL','boutique villa'),(2007,51,'1','30m',0,0,200,0,100,11,5,5,30,46,'not booked','NX-LP-66','0000-00-00 00:00:00',46,46,'2024-05-15 07:00:00','2024-05-15 07:00:00','','NULL','boutique villa'),(2008,51,'1','30m',0,0,300,0,100,11,5,5,30,46,'not booked','NX-LP-68','0000-00-00 00:00:00',46,46,'2024-05-15 07:00:00','2024-05-15 07:00:00','','NULL','boutique villa'),(2009,51,'1','30m',0,0,352,0,100,11,5,5,30,46,'not booked','NX-LP-70','0000-00-00 00:00:00',46,46,'2024-05-15 07:00:00','2024-05-15 07:00:00','','NULL','boutique villa'),(2010,51,'1','30m',0,0,442,0,100,11,5,5,30,46,'not booked','NX-LP-134','0000-00-00 00:00:00',46,46,'2024-05-15 07:00:00','2024-05-15 07:00:00','','NULL','boutique villa'),(2011,51,'1','30m',0,0,200,0,100,11,5,5,30,46,'not booked','NX-LP-136','0000-00-00 00:00:00',46,46,'2024-05-15 07:00:00','2024-05-15 07:00:00','','NULL','boutique villa'),(2012,51,'1','30m',0,0,200,0,100,11,5,5,30,46,'not booked','NX-LP-138','0000-00-00 00:00:00',46,46,'2024-05-15 07:00:00','2024-05-15 07:00:00','','NULL','boutique villa'),(2013,51,'1','30m',0,0,200,0,100,11,5,5,30,46,'not booked','NX-LP-140','0000-00-00 00:00:00',46,46,'2024-05-15 07:00:00','2024-05-15 07:00:00','','NULL','boutique villa'),(2014,51,'1','30m',0,0,200,0,100,11,5,5,30,46,'not booked','NX-LP-142','0000-00-00 00:00:00',46,46,'2024-05-15 07:00:00','2024-05-15 07:00:00','','NULL','boutique villa'),(2015,51,'1','30m',0,0,200,0,100,11,5,5,30,46,'not booked','NX-LP-144','0000-00-00 00:00:00',46,46,'2024-05-15 07:00:00','2024-05-15 07:00:00','','NULL','boutique villa'),(2016,51,'1','30m',0,0,200,0,100,11,5,5,30,46,'not booked','NX-LP-146','0000-00-00 00:00:00',46,46,'2024-05-15 07:00:00','2024-05-15 07:00:00','','NULL','boutique villa'),(2017,51,'1','30m',0,0,200,0,100,11,5,5,30,46,'not booked','NX-LP-148','0000-00-00 00:00:00',46,46,'2024-05-15 07:00:00','2024-05-15 07:00:00','','NULL','boutique villa'),(2018,51,'1','30m',0,0,200,0,100,11,5,5,30,46,'not booked','NX-LP-150','0000-00-00 00:00:00',46,46,'2024-05-15 07:00:00','2024-05-15 07:00:00','','NULL','boutique villa'),(2019,51,'1','30m',0,0,200,0,100,11,5,5,30,46,'not booked','NX-LP-152','0000-00-00 00:00:00',46,46,'2024-05-15 07:00:00','2024-05-15 07:00:00','','NULL','boutique villa'),(2020,51,'1','30m',0,0,200,0,100,11,5,5,30,46,'not booked','NX-LP-154','0000-00-00 00:00:00',46,46,'2024-05-15 07:00:00','2024-05-15 07:00:00','','NULL','boutique villa'),(2021,51,'1','30m',0,0,200,0,100,11,5,5,30,46,'not booked','NX-LP-156','0000-00-00 00:00:00',46,46,'2024-05-15 07:00:00','2024-05-15 07:00:00','','NULL','boutique villa'),(2022,51,'1','30m',0,0,200,0,100,11,5,5,30,46,'not booked','NX-LP-158','0000-00-00 00:00:00',46,46,'2024-05-15 07:00:00','2024-05-15 07:00:00','','NULL','boutique villa'),(2023,51,'1','30m',0,0,204,0,100,11,5,5,30,46,'not booked','NX-LP-160','0000-00-00 00:00:00',46,46,'2024-05-15 07:00:00','2024-05-15 07:00:00','','NULL','boutique villa'),(2024,51,'1','30m',0,0,213,0,100,11,5,5,30,46,'not booked','NX-LP-162','0000-00-00 00:00:00',46,46,'2024-05-15 07:00:00','2024-05-15 07:00:00','','NULL','boutique villa'),(2025,51,'1','30m',0,0,225,0,100,11,5,5,30,46,'not booked','NX-LP-164','0000-00-00 00:00:00',46,46,'2024-05-15 07:00:00','2024-05-15 07:00:00','','NULL','boutique villa'),(2026,51,'1','30m',0,0,471,0,100,11,5,5,30,46,'not booked','NX-LP-130','0000-00-00 00:00:00',46,46,'2024-05-15 07:00:00','2024-05-15 07:00:00','','NULL','boutique villa'),(2027,51,'1','30m',0,0,630,0,100,11,5,5,30,46,'not booked','NX-LP-132','0000-00-00 00:00:00',46,46,'2024-05-15 07:00:00','2024-05-15 07:00:00','','NULL','boutique villa'),(2028,51,'1','30m',0,0,550,0,100,11,5,5,30,46,'not booked','M6-36','0000-00-00 00:00:00',46,46,'2024-05-15 07:00:00','2024-05-15 07:00:00','','NULL','boutique villa'),(2029,51,'1','30m',0,0,351,0,100,11,5,5,30,46,'not booked','V3-02','0000-00-00 00:00:00',46,46,'2024-05-15 07:00:00','2024-05-15 07:00:00','','NULL','boutique villa'),(2030,51,'1','30m',0,0,314,0,100,11,5,5,30,46,'not booked','D2a-01','0000-00-00 00:00:00',46,46,'2024-05-15 07:00:00','2024-05-15 07:00:00','','NULL','boutique villa'),(2031,51,'1','30m',0,0,260,0,100,11,5,5,30,46,'not booked','D2a-03','0000-00-00 00:00:00',46,46,'2024-05-15 07:00:00','2024-05-15 07:00:00','','NULL','boutique villa'),(2032,51,'1','30m',0,0,227,0,100,11,5,5,30,46,'not booked','D2a-05','0000-00-00 00:00:00',46,46,'2024-05-15 07:00:00','2024-05-15 07:00:00','','NULL','boutique villa'),(2033,51,'1','30m',0,0,227,0,100,11,5,5,30,46,'not booked','D2a-07','0000-00-00 00:00:00',46,46,'2024-05-15 07:00:00','2024-05-15 07:00:00','','NULL','boutique villa'),(2034,51,'1','30m',0,0,227,0,100,11,5,5,30,46,'not booked','D2a-09','0000-00-00 00:00:00',46,46,'2024-05-15 07:00:00','2024-05-15 07:00:00','','NULL','boutique villa'),(2035,51,'1','30m',0,0,227,0,100,11,5,5,30,46,'not booked','D2a-11','0000-00-00 00:00:00',46,46,'2024-05-15 07:00:00','2024-05-15 07:00:00','','NULL','boutique villa'),(2036,51,'1','30m',0,0,227,0,100,11,5,5,30,46,'not booked','D2a-13','0000-00-00 00:00:00',46,46,'2024-05-15 07:00:00','2024-05-15 07:00:00','','NULL','boutique villa'),(2037,51,'1','30m',0,0,227,0,100,11,5,5,30,46,'not booked','D2a-15','0000-00-00 00:00:00',46,46,'2024-05-15 07:00:00','2024-05-15 07:00:00','','NULL','boutique villa'),(2038,51,'1','30m',0,0,228,0,100,11,5,5,30,46,'not booked','D2a-17','0000-00-00 00:00:00',46,46,'2024-05-15 07:00:00','2024-05-15 07:00:00','','NULL','boutique villa'),(2039,51,'1','30m',0,0,228,0,100,11,5,5,30,46,'not booked','D2a-19','0000-00-00 00:00:00',46,46,'2024-05-15 07:00:00','2024-05-15 07:00:00','','NULL','boutique villa'),(2040,51,'1','30m',0,0,228,0,100,11,5,5,30,46,'not booked','D2a-21','0000-00-00 00:00:00',46,46,'2024-05-15 07:00:00','2024-05-15 07:00:00','','NULL','boutique villa'),(2041,51,'1','30m',0,0,228,0,100,11,5,5,30,46,'not booked','D2a-23','0000-00-00 00:00:00',46,46,'2024-05-15 07:00:00','2024-05-15 07:00:00','','NULL','boutique villa'),(2042,51,'1','30m',0,0,340,0,100,11,5,5,30,46,'not booked','D2a-25','0000-00-00 00:00:00',46,46,'2024-05-15 07:00:00','2024-05-15 07:00:00','','NULL','boutique villa'),(2043,51,'1','30m',0,0,345,0,100,11,5,5,30,46,'not booked','D2a-27','0000-00-00 00:00:00',46,46,'2024-05-15 07:00:00','2024-05-15 07:00:00','','NULL','boutique villa'),(2044,51,'1','30m',0,0,243,0,100,11,5,5,30,46,'not booked','D2a-02','0000-00-00 00:00:00',46,46,'2024-05-15 07:00:00','2024-05-15 07:00:00','','NULL','boutique villa'),(2045,51,'1','30m',0,0,243,0,100,11,5,5,30,46,'not booked','D2a-04','0000-00-00 00:00:00',46,46,'2024-05-15 07:00:00','2024-05-15 07:00:00','','NULL','boutique villa'),(2046,51,'1','30m',0,0,243,0,100,11,5,5,30,46,'not booked','D2a-06','0000-00-00 00:00:00',46,46,'2024-05-15 07:00:00','2024-05-15 07:00:00','','NULL','boutique villa'),(2047,51,'1','30m',0,0,243,0,100,11,5,5,30,46,'not booked','D2a-08','0000-00-00 00:00:00',46,46,'2024-05-15 07:00:00','2024-05-15 07:00:00','','NULL','boutique villa'),(2048,51,'1','30m',0,0,243,0,100,11,5,5,30,46,'not booked','D2a-10','0000-00-00 00:00:00',46,46,'2024-05-15 07:00:00','2024-05-15 07:00:00','','NULL','boutique villa'),(2049,51,'1','30m',0,0,243,0,100,11,5,5,30,46,'not booked','D2a-12','0000-00-00 00:00:00',46,46,'2024-05-15 07:00:00','2024-05-15 07:00:00','','NULL','boutique villa'),(2050,51,'1','30m',0,0,243,0,100,11,5,5,30,46,'not booked','D2a-14','0000-00-00 00:00:00',46,46,'2024-05-15 07:00:00','2024-05-15 07:00:00','','NULL','boutique villa'),(2051,51,'1','30m',0,0,243,0,100,11,5,5,30,46,'not booked','D2a-16','0000-00-00 00:00:00',46,46,'2024-05-15 07:00:00','2024-05-15 07:00:00','','NULL','boutique villa'),(2052,51,'1','30m',0,0,362,0,100,11,5,5,30,46,'not booked','D2a-18','0000-00-00 00:00:00',46,46,'2024-05-15 07:00:00','2024-05-15 07:00:00','','NULL','boutique villa'),(2053,51,'1','30m',0,0,362,0,100,11,5,5,30,46,'not booked','D2a-20','0000-00-00 00:00:00',46,46,'2024-05-15 07:00:00','2024-05-15 07:00:00','','NULL','boutique villa'),(2054,51,'1','30m',0,0,488,0,100,11,5,5,30,46,'not booked','V3-48','0000-00-00 00:00:00',46,46,'2024-05-15 07:00:00','2024-05-15 07:00:00','','NULL','boutique villa'),(2055,51,'1','30m',0,0,328,0,100,11,5,5,30,46,'not booked','T21-43','0000-00-00 00:00:00',46,46,'2024-05-15 07:00:00','2024-05-15 07:00:00','','NULL','boutique villa'),(2056,51,'1','30m',0,0,294,0,100,11,5,5,30,46,'not booked','M5-46','0000-00-00 00:00:00',46,46,'2024-05-15 07:00:00','2024-05-15 07:00:00','','NULL','boutique villa'),(2057,51,'1','30m',0,0,294,0,100,11,5,5,30,46,'not booked','T17-43','0000-00-00 00:00:00',46,46,'2024-05-15 07:00:00','2024-05-15 07:00:00','','NULL','boutique villa'),(2058,51,'1','30m',0,0,447,0,100,11,5,5,85,46,'not booked','V3-137','2024-05-15 07:00:00',46,46,'2024-05-15 07:00:00','2024-05-15 07:00:00','','NULL','premium'),(2059,51,'1','30m',0,0,332,0,100,11,5,5,85,46,'not booked','V3-139','2024-05-15 07:00:00',46,46,'2024-05-15 07:00:00','2024-05-15 07:00:00','','NULL','premium'),(2060,51,'1','30m',0,0,327,0,100,11,5,5,85,46,'not booked','V3-141','2024-05-15 07:00:00',46,46,'2024-05-15 07:00:00','2024-05-15 07:00:00','','NULL','premium'),(2061,51,'1','30m',0,0,375,0,100,11,5,5,85,46,'not booked','V3-143','2024-05-15 07:00:00',46,46,'2024-05-15 07:00:00','2024-05-15 07:00:00','','NULL','premium'),(2062,51,'1','30m',0,0,375,0,100,11,5,5,85,46,'not booked','V3-145','2024-05-15 07:00:00',46,46,'2024-05-15 07:00:00','2024-05-15 07:00:00','','NULL','premium'),(2063,51,'1','30m',0,0,375,0,100,11,5,5,85,46,'not booked','V3-147','2024-05-15 07:00:00',46,46,'2024-05-15 07:00:00','2024-05-15 07:00:00','','NULL','premium'),(2064,51,'1','30m',0,0,378,0,100,11,5,5,85,46,'not booked','V3-149','2024-05-15 07:00:00',46,46,'2024-05-15 07:00:00','2024-05-15 07:00:00','','NULL','premium'),(2065,51,'1','30m',0,0,558,0,100,11,5,5,85,46,'not booked','V3-151','2024-05-15 07:00:00',46,46,'2024-05-15 07:00:00','2024-05-15 07:00:00','','NULL','premium'),(2066,51,'1','30m',0,0,503,0,100,11,5,5,85,46,'not booked','V3-153','2024-05-15 07:00:00',46,46,'2024-05-15 07:00:00','2024-05-15 07:00:00','','NULL','premium'),(2067,51,'1','30m',0,0,427,0,100,11,5,5,85,46,'not booked','V3-155','2024-05-15 07:00:00',46,46,'2024-05-15 07:00:00','2024-05-15 07:00:00','','NULL','premium'),(2068,51,'1','30m',0,0,443,0,100,11,5,5,85,46,'not booked','V3-157','2024-05-15 07:00:00',46,46,'2024-05-15 07:00:00','2024-05-15 07:00:00','','NULL','premium'),(2069,51,'1','30m',0,0,392,0,100,11,5,5,85,46,'not booked','V3-159','2024-05-15 07:00:00',46,46,'2024-05-15 07:00:00','2024-05-15 07:00:00','','NULL','premium'),(2070,51,'1','30m',0,0,387,0,100,11,5,5,85,46,'not booked','V3-161','2024-05-15 07:00:00',46,46,'2024-05-15 07:00:00','2024-05-15 07:00:00','','NULL','premium'),(2071,51,'1','30m',0,0,394,0,100,11,5,5,85,46,'not booked','V3-163','2024-05-15 07:00:00',46,46,'2024-05-15 07:00:00','2024-05-15 07:00:00','','NULL','premium'),(2072,51,'1','30m',0,0,379,0,100,11,5,5,85,46,'not booked','V3-165','2024-05-15 07:00:00',46,46,'2024-05-15 07:00:00','2024-05-15 07:00:00','','NULL','premium'),(2073,51,'1','30m',0,0,365,0,100,11,5,5,85,46,'not booked','V3-167','2024-05-15 07:00:00',46,46,'2024-05-15 07:00:00','2024-05-15 07:00:00','','NULL','premium'),(2074,51,'1','30m',0,0,345,0,100,11,5,5,85,46,'not booked','V3-169','2024-05-15 07:00:00',46,46,'2024-05-15 07:00:00','2024-05-15 07:00:00','','NULL','premium'),(2075,51,'1','30m',0,0,291,0,100,11,5,5,85,46,'not booked','V3-171','2024-05-15 07:00:00',46,46,'2024-05-15 07:00:00','2024-05-15 07:00:00','','NULL','premium'),(2076,51,'1','30m',0,0,307,0,100,11,5,5,85,46,'not booked','V3-173','2024-05-15 07:00:00',46,46,'2024-05-15 07:00:00','2024-05-15 07:00:00','','NULL','premium'),(2077,51,'1','30m',0,0,367,0,100,11,5,5,85,46,'not booked','V3-175','2024-05-15 07:00:00',46,46,'2024-05-15 07:00:00','2024-05-15 07:00:00','','NULL','premium'),(2078,51,'1','30m',0,0,376,0,100,11,5,5,85,46,'not booked','V3-177','2024-05-15 07:00:00',46,46,'2024-05-15 07:00:00','2024-05-15 07:00:00','','NULL','premium'),(2079,51,'1','30m',0,0,382,0,100,11,5,5,85,46,'not booked','V3-179','2024-05-15 07:00:00',46,46,'2024-05-15 07:00:00','2024-05-15 07:00:00','','NULL','premium'),(2080,51,'1','30m',0,0,376,0,100,11,5,5,85,46,'not booked','V3-181','2024-05-15 07:00:00',46,46,'2024-05-15 07:00:00','2024-05-15 07:00:00','','NULL','premium'),(2081,51,'1','30m',0,0,200,0,100,11,5,5,20,46,'not booked','M2-01','2024-05-15 07:00:00',46,46,'2024-05-15 07:00:00','2024-05-15 07:00:00','','NULL','semi-detached villa'),(2082,51,'1','30m',0,0,200,0,100,11,5,5,20,46,'not booked','M2-03','2024-05-15 07:00:00',46,46,'2024-05-15 07:00:00','2024-05-15 07:00:00','','NULL','semi-detached villa'),(2083,51,'1','30m',0,0,200,0,100,11,5,5,20,46,'not booked','M2-05','2024-05-15 07:00:00',46,46,'2024-05-15 07:00:00','2024-05-15 07:00:00','','NULL','semi-detached villa'),(2084,51,'1','30m',0,0,200,0,100,11,5,5,20,46,'not booked','M2-07','2024-05-15 07:00:00',46,46,'2024-05-15 07:00:00','2024-05-15 07:00:00','','NULL','semi-detached villa'),(2085,51,'1','30m',0,0,200,0,100,11,5,5,20,46,'not booked','M2-09','2024-05-15 07:00:00',46,46,'2024-05-15 07:00:00','2024-05-15 07:00:00','','NULL','semi-detached villa'),(2086,51,'1','30m',0,0,200,0,100,11,5,5,20,46,'not booked','M2-11','2024-05-15 07:00:00',46,46,'2024-05-15 07:00:00','2024-05-15 07:00:00','','NULL','semi-detached villa'),(2087,51,'1','30m',0,0,200,0,100,11,5,5,20,46,'not booked','M2-13','2024-05-15 07:00:00',46,46,'2024-05-15 07:00:00','2024-05-15 07:00:00','','NULL','semi-detached villa'),(2088,51,'1','30m',0,0,200,0,100,11,5,5,20,46,'not booked','M2-15','2024-05-15 07:00:00',46,46,'2024-05-15 07:00:00','2024-05-15 07:00:00','','NULL','semi-detached villa'),(2089,51,'1','30m',0,0,200,0,100,11,5,5,20,46,'not booked','M2-17','2024-05-15 07:00:00',46,46,'2024-05-15 07:00:00','2024-05-15 07:00:00','','NULL','semi-detached villa'),(2090,51,'1','30m',0,0,200,0,100,11,5,5,20,46,'not booked','M2-19','2024-05-15 07:00:00',46,46,'2024-05-15 07:00:00','2024-05-15 07:00:00','','NULL','semi-detached villa'),(2091,51,'1','30m',0,0,200,0,100,11,5,5,20,46,'not booked','M2-21','2024-05-15 07:00:00',46,46,'2024-05-15 07:00:00','2024-05-15 07:00:00','','NULL','semi-detached villa'),(2092,51,'1','30m',0,0,200,0,100,11,5,5,20,46,'not booked','M2-23','2024-05-15 07:00:00',46,46,'2024-05-15 07:00:00','2024-05-15 07:00:00','','NULL','semi-detached villa'),(2093,51,'1','30m',0,0,200,0,100,11,5,5,20,46,'not booked','M2-25','2024-05-15 07:00:00',46,46,'2024-05-15 07:00:00','2024-05-15 07:00:00','','NULL','semi-detached villa'),(2094,51,'1','30m',0,0,200,0,100,11,5,5,20,46,'not booked','M2-27','2024-05-15 07:00:00',46,46,'2024-05-15 07:00:00','2024-05-15 07:00:00','','NULL','semi-detached villa'),(2095,51,'1','30m',0,0,200,0,100,11,5,5,20,46,'not booked','M2-29','2024-05-15 07:00:00',46,46,'2024-05-15 07:00:00','2024-05-15 07:00:00','','NULL','semi-detached villa'),(2096,51,'1','30m',0,0,200,0,100,11,5,5,20,46,'not booked','M2-31','2024-05-15 07:00:00',46,46,'2024-05-15 07:00:00','2024-05-15 07:00:00','','NULL','semi-detached villa'),(2097,51,'1','30m',0,0,200,0,100,11,5,5,20,46,'not booked','M2-33','2024-05-15 07:00:00',46,46,'2024-05-15 07:00:00','2024-05-15 07:00:00','','NULL','semi-detached villa'),(2098,51,'1','30m',0,0,200,0,100,11,5,5,20,46,'not booked','M2-35','2024-05-15 07:00:00',46,46,'2024-05-15 07:00:00','2024-05-15 07:00:00','','NULL','semi-detached villa'),(2099,51,'1','30m',0,0,200,0,100,11,5,5,20,46,'not booked','M2-37','2024-05-15 07:00:00',46,46,'2024-05-15 07:00:00','2024-05-15 07:00:00','','NULL','semi-detached villa'),(2100,51,'1','30m',0,0,200,0,100,11,5,5,20,46,'not booked','M2-39','2024-05-15 07:00:00',46,46,'2024-05-15 07:00:00','2024-05-15 07:00:00','','NULL','semi-detached villa'),(2101,51,'1','30m',0,0,450,0,100,11,5,5,20,46,'not booked','M2-45','2024-05-15 07:00:00',46,46,'2024-05-15 07:00:00','2024-05-15 07:00:00','','NULL','semi-detached villa'),(2102,51,'1','30m',0,0,322,0,100,11,5,5,20,46,'not booked','M2-47','2024-05-15 07:00:00',46,46,'2024-05-15 07:00:00','2024-05-15 07:00:00','','NULL','semi-detached villa'),(2103,51,'1','30m',0,0,250,0,100,11,5,5,20,46,'not booked','M2-49','2024-05-15 07:00:00',46,46,'2024-05-15 07:00:00','2024-05-15 07:00:00','','NULL','semi-detached villa'),(2104,51,'1','30m',0,0,250,0,100,11,5,5,20,46,'not booked','M2-51','2024-05-15 07:00:00',46,46,'2024-05-15 07:00:00','2024-05-15 07:00:00','','NULL','semi-detached villa'),(2105,51,'1','30m',0,0,250,0,100,11,5,5,20,46,'not booked','M2-53','2024-05-15 07:00:00',46,46,'2024-05-15 07:00:00','2024-05-15 07:00:00','','NULL','semi-detached villa'),(2106,51,'1','30m',0,0,250,0,100,11,5,5,20,46,'not booked','M2-55','2024-05-15 07:00:00',46,46,'2024-05-15 07:00:00','2024-05-15 07:00:00','','NULL','semi-detached villa'),(2107,51,'1','30m',0,0,250,0,100,11,5,5,20,46,'not booked','M2-57','2024-05-15 07:00:00',46,46,'2024-05-15 07:00:00','2024-05-15 07:00:00','','NULL','semi-detached villa'),(2108,51,'1','30m',0,0,250,0,100,11,5,5,20,46,'not booked','M2-59','2024-05-15 07:00:00',46,46,'2024-05-15 07:00:00','2024-05-15 07:00:00','','NULL','semi-detached villa'),(2109,51,'1','30m',0,0,250,0,100,11,5,5,20,46,'not booked','M2-61','2024-05-15 07:00:00',46,46,'2024-05-15 07:00:00','2024-05-15 07:00:00','','NULL','semi-detached villa'),(2110,51,'1','30m',0,0,250,0,100,11,5,5,20,46,'not booked','M2-63','2024-05-15 07:00:00',46,46,'2024-05-15 07:00:00','2024-05-15 07:00:00','','NULL','semi-detached villa'),(2111,51,'1','30m',0,0,250,0,100,11,5,5,20,46,'not booked','M2-65','2024-05-15 07:00:00',46,46,'2024-05-15 07:00:00','2024-05-15 07:00:00','','NULL','semi-detached villa'),(2112,51,'1','30m',0,0,250,0,100,11,5,5,20,46,'not booked','M2-67','2024-05-15 07:00:00',46,46,'2024-05-15 07:00:00','2024-05-15 07:00:00','','NULL','semi-detached villa'),(2113,51,'1','30m',0,0,250,0,100,11,5,5,20,46,'not booked','M2-69','2024-05-15 07:00:00',46,46,'2024-05-15 07:00:00','2024-05-15 07:00:00','','NULL','semi-detached villa'),(2114,51,'1','30m',0,0,250,0,100,11,5,5,20,46,'not booked','M2-71','2024-05-15 07:00:00',46,46,'2024-05-15 07:00:00','2024-05-15 07:00:00','','NULL','semi-detached villa'),(2115,51,'1','30m',0,0,250,0,100,11,5,5,20,46,'not booked','M2-73','2024-05-15 07:00:00',46,46,'2024-05-15 07:00:00','2024-05-15 07:00:00','','NULL','semi-detached villa'),(2116,51,'1','30m',0,0,250,0,100,11,5,5,20,46,'not booked','M2-75','2024-05-15 07:00:00',46,46,'2024-05-15 07:00:00','2024-05-15 07:00:00','','NULL','semi-detached villa'),(2117,51,'1','30m',0,0,250,0,100,11,5,5,20,46,'not booked','M2-77','2024-05-15 07:00:00',46,46,'2024-05-15 07:00:00','2024-05-15 07:00:00','','NULL','semi-detached villa'),(2118,51,'1','30m',0,0,250,0,100,11,5,5,20,46,'not booked','M2-79','2024-05-15 07:00:00',46,46,'2024-05-15 07:00:00','2024-05-15 07:00:00','','NULL','semi-detached villa'),(2119,51,'1','30m',0,0,250,0,100,11,5,5,20,46,'not booked','M2-81','2024-05-15 07:00:00',46,46,'2024-05-15 07:00:00','2024-05-15 07:00:00','','NULL','semi-detached villa'),(2120,51,'1','30m',0,0,250,0,100,11,5,5,20,46,'not booked','M2-83','2024-05-15 07:00:00',46,46,'2024-05-15 07:00:00','2024-05-15 07:00:00','','NULL','semi-detached villa'),(2121,51,'1','30m',0,0,250,0,100,11,5,5,20,46,'not booked','M2-85','2024-05-15 07:00:00',46,46,'2024-05-15 07:00:00','2024-05-15 07:00:00','','NULL','semi-detached villa'),(2122,51,'1','30m',0,0,318,0,100,11,5,5,20,46,'not booked','M2-87','2024-05-15 07:00:00',46,46,'2024-05-15 07:00:00','2024-05-15 07:00:00','','NULL','semi-detached villa'),(2123,51,'1','30m',0,0,302,0,100,11,5,5,20,46,'not booked','M4-04','2024-05-15 07:00:00',46,46,'2024-05-15 07:00:00','2024-05-15 07:00:00','','NULL','semi-detached villa'),(2124,51,'1','30m',0,0,300,0,100,11,5,5,20,46,'not booked','M4-06','2024-05-15 07:00:00',46,46,'2024-05-15 07:00:00','2024-05-15 07:00:00','','NULL','semi-detached villa'),(2125,51,'1','30m',0,0,299,0,100,11,5,5,20,46,'not booked','M4-08','2024-05-15 07:00:00',46,46,'2024-05-15 07:00:00','2024-05-15 07:00:00','','NULL','semi-detached villa'),(2126,51,'1','30m',0,0,300,0,100,11,5,5,20,46,'not booked','M4-10','2024-05-15 07:00:00',46,46,'2024-05-15 07:00:00','2024-05-15 07:00:00','','NULL','semi-detached villa'),(2127,51,'1','30m',0,0,300,0,100,11,5,5,20,46,'not booked','M4-14','2024-05-15 07:00:00',46,46,'2024-05-15 07:00:00','2024-05-15 07:00:00','','NULL','semi-detached villa'),(2128,51,'1','30m',0,0,300,0,100,11,5,5,20,46,'not booked','M4-16','2024-05-15 07:00:00',46,46,'2024-05-15 07:00:00','2024-05-15 07:00:00','','NULL','semi-detached villa'),(2129,51,'1','30m',0,0,300,0,100,11,5,5,20,46,'not booked','M4-18','2024-05-15 07:00:00',46,46,'2024-05-15 07:00:00','2024-05-15 07:00:00','','NULL','semi-detached villa'),(2130,51,'1','30m',0,0,300,0,100,11,5,5,20,46,'not booked','M4-20','2024-05-15 07:00:00',46,46,'2024-05-15 07:00:00','2024-05-15 07:00:00','','NULL','semi-detached villa'),(2131,51,'1','30m',0,0,300,0,100,11,5,5,20,46,'not booked','M4-22','2024-05-15 07:00:00',46,46,'2024-05-15 07:00:00','2024-05-15 07:00:00','','NULL','semi-detached villa'),(2132,51,'1','30m',0,0,366,0,100,11,5,5,20,46,'not booked','M4-24','2024-05-15 07:00:00',46,46,'2024-05-15 07:00:00','2024-05-15 07:00:00','','NULL','semi-detached villa'),(2133,51,'1','30m',0,0,301,0,100,11,5,5,20,46,'not booked','M4-28','2024-05-15 07:00:00',46,46,'2024-05-15 07:00:00','2024-05-15 07:00:00','','NULL','semi-detached villa'),(2134,51,'1','30m',0,0,300,0,100,11,5,5,20,46,'not booked','M4-30','2024-05-15 07:00:00',46,46,'2024-05-15 07:00:00','2024-05-15 07:00:00','','NULL','semi-detached villa'),(2135,51,'1','30m',0,0,300,0,100,11,5,5,20,46,'not booked','M4-32','2024-05-15 07:00:00',46,46,'2024-05-15 07:00:00','2024-05-15 07:00:00','','NULL','semi-detached villa'),(2136,51,'1','30m',0,0,300,0,100,11,5,5,20,46,'not booked','M4-34','2024-05-15 07:00:00',46,46,'2024-05-15 07:00:00','2024-05-15 07:00:00','','NULL','semi-detached villa'),(2137,51,'1','30m',0,0,300,0,100,11,5,5,20,46,'not booked','M4-36','2024-05-15 07:00:00',46,46,'2024-05-15 07:00:00','2024-05-15 07:00:00','','NULL','semi-detached villa'),(2138,51,'1','30m',0,0,300,0,100,11,5,5,20,46,'not booked','M4-38','2024-05-15 07:00:00',46,46,'2024-05-15 07:00:00','2024-05-15 07:00:00','','NULL','semi-detached villa'),(2139,51,'1','30m',0,0,300,0,100,11,5,5,20,46,'not booked','M4-40','2024-05-15 07:00:00',46,46,'2024-05-15 07:00:00','2024-05-15 07:00:00','','NULL','semi-detached villa'),(2140,51,'1','30m',0,0,300,0,100,11,5,5,20,46,'not booked','M4-42','2024-05-15 07:00:00',46,46,'2024-05-15 07:00:00','2024-05-15 07:00:00','','NULL','semi-detached villa'),(2141,51,'1','30m',0,0,300,0,100,11,5,5,20,46,'not booked','M4-44','2024-05-15 07:00:00',46,46,'2024-05-15 07:00:00','2024-05-15 07:00:00','','NULL','semi-detached villa'),(2142,51,'1','30m',0,0,300,0,100,11,5,5,20,46,'not booked','M4-46','2024-05-15 07:00:00',46,46,'2024-05-15 07:00:00','2024-05-15 07:00:00','','NULL','semi-detached villa'),(2143,51,'1','30m',0,0,156,0,100,11,5,5,20,46,'not booked','M5-56','2024-05-15 07:00:00',46,46,'2024-05-15 07:00:00','2024-05-15 07:00:00','','NULL','semi-detached villa'),(2144,51,'1','30m',0,0,156,0,100,11,5,5,20,46,'not booked','M5-58','2024-05-15 07:00:00',46,46,'2024-05-15 07:00:00','2024-05-15 07:00:00','','NULL','semi-detached villa'),(2145,51,'1','30m',0,0,200,0,100,11,5,5,20,46,'not booked','M6-04','2024-05-15 07:00:00',46,46,'2024-05-15 07:00:00','2024-05-15 07:00:00','','NULL','semi-detached villa'),(2146,51,'1','30m',0,0,200,0,100,11,5,5,20,46,'not booked','M6-06','2024-05-15 07:00:00',46,46,'2024-05-15 07:00:00','2024-05-15 07:00:00','','NULL','semi-detached villa'),(2147,51,'1','30m',0,0,200,0,100,11,5,5,20,46,'not booked','M6-08','2024-05-15 07:00:00',46,46,'2024-05-15 07:00:00','2024-05-15 07:00:00','','NULL','semi-detached villa'),(2148,51,'1','30m',0,0,200,0,100,11,5,5,20,46,'not booked','M6-10','2024-05-15 07:00:00',46,46,'2024-05-15 07:00:00','2024-05-15 07:00:00','','NULL','semi-detached villa'),(2149,51,'1','30m',0,0,200,0,100,11,5,5,20,46,'not booked','M6-12','2024-05-15 07:00:00',46,46,'2024-05-15 07:00:00','2024-05-15 07:00:00','','NULL','semi-detached villa'),(2150,51,'1','30m',0,0,200,0,100,11,5,5,20,46,'not booked','M6-14','2024-05-15 07:00:00',46,46,'2024-05-15 07:00:00','2024-05-15 07:00:00','','NULL','semi-detached villa'),(2151,51,'1','30m',0,0,200,0,100,11,5,5,20,46,'not booked','M6-16','2024-05-15 07:00:00',46,46,'2024-05-15 07:00:00','2024-05-15 07:00:00','','NULL','semi-detached villa'),(2152,51,'1','30m',0,0,200,0,100,11,5,5,20,46,'not booked','M6-18','2024-05-15 07:00:00',46,46,'2024-05-15 07:00:00','2024-05-15 07:00:00','','NULL','semi-detached villa'),(2153,51,'1','30m',0,0,200,0,100,11,5,5,20,46,'not booked','M6-20','2024-05-15 07:00:00',46,46,'2024-05-15 07:00:00','2024-05-15 07:00:00','','NULL','semi-detached villa'),(2154,51,'1','30m',0,0,200,0,100,11,5,5,20,46,'not booked','M6-22','2024-05-15 07:00:00',46,46,'2024-05-15 07:00:00','2024-05-15 07:00:00','','NULL','semi-detached villa'),(2155,51,'1','30m',0,0,200,0,100,11,5,5,20,46,'not booked','M6-24','2024-05-15 07:00:00',46,46,'2024-05-15 07:00:00','2024-05-15 07:00:00','','NULL','semi-detached villa'),(2156,51,'1','30m',0,0,200,0,100,11,5,5,20,46,'not booked','M6-26','2024-05-15 07:00:00',46,46,'2024-05-15 07:00:00','2024-05-15 07:00:00','','NULL','semi-detached villa'),(2157,51,'1','30m',0,0,200,0,100,11,5,5,20,46,'not booked','M6-28','2024-05-15 07:00:00',46,46,'2024-05-15 07:00:00','2024-05-15 07:00:00','','NULL','semi-detached villa'),(2158,51,'1','30m',0,0,200,0,100,11,5,5,20,46,'not booked','M6-30','2024-05-15 07:00:00',46,46,'2024-05-15 07:00:00','2024-05-15 07:00:00','','NULL','semi-detached villa'),(2159,51,'1','30m',0,0,200,0,100,11,5,5,20,46,'not booked','M6-32','2024-05-15 07:00:00',46,46,'2024-05-15 07:00:00','2024-05-15 07:00:00','','NULL','semi-detached villa'),(2160,51,'1','30m',0,0,200,0,100,11,5,5,20,46,'not booked','M6-34','2024-05-15 07:00:00',46,46,'2024-05-15 07:00:00','2024-05-15 07:00:00','','NULL','semi-detached villa'),(2161,51,'1','30m',0,0,300,0,100,11,5,5,20,46,'not booked','M6-40','2024-05-15 07:00:00',46,46,'2024-05-15 07:00:00','2024-05-15 07:00:00','','NULL','semi-detached villa'),(2162,51,'1','30m',0,0,300,0,100,11,5,5,20,46,'not booked','M6-42','2024-05-15 07:00:00',46,46,'2024-05-15 07:00:00','2024-05-15 07:00:00','','NULL','semi-detached villa'),(2163,51,'1','30m',0,0,300,0,100,11,5,5,20,46,'not booked','M6-44','2024-05-15 07:00:00',46,46,'2024-05-15 07:00:00','2024-05-15 07:00:00','','NULL','semi-detached villa'),(2164,51,'1','30m',0,0,300,0,100,11,5,5,20,46,'not booked','M6-46','2024-05-15 07:00:00',46,46,'2024-05-15 07:00:00','2024-05-15 07:00:00','','NULL','semi-detached villa'),(2165,51,'1','30m',0,0,307,0,100,11,5,5,20,46,'not booked','M6-48','2024-05-15 07:00:00',46,46,'2024-05-15 07:00:00','2024-05-15 07:00:00','','NULL','semi-detached villa'),(2166,51,'1','30m',0,0,313,0,100,11,5,5,20,46,'not booked','M6-50','2024-05-15 07:00:00',46,46,'2024-05-15 07:00:00','2024-05-15 07:00:00','','NULL','semi-detached villa'),(2167,51,'1','30m',0,0,341,0,100,11,5,5,20,46,'not booked','M6-56','2024-05-15 07:00:00',46,46,'2024-05-15 07:00:00','2024-05-15 07:00:00','','NULL','semi-detached villa'),(2168,51,'1','30m',0,0,341,0,100,11,5,5,20,46,'not booked','M6-58','2024-05-15 07:00:00',46,46,'2024-05-15 07:00:00','2024-05-15 07:00:00','','NULL','semi-detached villa'),(2169,51,'1','30m',0,0,341,0,100,11,5,5,20,46,'not booked','M6-60','2024-05-15 07:00:00',46,46,'2024-05-15 07:00:00','2024-05-15 07:00:00','','NULL','semi-detached villa'),(2170,51,'1','30m',0,0,341,0,100,11,5,5,20,46,'not booked','M6-62','2024-05-15 07:00:00',46,46,'2024-05-15 07:00:00','2024-05-15 07:00:00','','NULL','semi-detached villa'),(2171,51,'1','30m',0,0,341,0,100,11,5,5,20,46,'not booked','M6-64','2024-05-15 07:00:00',46,46,'2024-05-15 07:00:00','2024-05-15 07:00:00','','NULL','semi-detached villa'),(2172,51,'1','30m',0,0,341,0,100,11,5,5,20,46,'not booked','M6-66','2024-05-15 07:00:00',46,46,'2024-05-15 07:00:00','2024-05-15 07:00:00','','NULL','semi-detached villa'),(2173,51,'1','30m',0,0,155,0,100,11,5,5,20,46,'not booked','T17-53','2024-05-15 07:00:00',46,46,'2024-05-15 07:00:00','2024-05-15 07:00:00','','NULL','semi-detached villa'),(2174,51,'1','30m',0,0,155,0,100,11,5,5,20,46,'not booked','T17-55','2024-05-15 07:00:00',46,46,'2024-05-15 07:00:00','2024-05-15 07:00:00','','NULL','semi-detached villa'),(2175,51,'1','30m',0,0,200,0,100,11,5,5,20,46,'not booked','V3-08','2024-05-15 07:00:00',46,46,'2024-05-15 07:00:00','2024-05-15 07:00:00','','NULL','semi-detached villa'),(2176,51,'1','30m',0,0,200,0,100,11,5,5,20,46,'not booked','V3-10','2024-05-15 07:00:00',46,46,'2024-05-15 07:00:00','2024-05-15 07:00:00','','NULL','semi-detached villa'),(2177,51,'1','30m',0,0,200,0,100,11,5,5,20,46,'not booked','V3-12','2024-05-15 07:00:00',46,46,'2024-05-15 07:00:00','2024-05-15 07:00:00','','NULL','semi-detached villa'),(2178,51,'1','30m',0,0,200,0,100,11,5,5,20,46,'not booked','V3-14','2024-05-15 07:00:00',46,46,'2024-05-15 07:00:00','2024-05-15 07:00:00','','NULL','semi-detached villa'),(2179,51,'1','30m',0,0,200,0,100,11,5,5,20,46,'not booked','V3-16','2024-05-15 07:00:00',46,46,'2024-05-15 07:00:00','2024-05-15 07:00:00','','NULL','semi-detached villa'),(2180,51,'1','30m',0,0,200,0,100,11,5,5,20,46,'not booked','V3-18','2024-05-15 07:00:00',46,46,'2024-05-15 07:00:00','2024-05-15 07:00:00','','NULL','semi-detached villa'),(2181,51,'1','30m',0,0,200,0,100,11,5,5,20,46,'not booked','V3-20','2024-05-15 07:00:00',46,46,'2024-05-15 07:00:00','2024-05-15 07:00:00','','NULL','semi-detached villa'),(2182,51,'1','30m',0,0,200,0,100,11,5,5,20,46,'not booked','V3-22','2024-05-15 07:00:00',46,46,'2024-05-15 07:00:00','2024-05-15 07:00:00','','NULL','semi-detached villa'),(2183,51,'1','30m',0,0,200,0,100,11,5,5,20,46,'not booked','V3-24','2024-05-15 07:00:00',46,46,'2024-05-15 07:00:00','2024-05-15 07:00:00','','NULL','semi-detached villa'),(2184,51,'1','30m',0,0,200,0,100,11,5,5,20,46,'not booked','V3-26','2024-05-15 07:00:00',46,46,'2024-05-15 07:00:00','2024-05-15 07:00:00','','NULL','semi-detached villa'),(2185,51,'1','30m',0,0,200,0,100,11,5,5,20,46,'not booked','V3-28','2024-05-15 07:00:00',46,46,'2024-05-15 07:00:00','2024-05-15 07:00:00','','NULL','semi-detached villa'),(2186,51,'1','30m',0,0,200,0,100,11,5,5,20,46,'not booked','V3-30','2024-05-15 07:00:00',46,46,'2024-05-15 07:00:00','2024-05-15 07:00:00','','NULL','semi-detached villa'),(2187,51,'1','30m',0,0,200,0,100,11,5,5,20,46,'not booked','V3-32','2024-05-15 07:00:00',46,46,'2024-05-15 07:00:00','2024-05-15 07:00:00','','NULL','semi-detached villa'),(2188,51,'1','30m',0,0,200,0,100,11,5,5,20,46,'not booked','V3-34','2024-05-15 07:00:00',46,46,'2024-05-15 07:00:00','2024-05-15 07:00:00','','NULL','semi-detached villa'),(2189,51,'1','30m',0,0,239,0,100,11,5,5,20,46,'not booked','V3-40','2024-05-15 07:00:00',46,46,'2024-05-15 07:00:00','2024-05-15 07:00:00','','NULL','semi-detached villa'),(2190,51,'1','30m',0,0,224,0,100,11,5,5,20,46,'not booked','V3-42','2024-05-15 07:00:00',46,46,'2024-05-15 07:00:00','2024-05-15 07:00:00','','NULL','semi-detached villa'),(2191,51,'1','30m',0,0,208,0,100,11,5,5,20,46,'not booked','V3-44','2024-05-15 07:00:00',46,46,'2024-05-15 07:00:00','2024-05-15 07:00:00','','NULL','semi-detached villa'),(2192,51,'1','30m',0,0,192,0,100,11,5,5,20,46,'not booked','V3-46','2024-05-15 07:00:00',46,46,'2024-05-15 07:00:00','2024-05-15 07:00:00','','NULL','semi-detached villa'),(2193,51,'1','30m',0,0,247,0,100,11,5,5,20,46,'not booked','V3-50','2024-05-15 07:00:00',46,46,'2024-05-15 07:00:00','2024-05-15 07:00:00','','NULL','semi-detached villa'),(2194,51,'1','30m',0,0,222,0,100,11,5,5,20,46,'not booked','V3-52','2024-05-15 07:00:00',46,46,'2024-05-15 07:00:00','2024-05-15 07:00:00','','NULL','semi-detached villa'),(2195,51,'1','30m',0,0,200,0,100,11,5,5,20,46,'not booked','T20-01','2024-05-15 07:00:00',46,46,'2024-05-15 07:00:00','2024-05-15 07:00:00','','NULL','semi-detached villa'),(2196,51,'1','30m',0,0,200,0,100,11,5,5,20,46,'not booked','T20-03','2024-05-15 07:00:00',46,46,'2024-05-15 07:00:00','2024-05-15 07:00:00','','NULL','semi-detached villa'),(2197,51,'1','30m',0,0,200,0,100,11,5,5,20,46,'not booked','T20-05','2024-05-15 07:00:00',46,46,'2024-05-15 07:00:00','2024-05-15 07:00:00','','NULL','semi-detached villa'),(2198,51,'1','30m',0,0,200,0,100,11,5,5,20,46,'not booked','T20-07','2024-05-15 07:00:00',46,46,'2024-05-15 07:00:00','2024-05-15 07:00:00','','NULL','semi-detached villa'),(2199,51,'1','30m',0,0,200,0,100,11,5,5,20,46,'not booked','T20-09','2024-05-15 07:00:00',46,46,'2024-05-15 07:00:00','2024-05-15 07:00:00','','NULL','semi-detached villa'),(2200,51,'1','30m',0,0,200,0,100,11,5,5,20,46,'not booked','T20-11','2024-05-15 07:00:00',46,46,'2024-05-15 07:00:00','2024-05-15 07:00:00','','NULL','semi-detached villa'),(2201,51,'1','30m',0,0,200,0,100,11,5,5,20,46,'not booked','T20-13','2024-05-15 07:00:00',46,46,'2024-05-15 07:00:00','2024-05-15 07:00:00','','NULL','semi-detached villa'),(2202,51,'1','30m',0,0,200,0,100,11,5,5,20,46,'not booked','T20-15','2024-05-15 07:00:00',46,46,'2024-05-15 07:00:00','2024-05-15 07:00:00','','NULL','semi-detached villa'),(2203,51,'1','30m',0,0,200,0,100,11,5,5,20,46,'not booked','T20-17','2024-05-15 07:00:00',46,46,'2024-05-15 07:00:00','2024-05-15 07:00:00','','NULL','semi-detached villa'),(2204,51,'1','30m',0,0,200,0,100,11,5,5,20,46,'not booked','T20-19','2024-05-15 07:00:00',46,46,'2024-05-15 07:00:00','2024-05-15 07:00:00','','NULL','semi-detached villa'),(2205,51,'1','30m',0,0,200,0,100,11,5,5,20,46,'not booked','T20-21','2024-05-15 07:00:00',46,46,'2024-05-15 07:00:00','2024-05-15 07:00:00','','NULL','semi-detached villa'),(2206,51,'1','30m',0,0,200,0,100,11,5,5,20,46,'not booked','T20-23','2024-05-15 07:00:00',46,46,'2024-05-15 07:00:00','2024-05-15 07:00:00','','NULL','semi-detached villa'),(2207,51,'1','30m',0,0,200,0,100,11,5,5,20,46,'not booked','T20-25','2024-05-15 07:00:00',46,46,'2024-05-15 07:00:00','2024-05-15 07:00:00','','NULL','semi-detached villa'),(2208,51,'1','30m',0,0,200,0,100,11,5,5,20,46,'not booked','T20-27','2024-05-15 07:00:00',46,46,'2024-05-15 07:00:00','2024-05-15 07:00:00','','NULL','semi-detached villa'),(2209,51,'1','30m',0,0,227,0,100,11,5,5,20,46,'not booked','V3-249','2024-05-15 07:00:00',46,46,'2024-05-15 07:00:00','2024-05-15 07:00:00','','NULL','semi-detached villa'),(2210,51,'1','30m',0,0,227,0,100,11,5,5,20,46,'not booked','V3-251','2024-05-15 07:00:00',46,46,'2024-05-15 07:00:00','2024-05-15 07:00:00','','NULL','semi-detached villa'),(2211,51,'1','30m',0,0,227,0,100,11,5,5,20,46,'not booked','V3-253','2024-05-15 07:00:00',46,46,'2024-05-15 07:00:00','2024-05-15 07:00:00','','NULL','semi-detached villa'),(2212,51,'1','30m',0,0,228,0,100,11,5,5,20,46,'not booked','V3-255','2024-05-15 07:00:00',46,46,'2024-05-15 07:00:00','2024-05-15 07:00:00','','NULL','semi-detached villa'),(2213,51,'1','30m',0,0,228,0,100,11,5,5,20,46,'not booked','V3-275','2024-05-15 07:00:00',46,46,'2024-05-15 07:00:00','2024-05-15 07:00:00','','NULL','semi-detached villa'),(2214,51,'1','30m',0,0,228,0,100,11,5,5,20,46,'not booked','V3-277','2024-05-15 07:00:00',46,46,'2024-05-15 07:00:00','2024-05-15 07:00:00','','NULL','semi-detached villa'),(2215,51,'1','30m',0,0,225,0,100,11,5,5,20,46,'not booked','V3-279','2024-05-15 07:00:00',46,46,'2024-05-15 07:00:00','2024-05-15 07:00:00','','NULL','semi-detached villa'),(2216,51,'1','30m',0,0,225,0,100,11,5,5,20,46,'not booked','V3-281','2024-05-15 07:00:00',46,46,'2024-05-15 07:00:00','2024-05-15 07:00:00','','NULL','semi-detached villa'),(2217,51,'1','30m',0,0,150,0,100,11,5,5,20,46,'not booked','T19-05','2024-05-15 07:00:00',46,46,'2024-05-15 07:00:00','2024-05-15 07:00:00','','NULL','semi-detached villa'),(2218,51,'1','30m',0,0,150,0,100,11,5,5,20,46,'not booked','T19-03','2024-05-15 07:00:00',46,46,'2024-05-15 07:00:00','2024-05-15 07:00:00','','NULL','semi-detached villa'),(2219,51,'1','30m',0,0,485,0,100,11,5,5,25,46,'not booked','NX-LP-166','2024-05-15 07:00:00',46,46,'2024-05-15 07:00:00','2024-05-15 07:00:00','','NULL','single villa'),(2220,51,'1','30m',0,0,293,0,100,11,5,5,25,46,'not booked','V3-04','2024-05-15 07:00:00',46,46,'2024-05-15 07:00:00','2024-05-15 07:00:00','','NULL','single villa'),(2221,51,'1','30m',0,0,470,0,100,11,5,5,25,46,'not booked','V3-06','2024-05-15 07:00:00',46,46,'2024-05-15 07:00:00','2024-05-15 07:00:00','','NULL','single villa'),(2222,51,'1','30m',0,0,385,0,100,11,5,5,25,46,'not booked','V3-101','2024-05-15 07:00:00',46,46,'2024-05-15 07:00:00','2024-05-15 07:00:00','','NULL','single villa'),(2223,51,'1','30m',0,0,392,0,100,11,5,5,25,46,'not booked','V3-103','2024-05-15 07:00:00',46,46,'2024-05-15 07:00:00','2024-05-15 07:00:00','','NULL','single villa'),(2224,51,'1','30m',0,0,380,0,100,11,5,5,25,46,'not booked','V3-105','2024-05-15 07:00:00',46,46,'2024-05-15 07:00:00','2024-05-15 07:00:00','','NULL','single villa'),(2225,51,'1','30m',0,0,367,0,100,11,5,5,25,46,'not booked','V3-107','2024-05-15 07:00:00',46,46,'2024-05-15 07:00:00','2024-05-15 07:00:00','','NULL','single villa'),(2226,51,'1','30m',0,0,463,0,100,11,5,5,25,46,'not booked','V3-109','2024-05-15 07:00:00',46,46,'2024-05-15 07:00:00','2024-05-15 07:00:00','','NULL','single villa'),(2227,51,'1','30m',0,0,444,0,100,11,5,5,25,46,'not booked','V3-111','2024-05-15 07:00:00',46,46,'2024-05-15 07:00:00','2024-05-15 07:00:00','','NULL','single villa'),(2228,51,'1','30m',0,0,381,0,100,11,5,5,25,46,'not booked','V3-113','2024-05-15 07:00:00',46,46,'2024-05-15 07:00:00','2024-05-15 07:00:00','','NULL','single villa'),(2229,51,'1','30m',0,0,384,0,100,11,5,5,25,46,'not booked','V3-115','2024-05-15 07:00:00',46,46,'2024-05-15 07:00:00','2024-05-15 07:00:00','','NULL','single villa'),(2230,51,'1','30m',0,0,386,0,100,11,5,5,25,46,'not booked','V3-117','2024-05-15 07:00:00',46,46,'2024-05-15 07:00:00','2024-05-15 07:00:00','','NULL','single villa'),(2231,51,'1','30m',0,0,389,0,100,11,5,5,25,46,'not booked','V3-119','2024-05-15 07:00:00',46,46,'2024-05-15 07:00:00','2024-05-15 07:00:00','','NULL','single villa'),(2232,51,'1','30m',0,0,391,0,100,11,5,5,25,46,'not booked','V3-121','2024-05-15 07:00:00',46,46,'2024-05-15 07:00:00','2024-05-15 07:00:00','','NULL','single villa'),(2233,51,'1','30m',0,0,393,0,100,11,5,5,25,46,'not booked','V3-123','2024-05-15 07:00:00',46,46,'2024-05-15 07:00:00','2024-05-15 07:00:00','','NULL','single villa'),(2234,51,'1','30m',0,0,396,0,100,11,5,5,25,46,'not booked','V3-125','2024-05-15 07:00:00',46,46,'2024-05-15 07:00:00','2024-05-15 07:00:00','','NULL','single villa'),(2235,51,'1','30m',0,0,398,0,100,11,5,5,25,46,'not booked','V3-127','2024-05-15 07:00:00',46,46,'2024-05-15 07:00:00','2024-05-15 07:00:00','','NULL','single villa'),(2236,51,'1','30m',0,0,451,0,100,11,5,5,25,46,'not booked','V3-129','2024-05-15 07:00:00',46,46,'2024-05-15 07:00:00','2024-05-15 07:00:00','','NULL','single villa'),(2237,51,'1','30m',0,0,349,0,100,11,5,5,25,46,'not booked','V3-131','2024-05-15 07:00:00',46,46,'2024-05-15 07:00:00','2024-05-15 07:00:00','','NULL','single villa'),(2238,51,'1','30m',0,0,349,0,100,11,5,5,25,46,'not booked','V3-133','2024-05-15 07:00:00',46,46,'2024-05-15 07:00:00','2024-05-15 07:00:00','','NULL','single villa'),(2239,51,'1','30m',0,0,462,0,100,11,5,5,25,46,'not booked','V3-135','2024-05-15 07:00:00',46,46,'2024-05-15 07:00:00','2024-05-15 07:00:00','','NULL','single villa'),(2240,51,'1','30m',0,0,425,0,100,11,5,5,25,46,'not booked','V3-183','2024-05-15 07:00:00',46,46,'2024-05-15 07:00:00','2024-05-15 07:00:00','','NULL','single villa'),(2241,51,'1','30m',0,0,255,0,100,11,5,5,25,46,'not booked','V3-185','2024-05-15 07:00:00',46,46,'2024-05-15 07:00:00','2024-05-15 07:00:00','','NULL','single villa'),(2242,51,'1','30m',0,0,253,0,100,11,5,5,25,46,'not booked','V3-187','2024-05-15 07:00:00',46,46,'2024-05-15 07:00:00','2024-05-15 07:00:00','','NULL','single villa'),(2243,51,'1','30m',0,0,249,0,100,11,5,5,25,46,'not booked','V3-189','2024-05-15 07:00:00',46,46,'2024-05-15 07:00:00','2024-05-15 07:00:00','','NULL','single villa'),(2244,51,'1','30m',0,0,255,0,100,11,5,5,25,46,'not booked','V3-191','2024-05-15 07:00:00',46,46,'2024-05-15 07:00:00','2024-05-15 07:00:00','','NULL','single villa'),(2245,51,'1','30m',0,0,261,0,100,11,5,5,25,46,'not booked','V3-193','2024-05-15 07:00:00',46,46,'2024-05-15 07:00:00','2024-05-15 07:00:00','','NULL','single villa'),(2246,51,'1','30m',0,0,265,0,100,11,5,5,25,46,'not booked','V3-195','2024-05-15 07:00:00',46,46,'2024-05-15 07:00:00','2024-05-15 07:00:00','','NULL','single villa'),(2247,51,'1','30m',0,0,265,0,100,11,5,5,25,46,'not booked','V3-197','2024-05-15 07:00:00',46,46,'2024-05-15 07:00:00','2024-05-15 07:00:00','','NULL','single villa'),(2248,51,'1','30m',0,0,264,0,100,11,5,5,25,46,'not booked','V3-199','2024-05-15 07:00:00',46,46,'2024-05-15 07:00:00','2024-05-15 07:00:00','','NULL','single villa'),(2249,51,'1','30m',0,0,263,0,100,11,5,5,25,46,'not booked','V3-201','2024-05-15 07:00:00',46,46,'2024-05-15 07:00:00','2024-05-15 07:00:00','','NULL','single villa'),(2250,51,'1','30m',0,0,255,0,100,11,5,5,25,46,'not booked','V3-203','2024-05-15 07:00:00',46,46,'2024-05-15 07:00:00','2024-05-15 07:00:00','','NULL','single villa'),(2251,51,'1','30m',0,0,252,0,100,11,5,5,25,46,'not booked','V3-205','2024-05-15 07:00:00',46,46,'2024-05-15 07:00:00','2024-05-15 07:00:00','','NULL','single villa'),(2252,51,'1','30m',0,0,250,0,100,11,5,5,25,46,'not booked','V3-207','2024-05-15 07:00:00',46,46,'2024-05-15 07:00:00','2024-05-15 07:00:00','','NULL','single villa'),(2253,51,'1','30m',0,0,251,0,100,11,5,5,25,46,'not booked','V3-209','2024-05-15 07:00:00',46,46,'2024-05-15 07:00:00','2024-05-15 07:00:00','','NULL','single villa'),(2254,51,'1','30m',0,0,250,0,100,11,5,5,25,46,'not booked','V3-211','2024-05-15 07:00:00',46,46,'2024-05-15 07:00:00','2024-05-15 07:00:00','','NULL','single villa'),(2255,51,'1','30m',0,0,250,0,100,11,5,5,25,46,'not booked','V3-213','2024-05-15 07:00:00',46,46,'2024-05-15 07:00:00','2024-05-15 07:00:00','','NULL','single villa'),(2256,51,'1','30m',0,0,313,0,100,11,5,5,25,46,'not booked','V3-215','2024-05-15 07:00:00',46,46,'2024-05-15 07:00:00','2024-05-15 07:00:00','','NULL','single villa'),(2257,51,'1','30m',0,0,515,0,100,11,5,5,25,46,'not booked','V3-217','2024-05-15 07:00:00',46,46,'2024-05-15 07:00:00','2024-05-15 07:00:00','','NULL','single villa'),(2258,51,'1','30m',0,0,581,0,100,11,5,5,25,46,'not booked','V3-219','2024-05-15 07:00:00',46,46,'2024-05-15 07:00:00','2024-05-15 07:00:00','','NULL','single villa'),(2259,51,'1','30m',0,0,356,0,100,11,5,5,25,46,'not booked','V3-221','2024-05-15 07:00:00',46,46,'2024-05-15 07:00:00','2024-05-15 07:00:00','','NULL','single villa'),(2260,51,'1','30m',0,0,321,0,100,11,5,5,25,46,'not booked','V3-223','2024-05-15 07:00:00',46,46,'2024-05-15 07:00:00','2024-05-15 07:00:00','','NULL','single villa'),(2261,51,'1','30m',0,0,288,0,100,11,5,5,25,46,'not booked','V3-225','2024-05-15 07:00:00',46,46,'2024-05-15 07:00:00','2024-05-15 07:00:00','','NULL','single villa'),(2262,51,'1','30m',0,0,254,0,100,11,5,5,25,46,'not booked','V3-227','2024-05-15 07:00:00',46,46,'2024-05-15 07:00:00','2024-05-15 07:00:00','','NULL','single villa'),(2263,51,'1','30m',0,0,253,0,100,11,5,5,25,46,'not booked','V3-229','2024-05-15 07:00:00',46,46,'2024-05-15 07:00:00','2024-05-15 07:00:00','','NULL','single villa'),(2264,51,'1','30m',0,0,251,0,100,11,5,5,25,46,'not booked','V3-231','2024-05-15 07:00:00',46,46,'2024-05-15 07:00:00','2024-05-15 07:00:00','','NULL','single villa'),(2265,51,'1','30m',0,0,254,0,100,11,5,5,25,46,'not booked','V3-233','2024-05-15 07:00:00',46,46,'2024-05-15 07:00:00','2024-05-15 07:00:00','','NULL','single villa'),(2266,51,'1','30m',0,0,255,0,100,11,5,5,25,46,'not booked','V3-235','2024-05-15 07:00:00',46,46,'2024-05-15 07:00:00','2024-05-15 07:00:00','','NULL','single villa'),(2267,51,'1','30m',0,0,253,0,100,11,5,5,25,46,'not booked','V3-237','2024-05-15 07:00:00',46,46,'2024-05-15 07:00:00','2024-05-15 07:00:00','','NULL','single villa'),(2268,51,'1','30m',0,0,252,0,100,11,5,5,25,46,'not booked','V3-239','2024-05-15 07:00:00',46,46,'2024-05-15 07:00:00','2024-05-15 07:00:00','','NULL','single villa'),(2269,51,'1','30m',0,0,252,0,100,11,5,5,25,46,'not booked','V3-241','2024-05-15 07:00:00',46,46,'2024-05-15 07:00:00','2024-05-15 07:00:00','','NULL','single villa'),(2270,51,'1','30m',0,0,252,0,100,11,5,5,25,46,'not booked','V3-243','2024-05-15 07:00:00',46,46,'2024-05-15 07:00:00','2024-05-15 07:00:00','','NULL','single villa'),(2271,51,'1','30m',0,0,252,0,100,11,5,5,25,46,'not booked','V3-245','2024-05-15 07:00:00',46,46,'2024-05-15 07:00:00','2024-05-15 07:00:00','','NULL','single villa'),(2272,51,'1','30m',0,0,252,0,100,11,5,5,25,46,'not booked','V3-247','2024-05-15 07:00:00',46,46,'2024-05-15 07:00:00','2024-05-15 07:00:00','','NULL','single villa'),(2273,51,'1','30m',0,0,252,0,100,11,5,5,25,46,'not booked','V3-257','2024-05-15 07:00:00',46,46,'2024-05-15 07:00:00','2024-05-15 07:00:00','','NULL','single villa'),(2274,51,'1','30m',0,0,253,0,100,11,5,5,25,46,'not booked','V3-259','2024-05-15 07:00:00',46,46,'2024-05-15 07:00:00','2024-05-15 07:00:00','','NULL','single villa'),(2275,51,'1','30m',0,0,253,0,100,11,5,5,25,46,'not booked','V3-261','2024-05-15 07:00:00',46,46,'2024-05-15 07:00:00','2024-05-15 07:00:00','','NULL','single villa'),(2276,51,'1','30m',0,0,253,0,100,11,5,5,25,46,'not booked','V3-263','2024-05-15 07:00:00',46,46,'2024-05-15 07:00:00','2024-05-15 07:00:00','','NULL','single villa'),(2277,51,'1','30m',0,0,253,0,100,11,5,5,25,46,'not booked','V3-265','2024-05-15 07:00:00',46,46,'2024-05-15 07:00:00','2024-05-15 07:00:00','','NULL','single villa'),(2278,51,'1','30m',0,0,253,0,100,11,5,5,25,46,'not booked','V3-267','2024-05-15 07:00:00',46,46,'2024-05-15 07:00:00','2024-05-15 07:00:00','','NULL','single villa'),(2279,51,'1','30m',0,0,253,0,100,11,5,5,25,46,'not booked','V3-269','2024-05-15 07:00:00',46,46,'2024-05-15 07:00:00','2024-05-15 07:00:00','','NULL','single villa'),(2280,51,'1','30m',0,0,253,0,100,11,5,5,25,46,'not booked','V3-271','2024-05-15 07:00:00',46,46,'2024-05-15 07:00:00','2024-05-15 07:00:00','','NULL','single villa'),(2281,51,'1','30m',0,0,253,0,100,11,5,5,25,46,'not booked','V3-273','2024-05-15 07:00:00',46,46,'2024-05-15 07:00:00','2024-05-15 07:00:00','','NULL','single villa'),(2282,51,'1','30m',0,0,250,0,100,11,5,5,25,46,'not booked','V3-283','2024-05-15 07:00:00',46,46,'2024-05-15 07:00:00','2024-05-15 07:00:00','','NULL','single villa'),(2283,51,'1','30m',0,0,250,0,100,11,5,5,25,46,'not booked','V3-285','2024-05-15 07:00:00',46,46,'2024-05-15 07:00:00','2024-05-15 07:00:00','','NULL','single villa'),(2284,51,'1','30m',0,0,198,0,100,11,5,5,25,46,'not booked','V3-54','2024-05-15 07:00:00',46,46,'2024-05-15 07:00:00','2024-05-15 07:00:00','','NULL','single villa'),(2285,51,'1','30m',0,0,440,0,100,11,5,5,25,46,'not booked','V3-56','2024-05-15 07:00:00',46,46,'2024-05-15 07:00:00','2024-05-15 07:00:00','','NULL','single villa'),(2286,51,'1','30m',0,0,321,0,100,11,5,5,25,46,'not booked','V3-90','2024-05-15 07:00:00',46,46,'2024-05-15 07:00:00','2024-05-15 07:00:00','','NULL','single villa'),(2287,51,'1','30m',0,0,351,0,100,11,5,5,25,46,'not booked','V3-92','2024-05-15 07:00:00',46,46,'2024-05-15 07:00:00','2024-05-15 07:00:00','','NULL','single villa'),(2288,51,'1','30m',0,0,291,0,100,11,5,5,25,46,'not booked','V3-94','2024-05-15 07:00:00',46,46,'2024-05-15 07:00:00','2024-05-15 07:00:00','','NULL','single villa'),(2289,51,'1','30m',0,0,301,0,100,11,5,5,25,46,'not booked','V3-96','2024-05-15 07:00:00',46,46,'2024-05-15 07:00:00','2024-05-15 07:00:00','','NULL','single villa'),(2290,51,'1','30m',0,0,390,0,100,11,5,5,25,46,'not booked','V3-98','2024-05-15 07:00:00',46,46,'2024-05-15 07:00:00','2024-05-15 07:00:00','','NULL','single villa'),(2291,51,'1','30m',0,0,270,0,100,11,5,5,25,46,'not booked','M2-02','2024-05-15 07:00:00',46,46,'2024-05-15 07:00:00','2024-05-15 07:00:00','','NULL','single villa'),(2292,51,'1','30m',0,0,276,0,100,11,5,5,25,46,'not booked','M2-22','2024-05-15 07:00:00',46,46,'2024-05-15 07:00:00','2024-05-15 07:00:00','','NULL','single villa'),(2293,51,'1','30m',0,0,302,0,100,11,5,5,25,46,'not booked','M2-24','2024-05-15 07:00:00',46,46,'2024-05-15 07:00:00','2024-05-15 07:00:00','','NULL','single villa'),(2294,51,'1','30m',0,0,302,0,100,11,5,5,25,46,'not booked','M2-26','2024-05-15 07:00:00',46,46,'2024-05-15 07:00:00','2024-05-15 07:00:00','','NULL','single villa'),(2295,51,'1','30m',0,0,302,0,100,11,5,5,25,46,'not booked','M2-28','2024-05-15 07:00:00',46,46,'2024-05-15 07:00:00','2024-05-15 07:00:00','','NULL','single villa'),(2296,51,'1','30m',0,0,302,0,100,11,5,5,25,46,'not booked','M2-30','2024-05-15 07:00:00',46,46,'2024-05-15 07:00:00','2024-05-15 07:00:00','','NULL','single villa'),(2297,51,'1','30m',0,0,302,0,100,11,5,5,25,46,'not booked','M2-32','2024-05-15 07:00:00',46,46,'2024-05-15 07:00:00','2024-05-15 07:00:00','','NULL','single villa'),(2298,51,'1','30m',0,0,426,0,100,11,5,5,25,46,'not booked','M2-34','2024-05-15 07:00:00',46,46,'2024-05-15 07:00:00','2024-05-15 07:00:00','','NULL','single villa'),(2299,51,'1','30m',0,0,300,0,100,11,5,5,25,46,'not booked','M2-41','2024-05-15 07:00:00',46,46,'2024-05-15 07:00:00','2024-05-15 07:00:00','','NULL','single villa'),(2300,51,'1','30m',0,0,409,0,100,11,5,5,25,46,'not booked','M2-43','2024-05-15 07:00:00',46,46,'2024-05-15 07:00:00','2024-05-15 07:00:00','','NULL','single villa'),(2301,51,'1','30m',0,0,270,0,100,11,5,5,25,46,'not booked','M3-01','2024-05-15 07:00:00',46,46,'2024-05-15 07:00:00','2024-05-15 07:00:00','','NULL','single villa'),(2302,51,'1','30m',0,0,257,0,100,11,5,5,25,46,'not booked','M3-36','2024-05-15 07:00:00',46,46,'2024-05-15 07:00:00','2024-05-15 07:00:00','','NULL','single villa'),(2303,51,'1','30m',0,0,349,0,100,11,5,5,25,46,'not booked','M4-01','2024-05-15 07:00:00',46,46,'2024-05-15 07:00:00','2024-05-15 07:00:00','','NULL','single villa'),(2304,51,'1','30m',0,0,412,0,100,11,5,5,25,46,'not booked','M4-02','2024-05-15 07:00:00',46,46,'2024-05-15 07:00:00','2024-05-15 07:00:00','','NULL','single villa'),(2305,51,'1','30m',0,0,294,0,100,11,5,5,25,46,'not booked','M4-03','2024-05-15 07:00:00',46,46,'2024-05-15 07:00:00','2024-05-15 07:00:00','','NULL','single villa'),(2306,51,'1','30m',0,0,234,0,100,11,5,5,25,46,'not booked','M4-05','2024-05-15 07:00:00',46,46,'2024-05-15 07:00:00','2024-05-15 07:00:00','','NULL','single villa'),(2307,51,'1','30m',0,0,300,0,100,11,5,5,25,46,'not booked','M4-07','2024-05-15 07:00:00',46,46,'2024-05-15 07:00:00','2024-05-15 07:00:00','','NULL','single villa'),(2308,51,'1','30m',0,0,255,0,100,11,5,5,25,46,'not booked','M4-09','2024-05-15 07:00:00',46,46,'2024-05-15 07:00:00','2024-05-15 07:00:00','','NULL','single villa'),(2309,51,'1','30m',0,0,412,0,100,11,5,5,25,46,'not booked','M4-12','2024-05-15 07:00:00',46,46,'2024-05-15 07:00:00','2024-05-15 07:00:00','','NULL','single villa'),(2310,51,'1','30m',0,0,513,0,100,11,5,5,25,46,'not booked','M4-26','2024-05-15 07:00:00',46,46,'2024-05-15 07:00:00','2024-05-15 07:00:00','','NULL','single villa'),(2311,51,'1','30m',0,0,357,0,100,11,5,5,25,46,'not booked','M4-48','2024-05-15 07:00:00',46,46,'2024-05-15 07:00:00','2024-05-15 07:00:00','','NULL','single villa'),(2312,51,'1','30m',0,0,250,0,100,11,5,5,25,46,'not booked','M4-57','2024-05-15 07:00:00',46,46,'2024-05-15 07:00:00','2024-05-15 07:00:00','','NULL','single villa'),(2313,51,'1','30m',0,0,322,0,100,11,5,5,25,46,'not booked','M4-59','2024-05-15 07:00:00',46,46,'2024-05-15 07:00:00','2024-05-15 07:00:00','','NULL','single villa'),(2314,51,'1','30m',0,0,445,0,100,11,5,5,25,46,'not booked','M4-110','2024-05-15 07:00:00',46,46,'2024-05-15 07:00:00','2024-05-15 07:00:00','','NULL','single villa'),(2315,51,'1','30m',0,0,316,0,100,11,5,5,25,46,'not booked','M5-02','2024-05-15 07:00:00',46,46,'2024-05-15 07:00:00','2024-05-15 07:00:00','','NULL','single villa'),(2316,51,'1','30m',0,0,252,0,100,11,5,5,25,46,'not booked','M5-53','2024-05-15 07:00:00',46,46,'2024-05-15 07:00:00','2024-05-15 07:00:00','','NULL','single villa'),(2317,51,'1','30m',0,0,324,0,100,11,5,5,25,46,'not booked','M5-55','2024-05-15 07:00:00',46,46,'2024-05-15 07:00:00','2024-05-15 07:00:00','','NULL','single villa'),(2318,51,'1','30m',0,0,366,0,100,11,5,5,25,46,'not booked','M5-60','2024-05-15 07:00:00',46,46,'2024-05-15 07:00:00','2024-05-15 07:00:00','','NULL','single villa'),(2319,51,'1','30m',0,0,639,0,100,11,5,5,25,46,'not booked','M6-01','2024-05-15 07:00:00',46,46,'2024-05-15 07:00:00','2024-05-15 07:00:00','','NULL','single villa'),(2320,51,'1','30m',0,0,250,0,100,11,5,5,25,46,'not booked','M6-02','2024-05-15 07:00:00',46,46,'2024-05-15 07:00:00','2024-05-15 07:00:00','','NULL','single villa'),(2321,51,'1','30m',0,0,394,0,100,11,5,5,25,46,'not booked','M6-03','2024-05-15 07:00:00',46,46,'2024-05-15 07:00:00','2024-05-15 07:00:00','','NULL','single villa'),(2322,51,'1','30m',0,0,378,0,100,11,5,5,25,46,'not booked','M6-05','2024-05-15 07:00:00',46,46,'2024-05-15 07:00:00','2024-05-15 07:00:00','','NULL','single villa'),(2323,51,'1','30m',0,0,501,0,100,11,5,5,25,46,'not booked','M6-07','2024-05-15 07:00:00',46,46,'2024-05-15 07:00:00','2024-05-15 07:00:00','','NULL','single villa'),(2324,51,'1','30m',0,0,585,0,100,11,5,5,25,46,'not booked','M6-38','2024-05-15 07:00:00',46,46,'2024-05-15 07:00:00','2024-05-15 07:00:00','','NULL','single villa'),(2325,51,'1','30m',0,0,457,0,100,11,5,5,25,46,'not booked','M6-52','2024-05-15 07:00:00',46,46,'2024-05-15 07:00:00','2024-05-15 07:00:00','','NULL','single villa'),(2326,51,'1','30m',0,0,398,0,100,11,5,5,25,46,'not booked','M6-54','2024-05-15 07:00:00',46,46,'2024-05-15 07:00:00','2024-05-15 07:00:00','','NULL','single villa'),(2327,51,'1','30m',0,0,386,0,100,11,5,5,25,46,'not booked','T17-01','2024-05-15 07:00:00',46,46,'2024-05-15 07:00:00','2024-05-15 07:00:00','','NULL','single villa'),(2328,51,'1','30m',0,0,262,0,100,11,5,5,25,46,'not booked','T17-02','2024-05-15 07:00:00',46,46,'2024-05-15 07:00:00','2024-05-15 07:00:00','','NULL','single villa'),(2329,51,'1','30m',0,0,250,0,100,11,5,5,25,46,'not booked','T17-52','2024-05-15 07:00:00',46,46,'2024-05-15 07:00:00','2024-05-15 07:00:00','','NULL','single villa'),(2330,51,'1','30m',0,0,322,0,100,11,5,5,25,46,'not booked','T17-54','2024-05-15 07:00:00',46,46,'2024-05-15 07:00:00','2024-05-15 07:00:00','','NULL','single villa'),(2331,51,'1','30m',0,0,367,0,100,11,5,5,25,46,'not booked','T17-57','2024-05-15 07:00:00',46,46,'2024-05-15 07:00:00','2024-05-15 07:00:00','','NULL','single villa'),(2332,51,'1','30m',0,0,250,0,100,11,5,5,25,46,'not booked','T15-49','2024-05-15 07:00:00',46,46,'2024-05-15 07:00:00','2024-05-15 07:00:00','','NULL','single villa'),(2333,51,'1','30m',0,0,322,0,100,11,5,5,25,46,'not booked','T15-50','2024-05-15 07:00:00',46,46,'2024-05-15 07:00:00','2024-05-15 07:00:00','','NULL','single villa'),(2334,51,'1','30m',0,0,322,0,100,11,5,5,25,46,'not booked','T15-51','2024-05-15 07:00:00',46,46,'2024-05-15 07:00:00','2024-05-15 07:00:00','','NULL','single villa'),(2335,51,'1','30m',0,0,298,0,100,11,5,5,25,46,'not booked','T19-01','2024-05-15 07:00:00',46,46,'2024-05-15 07:00:00','2024-05-15 07:00:00','','NULL','single villa'),(2336,51,'1','30m',0,0,252,0,100,11,5,5,25,46,'not booked','T19-54','2024-05-15 07:00:00',46,46,'2024-05-15 07:00:00','2024-05-15 07:00:00','','NULL','single villa'),(2337,51,'1','30m',0,0,252,0,100,11,5,5,25,46,'not booked','T19-59','2024-05-15 07:00:00',46,46,'2024-05-15 07:00:00','2024-05-15 07:00:00','','NULL','single villa'),(2338,51,'1','30m',0,0,252,0,100,11,5,5,25,46,'not booked','T21-52','2024-05-15 07:00:00',46,46,'2024-05-15 07:00:00','2024-05-15 07:00:00','','NULL','single villa'),(2339,51,'1','30m',0,0,324,0,100,11,5,5,25,46,'not booked','T19-56','2024-05-15 07:00:00',46,46,'2024-05-15 07:00:00','2024-05-15 07:00:00','','NULL','single villa'),(2340,51,'1','30m',0,0,324,0,100,11,5,5,25,46,'not booked','T19-61','2024-05-15 07:00:00',46,46,'2024-05-15 07:00:00','2024-05-15 07:00:00','','NULL','single villa'),(2341,51,'1','30m',0,0,225,0,100,11,5,5,25,46,'not booked','T7-20','2024-05-15 07:00:00',46,46,'2024-05-15 07:00:00','2024-05-15 07:00:00','','NULL','single villa'),(2342,51,'1','30m',0,0,225,0,100,11,5,5,25,46,'not booked','T7-19','2024-05-15 07:00:00',46,46,'2024-05-15 07:00:00','2024-05-15 07:00:00','','NULL','single villa'),(2343,51,'1','30m',0,0,225,0,100,11,5,5,25,46,'not booked','T9-20','2024-05-15 07:00:00',46,46,'2024-05-15 07:00:00','2024-05-15 07:00:00','','NULL','single villa'),(2344,51,'1','30m',0,0,225,0,100,11,5,5,25,46,'not booked','T9-19','2024-05-15 07:00:00',46,46,'2024-05-15 07:00:00','2024-05-15 07:00:00','','NULL','single villa'),(2345,51,'1','30m',0,0,257,0,100,11,5,5,25,46,'not booked','T11-35','2024-05-15 07:00:00',46,46,'2024-05-15 07:00:00','2024-05-15 07:00:00','','NULL','single villa'),(2346,51,'1','30m',0,0,257,0,100,11,5,5,25,46,'not booked','T11-38','2024-05-15 07:00:00',46,46,'2024-05-15 07:00:00','2024-05-15 07:00:00','','NULL','single villa'),(2347,51,'1','30m',0,0,257,0,100,11,5,5,25,46,'not booked','T13-37','2024-05-15 07:00:00',46,46,'2024-05-15 07:00:00','2024-05-15 07:00:00','','NULL','single villa'),(2348,51,'1','30m',0,0,463,0,100,11,5,5,25,46,'not booked','T21-54','2024-05-15 07:00:00',46,46,'2024-05-15 07:00:00','2024-05-15 07:00:00','','NULL','single villa'),(2349,51,'1','30m',0,0,252,0,100,11,5,5,25,46,'not booked','T21-52','2024-05-15 07:00:00',46,46,'2024-05-15 07:00:00','2024-05-15 07:00:00','','NULL','single villa'),(2350,51,'1','30m',0,0,250,0,100,11,5,5,25,46,'not booked','T15-49','2024-05-15 07:00:00',46,46,'2024-05-15 07:00:00','2024-05-15 07:00:00','','NULL','single villa'),(2351,51,'1','30m',0,0,250,0,100,11,5,5,25,46,'not booked','T15-48','2024-05-15 07:00:00',46,46,'2024-05-15 07:00:00','2024-05-15 07:00:00','','NULL','single villa'),(2352,51,'1','30m',0,0,438,0,100,11,5,5,25,46,'not booked','NX-LP-22','2024-05-15 07:00:00',46,46,'2024-05-15 07:00:00','2024-05-15 07:00:00','','NULL','single villa'),(2353,51,'1','30m',0,0,267,0,100,11,5,5,25,46,'not booked','T11-02','2024-05-15 07:00:00',46,46,'2024-05-15 07:00:00','2024-05-15 07:00:00','','NULL','single villa'),(2354,51,'1','30m',0,0,251,0,100,11,5,5,25,46,'not booked','T13-01','2024-05-15 07:00:00',46,46,'2024-05-15 07:00:00','2024-05-15 07:00:00','','NULL','single villa'),(2355,52,'1','30m',0,0,346,0,100,11,5,5,30,46,'not booked','NX-LP-24','0000-00-00 00:00:00',46,46,'2024-05-15 07:00:00','2024-05-15 07:00:00','','NULL','boutique villa'),(2356,52,'1','30m',0,0,200,0,100,11,5,5,30,46,'not booked','NX-LP-26','0000-00-00 00:00:00',46,46,'2024-05-15 07:00:00','2024-05-15 07:00:00','','NULL','boutique villa'),(2357,52,'1','30m',0,0,200,0,100,11,5,5,30,46,'not booked','NX-LP-28','0000-00-00 00:00:00',46,46,'2024-05-15 07:00:00','2024-05-15 07:00:00','','NULL','boutique villa'),(2358,52,'1','30m',0,0,200,0,100,11,5,5,30,46,'not booked','NX-LP-30','0000-00-00 00:00:00',46,46,'2024-05-15 07:00:00','2024-05-15 07:00:00','','NULL','boutique villa'),(2359,52,'1','30m',0,0,200,0,100,11,5,5,30,46,'not booked','NX-LP-32','0000-00-00 00:00:00',46,46,'2024-05-15 07:00:00','2024-05-15 07:00:00','','NULL','boutique villa'),(2360,52,'1','30m',0,0,200,0,100,11,5,5,30,46,'not booked','NX-LP-34','0000-00-00 00:00:00',46,46,'2024-05-15 07:00:00','2024-05-15 07:00:00','','NULL','boutique villa'),(2361,52,'1','30m',0,0,200,0,100,11,5,5,30,46,'not booked','NX-LP-36','0000-00-00 00:00:00',46,46,'2024-05-15 07:00:00','2024-05-15 07:00:00','','NULL','boutique villa'),(2362,52,'1','30m',0,0,200,0,100,11,5,5,30,46,'not booked','NX-LP-38','0000-00-00 00:00:00',46,46,'2024-05-15 07:00:00','2024-05-15 07:00:00','','NULL','boutique villa'),(2363,52,'1','30m',0,0,200,0,100,11,5,5,30,46,'not booked','NX-LP-40','0000-00-00 00:00:00',46,46,'2024-05-15 07:00:00','2024-05-15 07:00:00','','NULL','boutique villa'),(2364,52,'1','30m',0,0,200,0,100,11,5,5,30,46,'not booked','NX-LP-42','0000-00-00 00:00:00',46,46,'2024-05-15 07:00:00','2024-05-15 07:00:00','','NULL','boutique villa'),(2365,52,'1','30m',0,0,200,0,100,11,5,5,30,46,'not booked','NX-LP-44','0000-00-00 00:00:00',46,46,'2024-05-15 07:00:00','2024-05-15 07:00:00','','NULL','boutique villa'),(2366,52,'1','30m',0,0,200,0,100,11,5,5,30,46,'not booked','NX-LP-46','0000-00-00 00:00:00',46,46,'2024-05-15 07:00:00','2024-05-15 07:00:00','','NULL','boutique villa'),(2367,52,'1','30m',0,0,200,0,100,11,5,5,30,46,'not booked','NX-LP-48','0000-00-00 00:00:00',46,46,'2024-05-15 07:00:00','2024-05-15 07:00:00','','NULL','boutique villa'),(2368,52,'1','30m',0,0,200,0,100,11,5,5,30,46,'not booked','NX-LP-50','0000-00-00 00:00:00',46,46,'2024-05-15 07:00:00','2024-05-15 07:00:00','','NULL','boutique villa'),(2369,52,'1','30m',0,0,200,0,100,11,5,5,30,46,'not booked','NX-LP-52','0000-00-00 00:00:00',46,46,'2024-05-15 07:00:00','2024-05-15 07:00:00','','NULL','boutique villa'),(2370,52,'1','30m',0,0,200,0,100,11,5,5,30,46,'not booked','NX-LP-54','0000-00-00 00:00:00',46,46,'2024-05-15 07:00:00','2024-05-15 07:00:00','','NULL','boutique villa'),(2371,52,'1','30m',0,0,200,0,100,11,5,5,30,46,'not booked','NX-LP-56','0000-00-00 00:00:00',46,46,'2024-05-15 07:00:00','2024-05-15 07:00:00','','NULL','boutique villa'),(2372,52,'1','30m',0,0,200,0,100,11,5,5,30,46,'not booked','NX-LP-58','0000-00-00 00:00:00',46,46,'2024-05-15 07:00:00','2024-05-15 07:00:00','','NULL','boutique villa'),(2373,52,'1','30m',0,0,200,0,100,11,5,5,30,46,'not booked','NX-LP-60','0000-00-00 00:00:00',46,46,'2024-05-15 07:00:00','2024-05-15 07:00:00','','NULL','boutique villa'),(2374,52,'1','30m',0,0,200,0,100,11,5,5,30,46,'not booked','NX-LP-62','0000-00-00 00:00:00',46,46,'2024-05-15 07:00:00','2024-05-15 07:00:00','','NULL','boutique villa'),(2375,52,'1','30m',0,0,200,0,100,11,5,5,30,46,'not booked','NX-LP-64','0000-00-00 00:00:00',46,46,'2024-05-15 07:00:00','2024-05-15 07:00:00','','NULL','boutique villa'),(2376,52,'1','30m',0,0,200,0,100,11,5,5,30,46,'not booked','NX-LP-66','0000-00-00 00:00:00',46,46,'2024-05-15 07:00:00','2024-05-15 07:00:00','','NULL','boutique villa'),(2377,52,'1','30m',0,0,300,0,100,11,5,5,30,46,'not booked','NX-LP-68','0000-00-00 00:00:00',46,46,'2024-05-15 07:00:00','2024-05-15 07:00:00','','NULL','boutique villa'),(2378,52,'1','30m',0,0,352,0,100,11,5,5,30,46,'not booked','NX-LP-70','0000-00-00 00:00:00',46,46,'2024-05-15 07:00:00','2024-05-15 07:00:00','','NULL','boutique villa'),(2379,52,'1','30m',0,0,442,0,100,11,5,5,30,46,'not booked','NX-LP-134','0000-00-00 00:00:00',46,46,'2024-05-15 07:00:00','2024-05-15 07:00:00','','NULL','boutique villa'),(2380,52,'1','30m',0,0,200,0,100,11,5,5,30,46,'not booked','NX-LP-136','0000-00-00 00:00:00',46,46,'2024-05-15 07:00:00','2024-05-15 07:00:00','','NULL','boutique villa'),(2381,52,'1','30m',0,0,200,0,100,11,5,5,30,46,'not booked','NX-LP-138','0000-00-00 00:00:00',46,46,'2024-05-15 07:00:00','2024-05-15 07:00:00','','NULL','boutique villa'),(2382,52,'1','30m',0,0,200,0,100,11,5,5,30,46,'not booked','NX-LP-140','0000-00-00 00:00:00',46,46,'2024-05-15 07:00:00','2024-05-15 07:00:00','','NULL','boutique villa'),(2383,52,'1','30m',0,0,200,0,100,11,5,5,30,46,'not booked','NX-LP-142','0000-00-00 00:00:00',46,46,'2024-05-15 07:00:00','2024-05-15 07:00:00','','NULL','boutique villa'),(2384,52,'1','30m',0,0,200,0,100,11,5,5,30,46,'not booked','NX-LP-144','0000-00-00 00:00:00',46,46,'2024-05-15 07:00:00','2024-05-15 07:00:00','','NULL','boutique villa'),(2385,52,'1','30m',0,0,200,0,100,11,5,5,30,46,'not booked','NX-LP-146','0000-00-00 00:00:00',46,46,'2024-05-15 07:00:00','2024-05-15 07:00:00','','NULL','boutique villa'),(2386,52,'1','30m',0,0,200,0,100,11,5,5,30,46,'not booked','NX-LP-148','0000-00-00 00:00:00',46,46,'2024-05-15 07:00:00','2024-05-15 07:00:00','','NULL','boutique villa'),(2387,52,'1','30m',0,0,200,0,100,11,5,5,30,46,'not booked','NX-LP-150','0000-00-00 00:00:00',46,46,'2024-05-15 07:00:00','2024-05-15 07:00:00','','NULL','boutique villa'),(2388,52,'1','30m',0,0,200,0,100,11,5,5,30,46,'not booked','NX-LP-152','0000-00-00 00:00:00',46,46,'2024-05-15 07:00:00','2024-05-15 07:00:00','','NULL','boutique villa'),(2389,52,'1','30m',0,0,200,0,100,11,5,5,30,46,'not booked','NX-LP-154','0000-00-00 00:00:00',46,46,'2024-05-15 07:00:00','2024-05-15 07:00:00','','NULL','boutique villa'),(2390,52,'1','30m',0,0,200,0,100,11,5,5,30,46,'not booked','NX-LP-156','0000-00-00 00:00:00',46,46,'2024-05-15 07:00:00','2024-05-15 07:00:00','','NULL','boutique villa'),(2391,52,'1','30m',0,0,200,0,100,11,5,5,30,46,'not booked','NX-LP-158','0000-00-00 00:00:00',46,46,'2024-05-15 07:00:00','2024-05-15 07:00:00','','NULL','boutique villa'),(2392,52,'1','30m',0,0,204,0,100,11,5,5,30,46,'not booked','NX-LP-160','0000-00-00 00:00:00',46,46,'2024-05-15 07:00:00','2024-05-15 07:00:00','','NULL','boutique villa'),(2393,52,'1','30m',0,0,213,0,100,11,5,5,30,46,'not booked','NX-LP-162','0000-00-00 00:00:00',46,46,'2024-05-15 07:00:00','2024-05-15 07:00:00','','NULL','boutique villa'),(2394,52,'1','30m',0,0,225,0,100,11,5,5,30,46,'not booked','NX-LP-164','0000-00-00 00:00:00',46,46,'2024-05-15 07:00:00','2024-05-15 07:00:00','','NULL','boutique villa'),(2395,52,'1','30m',0,0,471,0,100,11,5,5,30,46,'not booked','NX-LP-130','0000-00-00 00:00:00',46,46,'2024-05-15 07:00:00','2024-05-15 07:00:00','','NULL','boutique villa'),(2396,52,'1','30m',0,0,630,0,100,11,5,5,30,46,'not booked','NX-LP-132','0000-00-00 00:00:00',46,46,'2024-05-15 07:00:00','2024-05-15 07:00:00','','NULL','boutique villa'),(2397,52,'1','30m',0,0,550,0,100,11,5,5,30,46,'not booked','M6-36','0000-00-00 00:00:00',46,46,'2024-05-15 07:00:00','2024-05-15 07:00:00','','NULL','boutique villa'),(2398,52,'1','30m',0,0,351,0,100,11,5,5,30,46,'not booked','V3-02','0000-00-00 00:00:00',46,46,'2024-05-15 07:00:00','2024-05-15 07:00:00','','NULL','boutique villa'),(2399,52,'1','30m',0,0,314,0,100,11,5,5,30,46,'not booked','D2a-01','0000-00-00 00:00:00',46,46,'2024-05-15 07:00:00','2024-05-15 07:00:00','','NULL','boutique villa'),(2400,52,'1','30m',0,0,260,0,100,11,5,5,30,46,'not booked','D2a-03','0000-00-00 00:00:00',46,46,'2024-05-15 07:00:00','2024-05-15 07:00:00','','NULL','boutique villa'),(2401,52,'1','30m',0,0,227,0,100,11,5,5,30,46,'not booked','D2a-05','0000-00-00 00:00:00',46,46,'2024-05-15 07:00:00','2024-05-15 07:00:00','','NULL','boutique villa'),(2402,52,'1','30m',0,0,227,0,100,11,5,5,30,46,'not booked','D2a-07','0000-00-00 00:00:00',46,46,'2024-05-15 07:00:00','2024-05-15 07:00:00','','NULL','boutique villa'),(2403,52,'1','30m',0,0,227,0,100,11,5,5,30,46,'not booked','D2a-09','0000-00-00 00:00:00',46,46,'2024-05-15 07:00:00','2024-05-15 07:00:00','','NULL','boutique villa'),(2404,52,'1','30m',0,0,227,0,100,11,5,5,30,46,'not booked','D2a-11','0000-00-00 00:00:00',46,46,'2024-05-15 07:00:00','2024-05-15 07:00:00','','NULL','boutique villa'),(2405,52,'1','30m',0,0,227,0,100,11,5,5,30,46,'not booked','D2a-13','0000-00-00 00:00:00',46,46,'2024-05-15 07:00:00','2024-05-15 07:00:00','','NULL','boutique villa'),(2406,52,'1','30m',0,0,227,0,100,11,5,5,30,46,'not booked','D2a-15','0000-00-00 00:00:00',46,46,'2024-05-15 07:00:00','2024-05-15 07:00:00','','NULL','boutique villa'),(2407,52,'1','30m',0,0,228,0,100,11,5,5,30,46,'not booked','D2a-17','0000-00-00 00:00:00',46,46,'2024-05-15 07:00:00','2024-05-15 07:00:00','','NULL','boutique villa'),(2408,52,'1','30m',0,0,228,0,100,11,5,5,30,46,'not booked','D2a-19','0000-00-00 00:00:00',46,46,'2024-05-15 07:00:00','2024-05-15 07:00:00','','NULL','boutique villa'),(2409,52,'1','30m',0,0,228,0,100,11,5,5,30,46,'not booked','D2a-21','0000-00-00 00:00:00',46,46,'2024-05-15 07:00:00','2024-05-15 07:00:00','','NULL','boutique villa'),(2410,52,'1','30m',0,0,228,0,100,11,5,5,30,46,'not booked','D2a-23','0000-00-00 00:00:00',46,46,'2024-05-15 07:00:00','2024-05-15 07:00:00','','NULL','boutique villa'),(2411,52,'1','30m',0,0,340,0,100,11,5,5,30,46,'not booked','D2a-25','0000-00-00 00:00:00',46,46,'2024-05-15 07:00:00','2024-05-15 07:00:00','','NULL','boutique villa'),(2412,52,'1','30m',0,0,345,0,100,11,5,5,30,46,'not booked','D2a-27','0000-00-00 00:00:00',46,46,'2024-05-15 07:00:00','2024-05-15 07:00:00','','NULL','boutique villa'),(2413,52,'1','30m',0,0,243,0,100,11,5,5,30,46,'not booked','D2a-02','0000-00-00 00:00:00',46,46,'2024-05-15 07:00:00','2024-05-15 07:00:00','','NULL','boutique villa'),(2414,52,'1','30m',0,0,243,0,100,11,5,5,30,46,'not booked','D2a-04','0000-00-00 00:00:00',46,46,'2024-05-15 07:00:00','2024-05-15 07:00:00','','NULL','boutique villa'),(2415,52,'1','30m',0,0,243,0,100,11,5,5,30,46,'not booked','D2a-06','0000-00-00 00:00:00',46,46,'2024-05-15 07:00:00','2024-05-15 07:00:00','','NULL','boutique villa'),(2416,52,'1','30m',0,0,243,0,100,11,5,5,30,46,'not booked','D2a-08','0000-00-00 00:00:00',46,46,'2024-05-15 07:00:00','2024-05-15 07:00:00','','NULL','boutique villa'),(2417,52,'1','30m',0,0,243,0,100,11,5,5,30,46,'not booked','D2a-10','0000-00-00 00:00:00',46,46,'2024-05-15 07:00:00','2024-05-15 07:00:00','','NULL','boutique villa'),(2418,52,'1','30m',0,0,243,0,100,11,5,5,30,46,'not booked','D2a-12','0000-00-00 00:00:00',46,46,'2024-05-15 07:00:00','2024-05-15 07:00:00','','NULL','boutique villa'),(2419,52,'1','30m',0,0,243,0,100,11,5,5,30,46,'not booked','D2a-14','0000-00-00 00:00:00',46,46,'2024-05-15 07:00:00','2024-05-15 07:00:00','','NULL','boutique villa'),(2420,52,'1','30m',0,0,243,0,100,11,5,5,30,46,'not booked','D2a-16','0000-00-00 00:00:00',46,46,'2024-05-15 07:00:00','2024-05-15 07:00:00','','NULL','boutique villa'),(2421,52,'1','30m',0,0,362,0,100,11,5,5,30,46,'not booked','D2a-18','0000-00-00 00:00:00',46,46,'2024-05-15 07:00:00','2024-05-15 07:00:00','','NULL','boutique villa'),(2422,52,'1','30m',0,0,362,0,100,11,5,5,30,46,'not booked','D2a-20','0000-00-00 00:00:00',46,46,'2024-05-15 07:00:00','2024-05-15 07:00:00','','NULL','boutique villa'),(2423,52,'1','30m',0,0,488,0,100,11,5,5,30,46,'not booked','V3-48','0000-00-00 00:00:00',46,46,'2024-05-15 07:00:00','2024-05-15 07:00:00','','NULL','boutique villa'),(2424,52,'1','30m',0,0,328,0,100,11,5,5,30,46,'not booked','T21-43','0000-00-00 00:00:00',46,46,'2024-05-15 07:00:00','2024-05-15 07:00:00','','NULL','boutique villa'),(2425,52,'1','30m',0,0,294,0,100,11,5,5,30,46,'not booked','M5-46','0000-00-00 00:00:00',46,46,'2024-05-15 07:00:00','2024-05-15 07:00:00','','NULL','boutique villa'),(2426,52,'1','30m',0,0,294,0,100,11,5,5,30,46,'not booked','T17-43','0000-00-00 00:00:00',46,46,'2024-05-15 07:00:00','2024-05-15 07:00:00','','NULL','boutique villa'),(2427,52,'1','30m',0,0,447,0,100,11,5,5,85,46,'not booked','V3-137','2024-05-15 07:00:00',46,46,'2024-05-15 07:00:00','2024-05-15 07:00:00','','NULL','premium'),(2428,52,'1','30m',0,0,332,0,100,11,5,5,85,46,'not booked','V3-139','2024-05-15 07:00:00',46,46,'2024-05-15 07:00:00','2024-05-15 07:00:00','','NULL','premium'),(2429,52,'1','30m',0,0,327,0,100,11,5,5,85,46,'not booked','V3-141','2024-05-15 07:00:00',46,46,'2024-05-15 07:00:00','2024-05-15 07:00:00','','NULL','premium'),(2430,52,'1','30m',0,0,375,0,100,11,5,5,85,46,'not booked','V3-143','2024-05-15 07:00:00',46,46,'2024-05-15 07:00:00','2024-05-15 07:00:00','','NULL','premium'),(2431,52,'1','30m',0,0,375,0,100,11,5,5,85,46,'not booked','V3-145','2024-05-15 07:00:00',46,46,'2024-05-15 07:00:00','2024-05-15 07:00:00','','NULL','premium'),(2432,52,'1','30m',0,0,375,0,100,11,5,5,85,46,'not booked','V3-147','2024-05-15 07:00:00',46,46,'2024-05-15 07:00:00','2024-05-15 07:00:00','','NULL','premium'),(2433,52,'1','30m',0,0,378,0,100,11,5,5,85,46,'not booked','V3-149','2024-05-15 07:00:00',46,46,'2024-05-15 07:00:00','2024-05-15 07:00:00','','NULL','premium'),(2434,52,'1','30m',0,0,558,0,100,11,5,5,85,46,'not booked','V3-151','2024-05-15 07:00:00',46,46,'2024-05-15 07:00:00','2024-05-15 07:00:00','','NULL','premium'),(2435,52,'1','30m',0,0,503,0,100,11,5,5,85,46,'not booked','V3-153','2024-05-15 07:00:00',46,46,'2024-05-15 07:00:00','2024-05-15 07:00:00','','NULL','premium'),(2436,52,'1','30m',0,0,427,0,100,11,5,5,85,46,'not booked','V3-155','2024-05-15 07:00:00',46,46,'2024-05-15 07:00:00','2024-05-15 07:00:00','','NULL','premium'),(2437,52,'1','30m',0,0,443,0,100,11,5,5,85,46,'not booked','V3-157','2024-05-15 07:00:00',46,46,'2024-05-15 07:00:00','2024-05-15 07:00:00','','NULL','premium'),(2438,52,'1','30m',0,0,392,0,100,11,5,5,85,46,'not booked','V3-159','2024-05-15 07:00:00',46,46,'2024-05-15 07:00:00','2024-05-15 07:00:00','','NULL','premium'),(2439,52,'1','30m',0,0,387,0,100,11,5,5,85,46,'not booked','V3-161','2024-05-15 07:00:00',46,46,'2024-05-15 07:00:00','2024-05-15 07:00:00','','NULL','premium'),(2440,52,'1','30m',0,0,394,0,100,11,5,5,85,46,'not booked','V3-163','2024-05-15 07:00:00',46,46,'2024-05-15 07:00:00','2024-05-15 07:00:00','','NULL','premium'),(2441,52,'1','30m',0,0,379,0,100,11,5,5,85,46,'not booked','V3-165','2024-05-15 07:00:00',46,46,'2024-05-15 07:00:00','2024-05-15 07:00:00','','NULL','premium'),(2442,52,'1','30m',0,0,365,0,100,11,5,5,85,46,'not booked','V3-167','2024-05-15 07:00:00',46,46,'2024-05-15 07:00:00','2024-05-15 07:00:00','','NULL','premium'),(2443,52,'1','30m',0,0,345,0,100,11,5,5,85,46,'not booked','V3-169','2024-05-15 07:00:00',46,46,'2024-05-15 07:00:00','2024-05-15 07:00:00','','NULL','premium'),(2444,52,'1','30m',0,0,291,0,100,11,5,5,85,46,'not booked','V3-171','2024-05-15 07:00:00',46,46,'2024-05-15 07:00:00','2024-05-15 07:00:00','','NULL','premium'),(2445,52,'1','30m',0,0,307,0,100,11,5,5,85,46,'not booked','V3-173','2024-05-15 07:00:00',46,46,'2024-05-15 07:00:00','2024-05-15 07:00:00','','NULL','premium'),(2446,52,'1','30m',0,0,367,0,100,11,5,5,85,46,'not booked','V3-175','2024-05-15 07:00:00',46,46,'2024-05-15 07:00:00','2024-05-15 07:00:00','','NULL','premium'),(2447,52,'1','30m',0,0,376,0,100,11,5,5,85,46,'not booked','V3-177','2024-05-15 07:00:00',46,46,'2024-05-15 07:00:00','2024-05-15 07:00:00','','NULL','premium'),(2448,52,'1','30m',0,0,382,0,100,11,5,5,85,46,'not booked','V3-179','2024-05-15 07:00:00',46,46,'2024-05-15 07:00:00','2024-05-15 07:00:00','','NULL','premium'),(2449,52,'1','30m',0,0,376,0,100,11,5,5,85,46,'not booked','V3-181','2024-05-15 07:00:00',46,46,'2024-05-15 07:00:00','2024-05-15 07:00:00','','NULL','premium'),(2450,52,'1','30m',0,0,200,0,100,11,5,5,20,46,'not booked','M2-01','2024-05-15 07:00:00',46,46,'2024-05-15 07:00:00','2024-05-15 07:00:00','','NULL','semi-detached villa'),(2451,52,'1','30m',0,0,200,0,100,11,5,5,20,46,'not booked','M2-03','2024-05-15 07:00:00',46,46,'2024-05-15 07:00:00','2024-05-15 07:00:00','','NULL','semi-detached villa'),(2452,52,'1','30m',0,0,200,0,100,11,5,5,20,46,'not booked','M2-05','2024-05-15 07:00:00',46,46,'2024-05-15 07:00:00','2024-05-15 07:00:00','','NULL','semi-detached villa'),(2453,52,'1','30m',0,0,200,0,100,11,5,5,20,46,'not booked','M2-07','2024-05-15 07:00:00',46,46,'2024-05-15 07:00:00','2024-05-15 07:00:00','','NULL','semi-detached villa'),(2454,52,'1','30m',0,0,200,0,100,11,5,5,20,46,'not booked','M2-09','2024-05-15 07:00:00',46,46,'2024-05-15 07:00:00','2024-05-15 07:00:00','','NULL','semi-detached villa'),(2455,52,'1','30m',0,0,200,0,100,11,5,5,20,46,'not booked','M2-11','2024-05-15 07:00:00',46,46,'2024-05-15 07:00:00','2024-05-15 07:00:00','','NULL','semi-detached villa'),(2456,52,'1','30m',0,0,200,0,100,11,5,5,20,46,'not booked','M2-13','2024-05-15 07:00:00',46,46,'2024-05-15 07:00:00','2024-05-15 07:00:00','','NULL','semi-detached villa'),(2457,52,'1','30m',0,0,200,0,100,11,5,5,20,46,'not booked','M2-15','2024-05-15 07:00:00',46,46,'2024-05-15 07:00:00','2024-05-15 07:00:00','','NULL','semi-detached villa'),(2458,52,'1','30m',0,0,200,0,100,11,5,5,20,46,'not booked','M2-17','2024-05-15 07:00:00',46,46,'2024-05-15 07:00:00','2024-05-15 07:00:00','','NULL','semi-detached villa'),(2459,52,'1','30m',0,0,200,0,100,11,5,5,20,46,'not booked','M2-19','2024-05-15 07:00:00',46,46,'2024-05-15 07:00:00','2024-05-15 07:00:00','','NULL','semi-detached villa'),(2460,52,'1','30m',0,0,200,0,100,11,5,5,20,46,'not booked','M2-21','2024-05-15 07:00:00',46,46,'2024-05-15 07:00:00','2024-05-15 07:00:00','','NULL','semi-detached villa'),(2461,52,'1','30m',0,0,200,0,100,11,5,5,20,46,'not booked','M2-23','2024-05-15 07:00:00',46,46,'2024-05-15 07:00:00','2024-05-15 07:00:00','','NULL','semi-detached villa'),(2462,52,'1','30m',0,0,200,0,100,11,5,5,20,46,'not booked','M2-25','2024-05-15 07:00:00',46,46,'2024-05-15 07:00:00','2024-05-15 07:00:00','','NULL','semi-detached villa'),(2463,52,'1','30m',0,0,200,0,100,11,5,5,20,46,'not booked','M2-27','2024-05-15 07:00:00',46,46,'2024-05-15 07:00:00','2024-05-15 07:00:00','','NULL','semi-detached villa'),(2464,52,'1','30m',0,0,200,0,100,11,5,5,20,46,'not booked','M2-29','2024-05-15 07:00:00',46,46,'2024-05-15 07:00:00','2024-05-15 07:00:00','','NULL','semi-detached villa'),(2465,52,'1','30m',0,0,200,0,100,11,5,5,20,46,'not booked','M2-31','2024-05-15 07:00:00',46,46,'2024-05-15 07:00:00','2024-05-15 07:00:00','','NULL','semi-detached villa'),(2466,52,'1','30m',0,0,200,0,100,11,5,5,20,46,'not booked','M2-33','2024-05-15 07:00:00',46,46,'2024-05-15 07:00:00','2024-05-15 07:00:00','','NULL','semi-detached villa'),(2467,52,'1','30m',0,0,200,0,100,11,5,5,20,46,'not booked','M2-35','2024-05-15 07:00:00',46,46,'2024-05-15 07:00:00','2024-05-15 07:00:00','','NULL','semi-detached villa'),(2468,52,'1','30m',0,0,200,0,100,11,5,5,20,46,'not booked','M2-37','2024-05-15 07:00:00',46,46,'2024-05-15 07:00:00','2024-05-15 07:00:00','','NULL','semi-detached villa'),(2469,52,'1','30m',0,0,200,0,100,11,5,5,20,46,'not booked','M2-39','2024-05-15 07:00:00',46,46,'2024-05-15 07:00:00','2024-05-15 07:00:00','','NULL','semi-detached villa'),(2470,52,'1','30m',0,0,450,0,100,11,5,5,20,46,'not booked','M2-45','2024-05-15 07:00:00',46,46,'2024-05-15 07:00:00','2024-05-15 07:00:00','','NULL','semi-detached villa'),(2471,52,'1','30m',0,0,322,0,100,11,5,5,20,46,'not booked','M2-47','2024-05-15 07:00:00',46,46,'2024-05-15 07:00:00','2024-05-15 07:00:00','','NULL','semi-detached villa'),(2472,52,'1','30m',0,0,250,0,100,11,5,5,20,46,'not booked','M2-49','2024-05-15 07:00:00',46,46,'2024-05-15 07:00:00','2024-05-15 07:00:00','','NULL','semi-detached villa'),(2473,52,'1','30m',0,0,250,0,100,11,5,5,20,46,'not booked','M2-51','2024-05-15 07:00:00',46,46,'2024-05-15 07:00:00','2024-05-15 07:00:00','','NULL','semi-detached villa'),(2474,52,'1','30m',0,0,250,0,100,11,5,5,20,46,'not booked','M2-53','2024-05-15 07:00:00',46,46,'2024-05-15 07:00:00','2024-05-15 07:00:00','','NULL','semi-detached villa'),(2475,52,'1','30m',0,0,250,0,100,11,5,5,20,46,'not booked','M2-55','2024-05-15 07:00:00',46,46,'2024-05-15 07:00:00','2024-05-15 07:00:00','','NULL','semi-detached villa'),(2476,52,'1','30m',0,0,250,0,100,11,5,5,20,46,'not booked','M2-57','2024-05-15 07:00:00',46,46,'2024-05-15 07:00:00','2024-05-15 07:00:00','','NULL','semi-detached villa'),(2477,52,'1','30m',0,0,250,0,100,11,5,5,20,46,'not booked','M2-59','2024-05-15 07:00:00',46,46,'2024-05-15 07:00:00','2024-05-15 07:00:00','','NULL','semi-detached villa'),(2478,52,'1','30m',0,0,250,0,100,11,5,5,20,46,'not booked','M2-61','2024-05-15 07:00:00',46,46,'2024-05-15 07:00:00','2024-05-15 07:00:00','','NULL','semi-detached villa'),(2479,52,'1','30m',0,0,250,0,100,11,5,5,20,46,'not booked','M2-63','2024-05-15 07:00:00',46,46,'2024-05-15 07:00:00','2024-05-15 07:00:00','','NULL','semi-detached villa'),(2480,52,'1','30m',0,0,250,0,100,11,5,5,20,46,'not booked','M2-65','2024-05-15 07:00:00',46,46,'2024-05-15 07:00:00','2024-05-15 07:00:00','','NULL','semi-detached villa'),(2481,52,'1','30m',0,0,250,0,100,11,5,5,20,46,'not booked','M2-67','2024-05-15 07:00:00',46,46,'2024-05-15 07:00:00','2024-05-15 07:00:00','','NULL','semi-detached villa'),(2482,52,'1','30m',0,0,250,0,100,11,5,5,20,46,'not booked','M2-69','2024-05-15 07:00:00',46,46,'2024-05-15 07:00:00','2024-05-15 07:00:00','','NULL','semi-detached villa'),(2483,52,'1','30m',0,0,250,0,100,11,5,5,20,46,'not booked','M2-71','2024-05-15 07:00:00',46,46,'2024-05-15 07:00:00','2024-05-15 07:00:00','','NULL','semi-detached villa'),(2484,52,'1','30m',0,0,250,0,100,11,5,5,20,46,'not booked','M2-73','2024-05-15 07:00:00',46,46,'2024-05-15 07:00:00','2024-05-15 07:00:00','','NULL','semi-detached villa'),(2485,52,'1','30m',0,0,250,0,100,11,5,5,20,46,'not booked','M2-75','2024-05-15 07:00:00',46,46,'2024-05-15 07:00:00','2024-05-15 07:00:00','','NULL','semi-detached villa'),(2486,52,'1','30m',0,0,250,0,100,11,5,5,20,46,'not booked','M2-77','2024-05-15 07:00:00',46,46,'2024-05-15 07:00:00','2024-05-15 07:00:00','','NULL','semi-detached villa'),(2487,52,'1','30m',0,0,250,0,100,11,5,5,20,46,'not booked','M2-79','2024-05-15 07:00:00',46,46,'2024-05-15 07:00:00','2024-05-15 07:00:00','','NULL','semi-detached villa'),(2488,52,'1','30m',0,0,250,0,100,11,5,5,20,46,'not booked','M2-81','2024-05-15 07:00:00',46,46,'2024-05-15 07:00:00','2024-05-15 07:00:00','','NULL','semi-detached villa'),(2489,52,'1','30m',0,0,250,0,100,11,5,5,20,46,'not booked','M2-83','2024-05-15 07:00:00',46,46,'2024-05-15 07:00:00','2024-05-15 07:00:00','','NULL','semi-detached villa'),(2490,52,'1','30m',0,0,250,0,100,11,5,5,20,46,'not booked','M2-85','2024-05-15 07:00:00',46,46,'2024-05-15 07:00:00','2024-05-15 07:00:00','','NULL','semi-detached villa'),(2491,52,'1','30m',0,0,318,0,100,11,5,5,20,46,'not booked','M2-87','2024-05-15 07:00:00',46,46,'2024-05-15 07:00:00','2024-05-15 07:00:00','','NULL','semi-detached villa'),(2492,52,'1','30m',0,0,302,0,100,11,5,5,20,46,'not booked','M4-04','2024-05-15 07:00:00',46,46,'2024-05-15 07:00:00','2024-05-15 07:00:00','','NULL','semi-detached villa'),(2493,52,'1','30m',0,0,300,0,100,11,5,5,20,46,'not booked','M4-06','2024-05-15 07:00:00',46,46,'2024-05-15 07:00:00','2024-05-15 07:00:00','','NULL','semi-detached villa'),(2494,52,'1','30m',0,0,299,0,100,11,5,5,20,46,'not booked','M4-08','2024-05-15 07:00:00',46,46,'2024-05-15 07:00:00','2024-05-15 07:00:00','','NULL','semi-detached villa'),(2495,52,'1','30m',0,0,300,0,100,11,5,5,20,46,'not booked','M4-10','2024-05-15 07:00:00',46,46,'2024-05-15 07:00:00','2024-05-15 07:00:00','','NULL','semi-detached villa'),(2496,52,'1','30m',0,0,300,0,100,11,5,5,20,46,'not booked','M4-14','2024-05-15 07:00:00',46,46,'2024-05-15 07:00:00','2024-05-15 07:00:00','','NULL','semi-detached villa'),(2497,52,'1','30m',0,0,300,0,100,11,5,5,20,46,'not booked','M4-16','2024-05-15 07:00:00',46,46,'2024-05-15 07:00:00','2024-05-15 07:00:00','','NULL','semi-detached villa'),(2498,52,'1','30m',0,0,300,0,100,11,5,5,20,46,'not booked','M4-18','2024-05-15 07:00:00',46,46,'2024-05-15 07:00:00','2024-05-15 07:00:00','','NULL','semi-detached villa'),(2499,52,'1','30m',0,0,300,0,100,11,5,5,20,46,'not booked','M4-20','2024-05-15 07:00:00',46,46,'2024-05-15 07:00:00','2024-05-15 07:00:00','','NULL','semi-detached villa'),(2500,52,'1','30m',0,0,300,0,100,11,5,5,20,46,'not booked','M4-22','2024-05-15 07:00:00',46,46,'2024-05-15 07:00:00','2024-05-15 07:00:00','','NULL','semi-detached villa'),(2501,52,'1','30m',0,0,366,0,100,11,5,5,20,46,'not booked','M4-24','2024-05-15 07:00:00',46,46,'2024-05-15 07:00:00','2024-05-15 07:00:00','','NULL','semi-detached villa'),(2502,52,'1','30m',0,0,301,0,100,11,5,5,20,46,'not booked','M4-28','2024-05-15 07:00:00',46,46,'2024-05-15 07:00:00','2024-05-15 07:00:00','','NULL','semi-detached villa'),(2503,52,'1','30m',0,0,300,0,100,11,5,5,20,46,'not booked','M4-30','2024-05-15 07:00:00',46,46,'2024-05-15 07:00:00','2024-05-15 07:00:00','','NULL','semi-detached villa'),(2504,52,'1','30m',0,0,300,0,100,11,5,5,20,46,'not booked','M4-32','2024-05-15 07:00:00',46,46,'2024-05-15 07:00:00','2024-05-15 07:00:00','','NULL','semi-detached villa'),(2505,52,'1','30m',0,0,300,0,100,11,5,5,20,46,'not booked','M4-34','2024-05-15 07:00:00',46,46,'2024-05-15 07:00:00','2024-05-15 07:00:00','','NULL','semi-detached villa'),(2506,52,'1','30m',0,0,300,0,100,11,5,5,20,46,'not booked','M4-36','2024-05-15 07:00:00',46,46,'2024-05-15 07:00:00','2024-05-15 07:00:00','','NULL','semi-detached villa'),(2507,52,'1','30m',0,0,300,0,100,11,5,5,20,46,'not booked','M4-38','2024-05-15 07:00:00',46,46,'2024-05-15 07:00:00','2024-05-15 07:00:00','','NULL','semi-detached villa'),(2508,52,'1','30m',0,0,300,0,100,11,5,5,20,46,'not booked','M4-40','2024-05-15 07:00:00',46,46,'2024-05-15 07:00:00','2024-05-15 07:00:00','','NULL','semi-detached villa'),(2509,52,'1','30m',0,0,300,0,100,11,5,5,20,46,'not booked','M4-42','2024-05-15 07:00:00',46,46,'2024-05-15 07:00:00','2024-05-15 07:00:00','','NULL','semi-detached villa'),(2510,52,'1','30m',0,0,300,0,100,11,5,5,20,46,'not booked','M4-44','2024-05-15 07:00:00',46,46,'2024-05-15 07:00:00','2024-05-15 07:00:00','','NULL','semi-detached villa'),(2511,52,'1','30m',0,0,300,0,100,11,5,5,20,46,'not booked','M4-46','2024-05-15 07:00:00',46,46,'2024-05-15 07:00:00','2024-05-15 07:00:00','','NULL','semi-detached villa'),(2512,52,'1','30m',0,0,156,0,100,11,5,5,20,46,'not booked','M5-56','2024-05-15 07:00:00',46,46,'2024-05-15 07:00:00','2024-05-15 07:00:00','','NULL','semi-detached villa'),(2513,52,'1','30m',0,0,156,0,100,11,5,5,20,46,'not booked','M5-58','2024-05-15 07:00:00',46,46,'2024-05-15 07:00:00','2024-05-15 07:00:00','','NULL','semi-detached villa'),(2514,52,'1','30m',0,0,200,0,100,11,5,5,20,46,'not booked','M6-04','2024-05-15 07:00:00',46,46,'2024-05-15 07:00:00','2024-05-15 07:00:00','','NULL','semi-detached villa'),(2515,52,'1','30m',0,0,200,0,100,11,5,5,20,46,'not booked','M6-06','2024-05-15 07:00:00',46,46,'2024-05-15 07:00:00','2024-05-15 07:00:00','','NULL','semi-detached villa'),(2516,52,'1','30m',0,0,200,0,100,11,5,5,20,46,'not booked','M6-08','2024-05-15 07:00:00',46,46,'2024-05-15 07:00:00','2024-05-15 07:00:00','','NULL','semi-detached villa'),(2517,52,'1','30m',0,0,200,0,100,11,5,5,20,46,'not booked','M6-10','2024-05-15 07:00:00',46,46,'2024-05-15 07:00:00','2024-05-15 07:00:00','','NULL','semi-detached villa'),(2518,52,'1','30m',0,0,200,0,100,11,5,5,20,46,'not booked','M6-12','2024-05-15 07:00:00',46,46,'2024-05-15 07:00:00','2024-05-15 07:00:00','','NULL','semi-detached villa'),(2519,52,'1','30m',0,0,200,0,100,11,5,5,20,46,'not booked','M6-14','2024-05-15 07:00:00',46,46,'2024-05-15 07:00:00','2024-05-15 07:00:00','','NULL','semi-detached villa'),(2520,52,'1','30m',0,0,200,0,100,11,5,5,20,46,'not booked','M6-16','2024-05-15 07:00:00',46,46,'2024-05-15 07:00:00','2024-05-15 07:00:00','','NULL','semi-detached villa'),(2521,52,'1','30m',0,0,200,0,100,11,5,5,20,46,'not booked','M6-18','2024-05-15 07:00:00',46,46,'2024-05-15 07:00:00','2024-05-15 07:00:00','','NULL','semi-detached villa'),(2522,52,'1','30m',0,0,200,0,100,11,5,5,20,46,'not booked','M6-20','2024-05-15 07:00:00',46,46,'2024-05-15 07:00:00','2024-05-15 07:00:00','','NULL','semi-detached villa'),(2523,52,'1','30m',0,0,200,0,100,11,5,5,20,46,'not booked','M6-22','2024-05-15 07:00:00',46,46,'2024-05-15 07:00:00','2024-05-15 07:00:00','','NULL','semi-detached villa'),(2524,52,'1','30m',0,0,200,0,100,11,5,5,20,46,'not booked','M6-24','2024-05-15 07:00:00',46,46,'2024-05-15 07:00:00','2024-05-15 07:00:00','','NULL','semi-detached villa'),(2525,52,'1','30m',0,0,200,0,100,11,5,5,20,46,'not booked','M6-26','2024-05-15 07:00:00',46,46,'2024-05-15 07:00:00','2024-05-15 07:00:00','','NULL','semi-detached villa'),(2526,52,'1','30m',0,0,200,0,100,11,5,5,20,46,'not booked','M6-28','2024-05-15 07:00:00',46,46,'2024-05-15 07:00:00','2024-05-15 07:00:00','','NULL','semi-detached villa'),(2527,52,'1','30m',0,0,200,0,100,11,5,5,20,46,'not booked','M6-30','2024-05-15 07:00:00',46,46,'2024-05-15 07:00:00','2024-05-15 07:00:00','','NULL','semi-detached villa'),(2528,52,'1','30m',0,0,200,0,100,11,5,5,20,46,'not booked','M6-32','2024-05-15 07:00:00',46,46,'2024-05-15 07:00:00','2024-05-15 07:00:00','','NULL','semi-detached villa'),(2529,52,'1','30m',0,0,200,0,100,11,5,5,20,46,'not booked','M6-34','2024-05-15 07:00:00',46,46,'2024-05-15 07:00:00','2024-05-15 07:00:00','','NULL','semi-detached villa'),(2530,52,'1','30m',0,0,300,0,100,11,5,5,20,46,'not booked','M6-40','2024-05-15 07:00:00',46,46,'2024-05-15 07:00:00','2024-05-15 07:00:00','','NULL','semi-detached villa'),(2531,52,'1','30m',0,0,300,0,100,11,5,5,20,46,'not booked','M6-42','2024-05-15 07:00:00',46,46,'2024-05-15 07:00:00','2024-05-15 07:00:00','','NULL','semi-detached villa'),(2532,52,'1','30m',0,0,300,0,100,11,5,5,20,46,'not booked','M6-44','2024-05-15 07:00:00',46,46,'2024-05-15 07:00:00','2024-05-15 07:00:00','','NULL','semi-detached villa'),(2533,52,'1','30m',0,0,300,0,100,11,5,5,20,46,'not booked','M6-46','2024-05-15 07:00:00',46,46,'2024-05-15 07:00:00','2024-05-15 07:00:00','','NULL','semi-detached villa'),(2534,52,'1','30m',0,0,307,0,100,11,5,5,20,46,'not booked','M6-48','2024-05-15 07:00:00',46,46,'2024-05-15 07:00:00','2024-05-15 07:00:00','','NULL','semi-detached villa'),(2535,52,'1','30m',0,0,313,0,100,11,5,5,20,46,'not booked','M6-50','2024-05-15 07:00:00',46,46,'2024-05-15 07:00:00','2024-05-15 07:00:00','','NULL','semi-detached villa'),(2536,52,'1','30m',0,0,341,0,100,11,5,5,20,46,'not booked','M6-56','2024-05-15 07:00:00',46,46,'2024-05-15 07:00:00','2024-05-15 07:00:00','','NULL','semi-detached villa'),(2537,52,'1','30m',0,0,341,0,100,11,5,5,20,46,'not booked','M6-58','2024-05-15 07:00:00',46,46,'2024-05-15 07:00:00','2024-05-15 07:00:00','','NULL','semi-detached villa'),(2538,52,'1','30m',0,0,341,0,100,11,5,5,20,46,'not booked','M6-60','2024-05-15 07:00:00',46,46,'2024-05-15 07:00:00','2024-05-15 07:00:00','','NULL','semi-detached villa'),(2539,52,'1','30m',0,0,341,0,100,11,5,5,20,46,'not booked','M6-62','2024-05-15 07:00:00',46,46,'2024-05-15 07:00:00','2024-05-15 07:00:00','','NULL','semi-detached villa'),(2540,52,'1','30m',0,0,341,0,100,11,5,5,20,46,'not booked','M6-64','2024-05-15 07:00:00',46,46,'2024-05-15 07:00:00','2024-05-15 07:00:00','','NULL','semi-detached villa'),(2541,52,'1','30m',0,0,341,0,100,11,5,5,20,46,'not booked','M6-66','2024-05-15 07:00:00',46,46,'2024-05-15 07:00:00','2024-05-15 07:00:00','','NULL','semi-detached villa'),(2542,52,'1','30m',0,0,155,0,100,11,5,5,20,46,'not booked','T17-53','2024-05-15 07:00:00',46,46,'2024-05-15 07:00:00','2024-05-15 07:00:00','','NULL','semi-detached villa'),(2543,52,'1','30m',0,0,155,0,100,11,5,5,20,46,'not booked','T17-55','2024-05-15 07:00:00',46,46,'2024-05-15 07:00:00','2024-05-15 07:00:00','','NULL','semi-detached villa'),(2544,52,'1','30m',0,0,200,0,100,11,5,5,20,46,'not booked','V3-08','2024-05-15 07:00:00',46,46,'2024-05-15 07:00:00','2024-05-15 07:00:00','','NULL','semi-detached villa'),(2545,52,'1','30m',0,0,200,0,100,11,5,5,20,46,'not booked','V3-10','2024-05-15 07:00:00',46,46,'2024-05-15 07:00:00','2024-05-15 07:00:00','','NULL','semi-detached villa'),(2546,52,'1','30m',0,0,200,0,100,11,5,5,20,46,'not booked','V3-12','2024-05-15 07:00:00',46,46,'2024-05-15 07:00:00','2024-05-15 07:00:00','','NULL','semi-detached villa'),(2547,52,'1','30m',0,0,200,0,100,11,5,5,20,46,'not booked','V3-14','2024-05-15 07:00:00',46,46,'2024-05-15 07:00:00','2024-05-15 07:00:00','','NULL','semi-detached villa'),(2548,52,'1','30m',0,0,200,0,100,11,5,5,20,46,'not booked','V3-16','2024-05-15 07:00:00',46,46,'2024-05-15 07:00:00','2024-05-15 07:00:00','','NULL','semi-detached villa'),(2549,52,'1','30m',0,0,200,0,100,11,5,5,20,46,'not booked','V3-18','2024-05-15 07:00:00',46,46,'2024-05-15 07:00:00','2024-05-15 07:00:00','','NULL','semi-detached villa'),(2550,52,'1','30m',0,0,200,0,100,11,5,5,20,46,'not booked','V3-20','2024-05-15 07:00:00',46,46,'2024-05-15 07:00:00','2024-05-15 07:00:00','','NULL','semi-detached villa'),(2551,52,'1','30m',0,0,200,0,100,11,5,5,20,46,'not booked','V3-22','2024-05-15 07:00:00',46,46,'2024-05-15 07:00:00','2024-05-15 07:00:00','','NULL','semi-detached villa'),(2552,52,'1','30m',0,0,200,0,100,11,5,5,20,46,'not booked','V3-24','2024-05-15 07:00:00',46,46,'2024-05-15 07:00:00','2024-05-15 07:00:00','','NULL','semi-detached villa'),(2553,52,'1','30m',0,0,200,0,100,11,5,5,20,46,'not booked','V3-26','2024-05-15 07:00:00',46,46,'2024-05-15 07:00:00','2024-05-15 07:00:00','','NULL','semi-detached villa'),(2554,52,'1','30m',0,0,200,0,100,11,5,5,20,46,'not booked','V3-28','2024-05-15 07:00:00',46,46,'2024-05-15 07:00:00','2024-05-15 07:00:00','','NULL','semi-detached villa'),(2555,52,'1','30m',0,0,200,0,100,11,5,5,20,46,'not booked','V3-30','2024-05-15 07:00:00',46,46,'2024-05-15 07:00:00','2024-05-15 07:00:00','','NULL','semi-detached villa'),(2556,52,'1','30m',0,0,200,0,100,11,5,5,20,46,'not booked','V3-32','2024-05-15 07:00:00',46,46,'2024-05-15 07:00:00','2024-05-15 07:00:00','','NULL','semi-detached villa'),(2557,52,'1','30m',0,0,200,0,100,11,5,5,20,46,'not booked','V3-34','2024-05-15 07:00:00',46,46,'2024-05-15 07:00:00','2024-05-15 07:00:00','','NULL','semi-detached villa'),(2558,52,'1','30m',0,0,239,0,100,11,5,5,20,46,'not booked','V3-40','2024-05-15 07:00:00',46,46,'2024-05-15 07:00:00','2024-05-15 07:00:00','','NULL','semi-detached villa'),(2559,52,'1','30m',0,0,224,0,100,11,5,5,20,46,'not booked','V3-42','2024-05-15 07:00:00',46,46,'2024-05-15 07:00:00','2024-05-15 07:00:00','','NULL','semi-detached villa'),(2560,52,'1','30m',0,0,208,0,100,11,5,5,20,46,'not booked','V3-44','2024-05-15 07:00:00',46,46,'2024-05-15 07:00:00','2024-05-15 07:00:00','','NULL','semi-detached villa'),(2561,52,'1','30m',0,0,192,0,100,11,5,5,20,46,'not booked','V3-46','2024-05-15 07:00:00',46,46,'2024-05-15 07:00:00','2024-05-15 07:00:00','','NULL','semi-detached villa'),(2562,52,'1','30m',0,0,247,0,100,11,5,5,20,46,'not booked','V3-50','2024-05-15 07:00:00',46,46,'2024-05-15 07:00:00','2024-05-15 07:00:00','','NULL','semi-detached villa'),(2563,52,'1','30m',0,0,222,0,100,11,5,5,20,46,'not booked','V3-52','2024-05-15 07:00:00',46,46,'2024-05-15 07:00:00','2024-05-15 07:00:00','','NULL','semi-detached villa'),(2564,52,'1','30m',0,0,200,0,100,11,5,5,20,46,'not booked','T20-01','2024-05-15 07:00:00',46,46,'2024-05-15 07:00:00','2024-05-15 07:00:00','','NULL','semi-detached villa'),(2565,52,'1','30m',0,0,200,0,100,11,5,5,20,46,'not booked','T20-03','2024-05-15 07:00:00',46,46,'2024-05-15 07:00:00','2024-05-15 07:00:00','','NULL','semi-detached villa'),(2566,52,'1','30m',0,0,200,0,100,11,5,5,20,46,'not booked','T20-05','2024-05-15 07:00:00',46,46,'2024-05-15 07:00:00','2024-05-15 07:00:00','','NULL','semi-detached villa'),(2567,52,'1','30m',0,0,200,0,100,11,5,5,20,46,'not booked','T20-07','2024-05-15 07:00:00',46,46,'2024-05-15 07:00:00','2024-05-15 07:00:00','','NULL','semi-detached villa'),(2568,52,'1','30m',0,0,200,0,100,11,5,5,20,46,'not booked','T20-09','2024-05-15 07:00:00',46,46,'2024-05-15 07:00:00','2024-05-15 07:00:00','','NULL','semi-detached villa'),(2569,52,'1','30m',0,0,200,0,100,11,5,5,20,46,'not booked','T20-11','2024-05-15 07:00:00',46,46,'2024-05-15 07:00:00','2024-05-15 07:00:00','','NULL','semi-detached villa'),(2570,52,'1','30m',0,0,200,0,100,11,5,5,20,46,'not booked','T20-13','2024-05-15 07:00:00',46,46,'2024-05-15 07:00:00','2024-05-15 07:00:00','','NULL','semi-detached villa'),(2571,52,'1','30m',0,0,200,0,100,11,5,5,20,46,'not booked','T20-15','2024-05-15 07:00:00',46,46,'2024-05-15 07:00:00','2024-05-15 07:00:00','','NULL','semi-detached villa'),(2572,52,'1','30m',0,0,200,0,100,11,5,5,20,46,'not booked','T20-17','2024-05-15 07:00:00',46,46,'2024-05-15 07:00:00','2024-05-15 07:00:00','','NULL','semi-detached villa'),(2573,52,'1','30m',0,0,200,0,100,11,5,5,20,46,'not booked','T20-19','2024-05-15 07:00:00',46,46,'2024-05-15 07:00:00','2024-05-15 07:00:00','','NULL','semi-detached villa'),(2574,52,'1','30m',0,0,200,0,100,11,5,5,20,46,'not booked','T20-21','2024-05-15 07:00:00',46,46,'2024-05-15 07:00:00','2024-05-15 07:00:00','','NULL','semi-detached villa'),(2575,52,'1','30m',0,0,200,0,100,11,5,5,20,46,'not booked','T20-23','2024-05-15 07:00:00',46,46,'2024-05-15 07:00:00','2024-05-15 07:00:00','','NULL','semi-detached villa'),(2576,52,'1','30m',0,0,200,0,100,11,5,5,20,46,'not booked','T20-25','2024-05-15 07:00:00',46,46,'2024-05-15 07:00:00','2024-05-15 07:00:00','','NULL','semi-detached villa'),(2577,52,'1','30m',0,0,200,0,100,11,5,5,20,46,'not booked','T20-27','2024-05-15 07:00:00',46,46,'2024-05-15 07:00:00','2024-05-15 07:00:00','','NULL','semi-detached villa'),(2578,52,'1','30m',0,0,227,0,100,11,5,5,20,46,'not booked','V3-249','2024-05-15 07:00:00',46,46,'2024-05-15 07:00:00','2024-05-15 07:00:00','','NULL','semi-detached villa'),(2579,52,'1','30m',0,0,227,0,100,11,5,5,20,46,'not booked','V3-251','2024-05-15 07:00:00',46,46,'2024-05-15 07:00:00','2024-05-15 07:00:00','','NULL','semi-detached villa'),(2580,52,'1','30m',0,0,227,0,100,11,5,5,20,46,'not booked','V3-253','2024-05-15 07:00:00',46,46,'2024-05-15 07:00:00','2024-05-15 07:00:00','','NULL','semi-detached villa'),(2581,52,'1','30m',0,0,228,0,100,11,5,5,20,46,'not booked','V3-255','2024-05-15 07:00:00',46,46,'2024-05-15 07:00:00','2024-05-15 07:00:00','','NULL','semi-detached villa'),(2582,52,'1','30m',0,0,228,0,100,11,5,5,20,46,'not booked','V3-275','2024-05-15 07:00:00',46,46,'2024-05-15 07:00:00','2024-05-15 07:00:00','','NULL','semi-detached villa'),(2583,52,'1','30m',0,0,228,0,100,11,5,5,20,46,'not booked','V3-277','2024-05-15 07:00:00',46,46,'2024-05-15 07:00:00','2024-05-15 07:00:00','','NULL','semi-detached villa'),(2584,52,'1','30m',0,0,225,0,100,11,5,5,20,46,'not booked','V3-279','2024-05-15 07:00:00',46,46,'2024-05-15 07:00:00','2024-05-15 07:00:00','','NULL','semi-detached villa'),(2585,52,'1','30m',0,0,225,0,100,11,5,5,20,46,'not booked','V3-281','2024-05-15 07:00:00',46,46,'2024-05-15 07:00:00','2024-05-15 07:00:00','','NULL','semi-detached villa'),(2586,52,'1','30m',0,0,150,0,100,11,5,5,20,46,'not booked','T19-05','2024-05-15 07:00:00',46,46,'2024-05-15 07:00:00','2024-05-15 07:00:00','','NULL','semi-detached villa'),(2587,52,'1','30m',0,0,150,0,100,11,5,5,20,46,'not booked','T19-03','2024-05-15 07:00:00',46,46,'2024-05-15 07:00:00','2024-05-15 07:00:00','','NULL','semi-detached villa'),(2588,52,'1','30m',0,0,485,0,100,11,5,5,25,46,'not booked','NX-LP-166','2024-05-15 07:00:00',46,46,'2024-05-15 07:00:00','2024-05-15 07:00:00','','NULL','single villa'),(2589,52,'1','30m',0,0,293,0,100,11,5,5,25,46,'not booked','V3-04','2024-05-15 07:00:00',46,46,'2024-05-15 07:00:00','2024-05-15 07:00:00','','NULL','single villa'),(2590,52,'1','30m',0,0,470,0,100,11,5,5,25,46,'not booked','V3-06','2024-05-15 07:00:00',46,46,'2024-05-15 07:00:00','2024-05-15 07:00:00','','NULL','single villa'),(2591,52,'1','30m',0,0,385,0,100,11,5,5,25,46,'not booked','V3-101','2024-05-15 07:00:00',46,46,'2024-05-15 07:00:00','2024-05-15 07:00:00','','NULL','single villa'),(2592,52,'1','30m',0,0,392,0,100,11,5,5,25,46,'not booked','V3-103','2024-05-15 07:00:00',46,46,'2024-05-15 07:00:00','2024-05-15 07:00:00','','NULL','single villa'),(2593,52,'1','30m',0,0,380,0,100,11,5,5,25,46,'not booked','V3-105','2024-05-15 07:00:00',46,46,'2024-05-15 07:00:00','2024-05-15 07:00:00','','NULL','single villa'),(2594,52,'1','30m',0,0,367,0,100,11,5,5,25,46,'not booked','V3-107','2024-05-15 07:00:00',46,46,'2024-05-15 07:00:00','2024-05-15 07:00:00','','NULL','single villa'),(2595,52,'1','30m',0,0,463,0,100,11,5,5,25,46,'not booked','V3-109','2024-05-15 07:00:00',46,46,'2024-05-15 07:00:00','2024-05-15 07:00:00','','NULL','single villa'),(2596,52,'1','30m',0,0,444,0,100,11,5,5,25,46,'not booked','V3-111','2024-05-15 07:00:00',46,46,'2024-05-15 07:00:00','2024-05-15 07:00:00','','NULL','single villa'),(2597,52,'1','30m',0,0,381,0,100,11,5,5,25,46,'not booked','V3-113','2024-05-15 07:00:00',46,46,'2024-05-15 07:00:00','2024-05-15 07:00:00','','NULL','single villa'),(2598,52,'1','30m',0,0,384,0,100,11,5,5,25,46,'not booked','V3-115','2024-05-15 07:00:00',46,46,'2024-05-15 07:00:00','2024-05-15 07:00:00','','NULL','single villa'),(2599,52,'1','30m',0,0,386,0,100,11,5,5,25,46,'not booked','V3-117','2024-05-15 07:00:00',46,46,'2024-05-15 07:00:00','2024-05-15 07:00:00','','NULL','single villa'),(2600,52,'1','30m',0,0,389,0,100,11,5,5,25,46,'not booked','V3-119','2024-05-15 07:00:00',46,46,'2024-05-15 07:00:00','2024-05-15 07:00:00','','NULL','single villa'),(2601,52,'1','30m',0,0,391,0,100,11,5,5,25,46,'not booked','V3-121','2024-05-15 07:00:00',46,46,'2024-05-15 07:00:00','2024-05-15 07:00:00','','NULL','single villa'),(2602,52,'1','30m',0,0,393,0,100,11,5,5,25,46,'not booked','V3-123','2024-05-15 07:00:00',46,46,'2024-05-15 07:00:00','2024-05-15 07:00:00','','NULL','single villa'),(2603,52,'1','30m',0,0,396,0,100,11,5,5,25,46,'not booked','V3-125','2024-05-15 07:00:00',46,46,'2024-05-15 07:00:00','2024-05-15 07:00:00','','NULL','single villa'),(2604,52,'1','30m',0,0,398,0,100,11,5,5,25,46,'not booked','V3-127','2024-05-15 07:00:00',46,46,'2024-05-15 07:00:00','2024-05-15 07:00:00','','NULL','single villa'),(2605,52,'1','30m',0,0,451,0,100,11,5,5,25,46,'not booked','V3-129','2024-05-15 07:00:00',46,46,'2024-05-15 07:00:00','2024-05-15 07:00:00','','NULL','single villa'),(2606,52,'1','30m',0,0,349,0,100,11,5,5,25,46,'not booked','V3-131','2024-05-15 07:00:00',46,46,'2024-05-15 07:00:00','2024-05-15 07:00:00','','NULL','single villa'),(2607,52,'1','30m',0,0,349,0,100,11,5,5,25,46,'not booked','V3-133','2024-05-15 07:00:00',46,46,'2024-05-15 07:00:00','2024-05-15 07:00:00','','NULL','single villa'),(2608,52,'1','30m',0,0,462,0,100,11,5,5,25,46,'not booked','V3-135','2024-05-15 07:00:00',46,46,'2024-05-15 07:00:00','2024-05-15 07:00:00','','NULL','single villa'),(2609,52,'1','30m',0,0,425,0,100,11,5,5,25,46,'not booked','V3-183','2024-05-15 07:00:00',46,46,'2024-05-15 07:00:00','2024-05-15 07:00:00','','NULL','single villa'),(2610,52,'1','30m',0,0,255,0,100,11,5,5,25,46,'not booked','V3-185','2024-05-15 07:00:00',46,46,'2024-05-15 07:00:00','2024-05-15 07:00:00','','NULL','single villa'),(2611,52,'1','30m',0,0,253,0,100,11,5,5,25,46,'not booked','V3-187','2024-05-15 07:00:00',46,46,'2024-05-15 07:00:00','2024-05-15 07:00:00','','NULL','single villa'),(2612,52,'1','30m',0,0,249,0,100,11,5,5,25,46,'not booked','V3-189','2024-05-15 07:00:00',46,46,'2024-05-15 07:00:00','2024-05-15 07:00:00','','NULL','single villa'),(2613,52,'1','30m',0,0,255,0,100,11,5,5,25,46,'not booked','V3-191','2024-05-15 07:00:00',46,46,'2024-05-15 07:00:00','2024-05-15 07:00:00','','NULL','single villa'),(2614,52,'1','30m',0,0,261,0,100,11,5,5,25,46,'not booked','V3-193','2024-05-15 07:00:00',46,46,'2024-05-15 07:00:00','2024-05-15 07:00:00','','NULL','single villa'),(2615,52,'1','30m',0,0,265,0,100,11,5,5,25,46,'not booked','V3-195','2024-05-15 07:00:00',46,46,'2024-05-15 07:00:00','2024-05-15 07:00:00','','NULL','single villa'),(2616,52,'1','30m',0,0,265,0,100,11,5,5,25,46,'not booked','V3-197','2024-05-15 07:00:00',46,46,'2024-05-15 07:00:00','2024-05-15 07:00:00','','NULL','single villa'),(2617,52,'1','30m',0,0,264,0,100,11,5,5,25,46,'not booked','V3-199','2024-05-15 07:00:00',46,46,'2024-05-15 07:00:00','2024-05-15 07:00:00','','NULL','single villa'),(2618,52,'1','30m',0,0,263,0,100,11,5,5,25,46,'not booked','V3-201','2024-05-15 07:00:00',46,46,'2024-05-15 07:00:00','2024-05-15 07:00:00','','NULL','single villa'),(2619,52,'1','30m',0,0,255,0,100,11,5,5,25,46,'not booked','V3-203','2024-05-15 07:00:00',46,46,'2024-05-15 07:00:00','2024-05-15 07:00:00','','NULL','single villa'),(2620,52,'1','30m',0,0,252,0,100,11,5,5,25,46,'not booked','V3-205','2024-05-15 07:00:00',46,46,'2024-05-15 07:00:00','2024-05-15 07:00:00','','NULL','single villa'),(2621,52,'1','30m',0,0,250,0,100,11,5,5,25,46,'not booked','V3-207','2024-05-15 07:00:00',46,46,'2024-05-15 07:00:00','2024-05-15 07:00:00','','NULL','single villa'),(2622,52,'1','30m',0,0,251,0,100,11,5,5,25,46,'not booked','V3-209','2024-05-15 07:00:00',46,46,'2024-05-15 07:00:00','2024-05-15 07:00:00','','NULL','single villa'),(2623,52,'1','30m',0,0,250,0,100,11,5,5,25,46,'not booked','V3-211','2024-05-15 07:00:00',46,46,'2024-05-15 07:00:00','2024-05-15 07:00:00','','NULL','single villa'),(2624,52,'1','30m',0,0,250,0,100,11,5,5,25,46,'not booked','V3-213','2024-05-15 07:00:00',46,46,'2024-05-15 07:00:00','2024-05-15 07:00:00','','NULL','single villa'),(2625,52,'1','30m',0,0,313,0,100,11,5,5,25,46,'not booked','V3-215','2024-05-15 07:00:00',46,46,'2024-05-15 07:00:00','2024-05-15 07:00:00','','NULL','single villa'),(2626,52,'1','30m',0,0,515,0,100,11,5,5,25,46,'not booked','V3-217','2024-05-15 07:00:00',46,46,'2024-05-15 07:00:00','2024-05-15 07:00:00','','NULL','single villa'),(2627,52,'1','30m',0,0,581,0,100,11,5,5,25,46,'not booked','V3-219','2024-05-15 07:00:00',46,46,'2024-05-15 07:00:00','2024-05-15 07:00:00','','NULL','single villa'),(2628,52,'1','30m',0,0,356,0,100,11,5,5,25,46,'not booked','V3-221','2024-05-15 07:00:00',46,46,'2024-05-15 07:00:00','2024-05-15 07:00:00','','NULL','single villa'),(2629,52,'1','30m',0,0,321,0,100,11,5,5,25,46,'not booked','V3-223','2024-05-15 07:00:00',46,46,'2024-05-15 07:00:00','2024-05-15 07:00:00','','NULL','single villa'),(2630,52,'1','30m',0,0,288,0,100,11,5,5,25,46,'not booked','V3-225','2024-05-15 07:00:00',46,46,'2024-05-15 07:00:00','2024-05-15 07:00:00','','NULL','single villa'),(2631,52,'1','30m',0,0,254,0,100,11,5,5,25,46,'not booked','V3-227','2024-05-15 07:00:00',46,46,'2024-05-15 07:00:00','2024-05-15 07:00:00','','NULL','single villa'),(2632,52,'1','30m',0,0,253,0,100,11,5,5,25,46,'not booked','V3-229','2024-05-15 07:00:00',46,46,'2024-05-15 07:00:00','2024-05-15 07:00:00','','NULL','single villa'),(2633,52,'1','30m',0,0,251,0,100,11,5,5,25,46,'not booked','V3-231','2024-05-15 07:00:00',46,46,'2024-05-15 07:00:00','2024-05-15 07:00:00','','NULL','single villa'),(2634,52,'1','30m',0,0,254,0,100,11,5,5,25,46,'not booked','V3-233','2024-05-15 07:00:00',46,46,'2024-05-15 07:00:00','2024-05-15 07:00:00','','NULL','single villa'),(2635,52,'1','30m',0,0,255,0,100,11,5,5,25,46,'not booked','V3-235','2024-05-15 07:00:00',46,46,'2024-05-15 07:00:00','2024-05-15 07:00:00','','NULL','single villa'),(2636,52,'1','30m',0,0,253,0,100,11,5,5,25,46,'not booked','V3-237','2024-05-15 07:00:00',46,46,'2024-05-15 07:00:00','2024-05-15 07:00:00','','NULL','single villa'),(2637,52,'1','30m',0,0,252,0,100,11,5,5,25,46,'not booked','V3-239','2024-05-15 07:00:00',46,46,'2024-05-15 07:00:00','2024-05-15 07:00:00','','NULL','single villa'),(2638,52,'1','30m',0,0,252,0,100,11,5,5,25,46,'not booked','V3-241','2024-05-15 07:00:00',46,46,'2024-05-15 07:00:00','2024-05-15 07:00:00','','NULL','single villa'),(2639,52,'1','30m',0,0,252,0,100,11,5,5,25,46,'not booked','V3-243','2024-05-15 07:00:00',46,46,'2024-05-15 07:00:00','2024-05-15 07:00:00','','NULL','single villa'),(2640,52,'1','30m',0,0,252,0,100,11,5,5,25,46,'not booked','V3-245','2024-05-15 07:00:00',46,46,'2024-05-15 07:00:00','2024-05-15 07:00:00','','NULL','single villa'),(2641,52,'1','30m',0,0,252,0,100,11,5,5,25,46,'not booked','V3-247','2024-05-15 07:00:00',46,46,'2024-05-15 07:00:00','2024-05-15 07:00:00','','NULL','single villa'),(2642,52,'1','30m',0,0,252,0,100,11,5,5,25,46,'not booked','V3-257','2024-05-15 07:00:00',46,46,'2024-05-15 07:00:00','2024-05-15 07:00:00','','NULL','single villa'),(2643,52,'1','30m',0,0,253,0,100,11,5,5,25,46,'not booked','V3-259','2024-05-15 07:00:00',46,46,'2024-05-15 07:00:00','2024-05-15 07:00:00','','NULL','single villa'),(2644,52,'1','30m',0,0,253,0,100,11,5,5,25,46,'not booked','V3-261','2024-05-15 07:00:00',46,46,'2024-05-15 07:00:00','2024-05-15 07:00:00','','NULL','single villa'),(2645,52,'1','30m',0,0,253,0,100,11,5,5,25,46,'not booked','V3-263','2024-05-15 07:00:00',46,46,'2024-05-15 07:00:00','2024-05-15 07:00:00','','NULL','single villa'),(2646,52,'1','30m',0,0,253,0,100,11,5,5,25,46,'not booked','V3-265','2024-05-15 07:00:00',46,46,'2024-05-15 07:00:00','2024-05-15 07:00:00','','NULL','single villa'),(2647,52,'1','30m',0,0,253,0,100,11,5,5,25,46,'not booked','V3-267','2024-05-15 07:00:00',46,46,'2024-05-15 07:00:00','2024-05-15 07:00:00','','NULL','single villa'),(2648,52,'1','30m',0,0,253,0,100,11,5,5,25,46,'not booked','V3-269','2024-05-15 07:00:00',46,46,'2024-05-15 07:00:00','2024-05-15 07:00:00','','NULL','single villa'),(2649,52,'1','30m',0,0,253,0,100,11,5,5,25,46,'not booked','V3-271','2024-05-15 07:00:00',46,46,'2024-05-15 07:00:00','2024-05-15 07:00:00','','NULL','single villa'),(2650,52,'1','30m',0,0,253,0,100,11,5,5,25,46,'not booked','V3-273','2024-05-15 07:00:00',46,46,'2024-05-15 07:00:00','2024-05-15 07:00:00','','NULL','single villa'),(2651,52,'1','30m',0,0,250,0,100,11,5,5,25,46,'not booked','V3-283','2024-05-15 07:00:00',46,46,'2024-05-15 07:00:00','2024-05-15 07:00:00','','NULL','single villa'),(2652,52,'1','30m',0,0,250,0,100,11,5,5,25,46,'not booked','V3-285','2024-05-15 07:00:00',46,46,'2024-05-15 07:00:00','2024-05-15 07:00:00','','NULL','single villa'),(2653,52,'1','30m',0,0,198,0,100,11,5,5,25,46,'not booked','V3-54','2024-05-15 07:00:00',46,46,'2024-05-15 07:00:00','2024-05-15 07:00:00','','NULL','single villa'),(2654,52,'1','30m',0,0,440,0,100,11,5,5,25,46,'not booked','V3-56','2024-05-15 07:00:00',46,46,'2024-05-15 07:00:00','2024-05-15 07:00:00','','NULL','single villa'),(2655,52,'1','30m',0,0,321,0,100,11,5,5,25,46,'not booked','V3-90','2024-05-15 07:00:00',46,46,'2024-05-15 07:00:00','2024-05-15 07:00:00','','NULL','single villa'),(2656,52,'1','30m',0,0,351,0,100,11,5,5,25,46,'not booked','V3-92','2024-05-15 07:00:00',46,46,'2024-05-15 07:00:00','2024-05-15 07:00:00','','NULL','single villa'),(2657,52,'1','30m',0,0,291,0,100,11,5,5,25,46,'not booked','V3-94','2024-05-15 07:00:00',46,46,'2024-05-15 07:00:00','2024-05-15 07:00:00','','NULL','single villa'),(2658,52,'1','30m',0,0,301,0,100,11,5,5,25,46,'not booked','V3-96','2024-05-15 07:00:00',46,46,'2024-05-15 07:00:00','2024-05-15 07:00:00','','NULL','single villa'),(2659,52,'1','30m',0,0,390,0,100,11,5,5,25,46,'not booked','V3-98','2024-05-15 07:00:00',46,46,'2024-05-15 07:00:00','2024-05-15 07:00:00','','NULL','single villa'),(2660,52,'1','30m',0,0,270,0,100,11,5,5,25,46,'not booked','M2-02','2024-05-15 07:00:00',46,46,'2024-05-15 07:00:00','2024-05-15 07:00:00','','NULL','single villa'),(2661,52,'1','30m',0,0,276,0,100,11,5,5,25,46,'not booked','M2-22','2024-05-15 07:00:00',46,46,'2024-05-15 07:00:00','2024-05-15 07:00:00','','NULL','single villa'),(2662,52,'1','30m',0,0,302,0,100,11,5,5,25,46,'not booked','M2-24','2024-05-15 07:00:00',46,46,'2024-05-15 07:00:00','2024-05-15 07:00:00','','NULL','single villa'),(2663,52,'1','30m',0,0,302,0,100,11,5,5,25,46,'not booked','M2-26','2024-05-15 07:00:00',46,46,'2024-05-15 07:00:00','2024-05-15 07:00:00','','NULL','single villa'),(2664,52,'1','30m',0,0,302,0,100,11,5,5,25,46,'not booked','M2-28','2024-05-15 07:00:00',46,46,'2024-05-15 07:00:00','2024-05-15 07:00:00','','NULL','single villa'),(2665,52,'1','30m',0,0,302,0,100,11,5,5,25,46,'not booked','M2-30','2024-05-15 07:00:00',46,46,'2024-05-15 07:00:00','2024-05-15 07:00:00','','NULL','single villa'),(2666,52,'1','30m',0,0,302,0,100,11,5,5,25,46,'not booked','M2-32','2024-05-15 07:00:00',46,46,'2024-05-15 07:00:00','2024-05-15 07:00:00','','NULL','single villa'),(2667,52,'1','30m',0,0,426,0,100,11,5,5,25,46,'not booked','M2-34','2024-05-15 07:00:00',46,46,'2024-05-15 07:00:00','2024-05-15 07:00:00','','NULL','single villa'),(2668,52,'1','30m',0,0,300,0,100,11,5,5,25,46,'not booked','M2-41','2024-05-15 07:00:00',46,46,'2024-05-15 07:00:00','2024-05-15 07:00:00','','NULL','single villa'),(2669,52,'1','30m',0,0,409,0,100,11,5,5,25,46,'not booked','M2-43','2024-05-15 07:00:00',46,46,'2024-05-15 07:00:00','2024-05-15 07:00:00','','NULL','single villa'),(2670,52,'1','30m',0,0,270,0,100,11,5,5,25,46,'not booked','M3-01','2024-05-15 07:00:00',46,46,'2024-05-15 07:00:00','2024-05-15 07:00:00','','NULL','single villa'),(2671,52,'1','30m',0,0,257,0,100,11,5,5,25,46,'not booked','M3-36','2024-05-15 07:00:00',46,46,'2024-05-15 07:00:00','2024-05-15 07:00:00','','NULL','single villa'),(2672,52,'1','30m',0,0,349,0,100,11,5,5,25,46,'not booked','M4-01','2024-05-15 07:00:00',46,46,'2024-05-15 07:00:00','2024-05-15 07:00:00','','NULL','single villa'),(2673,52,'1','30m',0,0,412,0,100,11,5,5,25,46,'not booked','M4-02','2024-05-15 07:00:00',46,46,'2024-05-15 07:00:00','2024-05-15 07:00:00','','NULL','single villa'),(2674,52,'1','30m',0,0,294,0,100,11,5,5,25,46,'not booked','M4-03','2024-05-15 07:00:00',46,46,'2024-05-15 07:00:00','2024-05-15 07:00:00','','NULL','single villa'),(2675,52,'1','30m',0,0,234,0,100,11,5,5,25,46,'not booked','M4-05','2024-05-15 07:00:00',46,46,'2024-05-15 07:00:00','2024-05-15 07:00:00','','NULL','single villa'),(2676,52,'1','30m',0,0,300,0,100,11,5,5,25,46,'not booked','M4-07','2024-05-15 07:00:00',46,46,'2024-05-15 07:00:00','2024-05-15 07:00:00','','NULL','single villa'),(2677,52,'1','30m',0,0,255,0,100,11,5,5,25,46,'not booked','M4-09','2024-05-15 07:00:00',46,46,'2024-05-15 07:00:00','2024-05-15 07:00:00','','NULL','single villa'),(2678,52,'1','30m',0,0,412,0,100,11,5,5,25,46,'not booked','M4-12','2024-05-15 07:00:00',46,46,'2024-05-15 07:00:00','2024-05-15 07:00:00','','NULL','single villa'),(2679,52,'1','30m',0,0,513,0,100,11,5,5,25,46,'not booked','M4-26','2024-05-15 07:00:00',46,46,'2024-05-15 07:00:00','2024-05-15 07:00:00','','NULL','single villa'),(2680,52,'1','30m',0,0,357,0,100,11,5,5,25,46,'not booked','M4-48','2024-05-15 07:00:00',46,46,'2024-05-15 07:00:00','2024-05-15 07:00:00','','NULL','single villa'),(2681,52,'1','30m',0,0,250,0,100,11,5,5,25,46,'not booked','M4-57','2024-05-15 07:00:00',46,46,'2024-05-15 07:00:00','2024-05-15 07:00:00','','NULL','single villa'),(2682,52,'1','30m',0,0,322,0,100,11,5,5,25,46,'not booked','M4-59','2024-05-15 07:00:00',46,46,'2024-05-15 07:00:00','2024-05-15 07:00:00','','NULL','single villa'),(2683,52,'1','30m',0,0,445,0,100,11,5,5,25,46,'not booked','M4-110','2024-05-15 07:00:00',46,46,'2024-05-15 07:00:00','2024-05-15 07:00:00','','NULL','single villa'),(2684,52,'1','30m',0,0,316,0,100,11,5,5,25,46,'not booked','M5-02','2024-05-15 07:00:00',46,46,'2024-05-15 07:00:00','2024-05-15 07:00:00','','NULL','single villa'),(2685,52,'1','30m',0,0,252,0,100,11,5,5,25,46,'not booked','M5-53','2024-05-15 07:00:00',46,46,'2024-05-15 07:00:00','2024-05-15 07:00:00','','NULL','single villa'),(2686,52,'1','30m',0,0,324,0,100,11,5,5,25,46,'not booked','M5-55','2024-05-15 07:00:00',46,46,'2024-05-15 07:00:00','2024-05-15 07:00:00','','NULL','single villa'),(2687,52,'1','30m',0,0,366,0,100,11,5,5,25,46,'not booked','M5-60','2024-05-15 07:00:00',46,46,'2024-05-15 07:00:00','2024-05-15 07:00:00','','NULL','single villa'),(2688,52,'1','30m',0,0,639,0,100,11,5,5,25,46,'not booked','M6-01','2024-05-15 07:00:00',46,46,'2024-05-15 07:00:00','2024-05-15 07:00:00','','NULL','single villa'),(2689,52,'1','30m',0,0,250,0,100,11,5,5,25,46,'not booked','M6-02','2024-05-15 07:00:00',46,46,'2024-05-15 07:00:00','2024-05-15 07:00:00','','NULL','single villa'),(2690,52,'1','30m',0,0,394,0,100,11,5,5,25,46,'not booked','M6-03','2024-05-15 07:00:00',46,46,'2024-05-15 07:00:00','2024-05-15 07:00:00','','NULL','single villa'),(2691,52,'1','30m',0,0,378,0,100,11,5,5,25,46,'not booked','M6-05','2024-05-15 07:00:00',46,46,'2024-05-15 07:00:00','2024-05-15 07:00:00','','NULL','single villa'),(2692,52,'1','30m',0,0,501,0,100,11,5,5,25,46,'not booked','M6-07','2024-05-15 07:00:00',46,46,'2024-05-15 07:00:00','2024-05-15 07:00:00','','NULL','single villa'),(2693,52,'1','30m',0,0,585,0,100,11,5,5,25,46,'not booked','M6-38','2024-05-15 07:00:00',46,46,'2024-05-15 07:00:00','2024-05-15 07:00:00','','NULL','single villa'),(2694,52,'1','30m',0,0,457,0,100,11,5,5,25,46,'not booked','M6-52','2024-05-15 07:00:00',46,46,'2024-05-15 07:00:00','2024-05-15 07:00:00','','NULL','single villa'),(2695,52,'1','30m',0,0,398,0,100,11,5,5,25,46,'not booked','M6-54','2024-05-15 07:00:00',46,46,'2024-05-15 07:00:00','2024-05-15 07:00:00','','NULL','single villa'),(2696,52,'1','30m',0,0,386,0,100,11,5,5,25,46,'not booked','T17-01','2024-05-15 07:00:00',46,46,'2024-05-15 07:00:00','2024-05-15 07:00:00','','NULL','single villa'),(2697,52,'1','30m',0,0,262,0,100,11,5,5,25,46,'not booked','T17-02','2024-05-15 07:00:00',46,46,'2024-05-15 07:00:00','2024-05-15 07:00:00','','NULL','single villa'),(2698,52,'1','30m',0,0,250,0,100,11,5,5,25,46,'not booked','T17-52','2024-05-15 07:00:00',46,46,'2024-05-15 07:00:00','2024-05-15 07:00:00','','NULL','single villa'),(2699,52,'1','30m',0,0,322,0,100,11,5,5,25,46,'not booked','T17-54','2024-05-15 07:00:00',46,46,'2024-05-15 07:00:00','2024-05-15 07:00:00','','NULL','single villa'),(2700,52,'1','30m',0,0,367,0,100,11,5,5,25,46,'not booked','T17-57','2024-05-15 07:00:00',46,46,'2024-05-15 07:00:00','2024-05-15 07:00:00','','NULL','single villa'),(2701,52,'1','30m',0,0,250,0,100,11,5,5,25,46,'not booked','T15-49','2024-05-15 07:00:00',46,46,'2024-05-15 07:00:00','2024-05-15 07:00:00','','NULL','single villa'),(2702,52,'1','30m',0,0,322,0,100,11,5,5,25,46,'not booked','T15-50','2024-05-15 07:00:00',46,46,'2024-05-15 07:00:00','2024-05-15 07:00:00','','NULL','single villa'),(2703,52,'1','30m',0,0,322,0,100,11,5,5,25,46,'not booked','T15-51','2024-05-15 07:00:00',46,46,'2024-05-15 07:00:00','2024-05-15 07:00:00','','NULL','single villa'),(2704,52,'1','30m',0,0,298,0,100,11,5,5,25,46,'not booked','T19-01','2024-05-15 07:00:00',46,46,'2024-05-15 07:00:00','2024-05-15 07:00:00','','NULL','single villa'),(2705,52,'1','30m',0,0,252,0,100,11,5,5,25,46,'not booked','T19-54','2024-05-15 07:00:00',46,46,'2024-05-15 07:00:00','2024-05-15 07:00:00','','NULL','single villa'),(2706,52,'1','30m',0,0,252,0,100,11,5,5,25,46,'not booked','T19-59','2024-05-15 07:00:00',46,46,'2024-05-15 07:00:00','2024-05-15 07:00:00','','NULL','single villa'),(2707,52,'1','30m',0,0,252,0,100,11,5,5,25,46,'not booked','T21-52','2024-05-15 07:00:00',46,46,'2024-05-15 07:00:00','2024-05-15 07:00:00','','NULL','single villa'),(2708,52,'1','30m',0,0,324,0,100,11,5,5,25,46,'not booked','T19-56','2024-05-15 07:00:00',46,46,'2024-05-15 07:00:00','2024-05-15 07:00:00','','NULL','single villa'),(2709,52,'1','30m',0,0,324,0,100,11,5,5,25,46,'not booked','T19-61','2024-05-15 07:00:00',46,46,'2024-05-15 07:00:00','2024-05-15 07:00:00','','NULL','single villa'),(2710,52,'1','30m',0,0,225,0,100,11,5,5,25,46,'not booked','T7-20','2024-05-15 07:00:00',46,46,'2024-05-15 07:00:00','2024-05-15 07:00:00','','NULL','single villa'),(2711,52,'1','30m',0,0,225,0,100,11,5,5,25,46,'not booked','T7-19','2024-05-15 07:00:00',46,46,'2024-05-15 07:00:00','2024-05-15 07:00:00','','NULL','single villa'),(2712,52,'1','30m',0,0,225,0,100,11,5,5,25,46,'not booked','T9-20','2024-05-15 07:00:00',46,46,'2024-05-15 07:00:00','2024-05-15 07:00:00','','NULL','single villa'),(2713,52,'1','30m',0,0,225,0,100,11,5,5,25,46,'not booked','T9-19','2024-05-15 07:00:00',46,46,'2024-05-15 07:00:00','2024-05-15 07:00:00','','NULL','single villa'),(2714,52,'1','30m',0,0,257,0,100,11,5,5,25,46,'not booked','T11-35','2024-05-15 07:00:00',46,46,'2024-05-15 07:00:00','2024-05-15 07:00:00','','NULL','single villa'),(2715,52,'1','30m',0,0,257,0,100,11,5,5,25,46,'not booked','T11-38','2024-05-15 07:00:00',46,46,'2024-05-15 07:00:00','2024-05-15 07:00:00','','NULL','single villa'),(2716,52,'1','30m',0,0,257,0,100,11,5,5,25,46,'not booked','T13-37','2024-05-15 07:00:00',46,46,'2024-05-15 07:00:00','2024-05-15 07:00:00','','NULL','single villa'),(2717,52,'1','30m',0,0,463,0,100,11,5,5,25,46,'not booked','T21-54','2024-05-15 07:00:00',46,46,'2024-05-15 07:00:00','2024-05-15 07:00:00','','NULL','single villa'),(2718,52,'1','30m',0,0,252,0,100,11,5,5,25,46,'not booked','T21-52','2024-05-15 07:00:00',46,46,'2024-05-15 07:00:00','2024-05-15 07:00:00','','NULL','single villa'),(2719,52,'1','30m',0,0,250,0,100,11,5,5,25,46,'not booked','T15-49','2024-05-15 07:00:00',46,46,'2024-05-15 07:00:00','2024-05-15 07:00:00','','NULL','single villa'),(2720,52,'1','30m',0,0,250,0,100,11,5,5,25,46,'not booked','T15-48','2024-05-15 07:00:00',46,46,'2024-05-15 07:00:00','2024-05-15 07:00:00','','NULL','single villa'),(2721,52,'1','30m',0,0,438,0,100,11,5,5,25,46,'not booked','NX-LP-22','2024-05-15 07:00:00',46,46,'2024-05-15 07:00:00','2024-05-15 07:00:00','','NULL','single villa'),(2722,52,'1','30m',0,0,267,0,100,11,5,5,25,46,'not booked','T11-02','2024-05-15 07:00:00',46,46,'2024-05-15 07:00:00','2024-05-15 07:00:00','','NULL','single villa'),(2723,52,'1','30m',0,0,251,0,100,11,5,5,25,46,'not booked','T13-01','2024-05-15 07:00:00',46,46,'2024-05-15 07:00:00','2024-05-15 07:00:00','','NULL','single villa');
/*!40000 ALTER TABLE `tbl_land_area` ENABLE KEYS */;
UNLOCK TABLES;

--
-- Table structure for table `tbl_land_booking`
--

DROP TABLE IF EXISTS `tbl_land_booking`;
/*!40101 SET @saved_cs_client     = @@character_set_client */;
/*!50503 SET character_set_client = utf8mb4 */;
CREATE TABLE `tbl_land_booking` (
  `id` bigint(20) NOT NULL AUTO_INCREMENT,
  `land_area_id` bigint(20) DEFAULT NULL,
  `zone_id` bigint(20) NOT NULL,
  `booking_fee` float NOT NULL,
  `sale_id` bigint(20) NOT NULL,
  `buyer_id` bigint(20) NOT NULL,
  `status` enum('enable','disable','cancelled') NOT NULL,
  `created_by` bigint(20) NOT NULL,
  `updated_by` bigint(20) NOT NULL,
  `created_at` datetime NOT NULL,
  `updated_at` datetime NOT NULL,
  PRIMARY KEY (`id`),
  KEY `fk_landbooking_landarea_idx` (`land_area_id`),
  KEY `fk_landbooking_profile_idx` (`sale_id`),
  KEY `fk_landbooking_profile2_idx` (`buyer_id`),
  KEY `fk_landbooking_zone_idx` (`zone_id`),
  CONSTRAINT `fk_landbooking_landarea` FOREIGN KEY (`land_area_id`) REFERENCES `tbl_land_area` (`id`) ON DELETE NO ACTION ON UPDATE NO ACTION,
  CONSTRAINT `fk_landbooking_profile1` FOREIGN KEY (`sale_id`) REFERENCES `tbl_profile` (`id`) ON DELETE NO ACTION ON UPDATE NO ACTION,
  CONSTRAINT `fk_landbooking_profile2` FOREIGN KEY (`buyer_id`) REFERENCES `tbl_profile` (`id`) ON DELETE NO ACTION ON UPDATE NO ACTION,
  CONSTRAINT `fk_landbooking_zone` FOREIGN KEY (`zone_id`) REFERENCES `tbl_zone` (`id`) ON DELETE NO ACTION ON UPDATE NO ACTION
) ENGINE=InnoDB AUTO_INCREMENT=2 DEFAULT CHARSET=utf8mb4 COLLATE=utf8mb4_unicode_ci;
/*!40101 SET character_set_client = @saved_cs_client */;

--
-- Dumping data for table `tbl_land_booking`
--

LOCK TABLES `tbl_land_booking` WRITE;
/*!40000 ALTER TABLE `tbl_land_booking` DISABLE KEYS */;
INSERT INTO `tbl_land_booking` VALUES (1,2,39,0,2,2,'cancelled',13,13,'2023-11-03 09:29:12','2023-11-03 09:41:20');
/*!40000 ALTER TABLE `tbl_land_booking` ENABLE KEYS */;
UNLOCK TABLES;

--
-- Table structure for table `tbl_land_list_owner`
--

DROP TABLE IF EXISTS `tbl_land_list_owner`;
/*!40101 SET @saved_cs_client     = @@character_set_client */;
/*!50503 SET character_set_client = utf8mb4 */;
CREATE TABLE `tbl_land_list_owner` (
  `owner_id` bigint(20) NOT NULL,
  `land_area_id` bigint(20) NOT NULL,
  `desc` varchar(256) DEFAULT NULL,
  `owned_at` datetime NOT NULL,
  `created_by` bigint(20) NOT NULL,
  `updated_by` bigint(20) NOT NULL,
  `created_at` datetime NOT NULL,
  `updated_at` datetime NOT NULL,
  PRIMARY KEY (`owner_id`,`land_area_id`),
  KEY `fk_landlistowner_landarea_idx` (`land_area_id`),
  CONSTRAINT `fk_landlistowner_landarea` FOREIGN KEY (`land_area_id`) REFERENCES `tbl_land_area` (`id`) ON DELETE NO ACTION ON UPDATE NO ACTION,
  CONSTRAINT `fk_landlistowner_profile` FOREIGN KEY (`owner_id`) REFERENCES `tbl_profile` (`id`) ON DELETE NO ACTION ON UPDATE NO ACTION
) ENGINE=InnoDB DEFAULT CHARSET=utf8mb4 COLLATE=utf8mb4_unicode_ci;
/*!40101 SET character_set_client = @saved_cs_client */;

--
-- Dumping data for table `tbl_land_list_owner`
--

LOCK TABLES `tbl_land_list_owner` WRITE;
/*!40000 ALTER TABLE `tbl_land_list_owner` DISABLE KEYS */;
INSERT INTO `tbl_land_list_owner` VALUES (2,2,'a','1989-12-31 17:00:00',13,13,'2023-11-02 22:18:35','2023-11-02 22:18:35');
/*!40000 ALTER TABLE `tbl_land_list_owner` ENABLE KEYS */;
UNLOCK TABLES;

--
-- Table structure for table `tbl_land_payment_process`
--

DROP TABLE IF EXISTS `tbl_land_payment_process`;
/*!40101 SET @saved_cs_client     = @@character_set_client */;
/*!50503 SET character_set_client = utf8mb4 */;
CREATE TABLE `tbl_land_payment_process` (
  `id` bigint(20) NOT NULL AUTO_INCREMENT,
  `land_area_id` bigint(20) NOT NULL,
  `payment_time` tinyint(4) NOT NULL,
  `amount_of_money` double NOT NULL,
  `amount_of_debt` double NOT NULL,
  `submitter` bigint(20) NOT NULL,
  `status` enum('indebted','done') NOT NULL,
  `created_by` bigint(20) NOT NULL,
  `updated_by` bigint(20) NOT NULL,
  `created_at` datetime NOT NULL,
  `updated_at` datetime NOT NULL,
  PRIMARY KEY (`id`),
  KEY `fk_landpaymentprocess_landarea_idx` (`land_area_id`),
  KEY `fk_landpaymentprocess_profile_idx` (`submitter`),
  CONSTRAINT `fk_landpaymentprocess_landarea` FOREIGN KEY (`land_area_id`) REFERENCES `tbl_land_area` (`id`) ON DELETE NO ACTION ON UPDATE NO ACTION,
  CONSTRAINT `fk_landpaymentprocess_profile` FOREIGN KEY (`submitter`) REFERENCES `tbl_profile` (`id`) ON DELETE NO ACTION ON UPDATE NO ACTION
) ENGINE=InnoDB AUTO_INCREMENT=22 DEFAULT CHARSET=utf8mb4 COLLATE=utf8mb4_unicode_ci;
/*!40101 SET character_set_client = @saved_cs_client */;

--
-- Dumping data for table `tbl_land_payment_process`
--

LOCK TABLES `tbl_land_payment_process` WRITE;
/*!40000 ALTER TABLE `tbl_land_payment_process` DISABLE KEYS */;
INSERT INTO `tbl_land_payment_process` VALUES (1,2,2,0,0,2,'done',13,13,'2023-11-03 07:30:42','2023-11-03 07:45:34'),(2,2,2,0,0,2,'',13,13,'2023-11-03 07:31:14','2023-11-03 07:31:14'),(3,2,2,0,0,2,'',13,13,'2023-11-03 07:58:29','2023-11-03 07:58:29'),(4,2,3,2,0,2,'done',13,13,'2023-12-16 02:12:53','2023-12-16 02:12:53'),(5,2,3,2,0,2,'done',13,13,'2023-12-16 02:19:44','2023-12-16 02:19:44'),(6,4,3,2,0,2,'done',13,13,'2023-12-29 10:09:57','2023-12-29 10:09:57'),(7,5,3,2,0,2,'done',13,13,'2023-12-29 10:10:31','2023-12-29 10:10:31'),(8,5,3,2,0,2,'done',13,13,'2023-12-29 10:10:45','2023-12-29 10:10:45'),(9,5,3,2,0,2,'done',13,13,'2023-12-29 10:10:54','2023-12-29 10:10:54'),(10,5,3,2,0,2,'done',13,13,'2023-12-29 10:10:58','2023-12-29 10:10:58'),(11,5,3,2,0,2,'done',13,13,'2023-12-29 10:10:59','2023-12-29 10:10:59'),(12,5,3,2,0,2,'done',13,13,'2023-12-29 10:11:00','2023-12-29 10:11:00'),(13,5,3,2,0,2,'done',13,13,'2023-12-29 10:11:03','2023-12-29 10:11:03'),(14,5,3,2,0,2,'done',13,13,'2023-12-29 10:11:04','2023-12-29 10:11:04'),(15,5,3,2,0,2,'done',13,13,'2023-12-29 10:11:05','2023-12-29 10:11:05'),(16,5,3,2,0,2,'done',13,13,'2023-12-29 10:11:08','2023-12-29 10:11:08'),(17,5,3,2,0,2,'done',13,13,'2023-12-29 10:11:10','2023-12-29 10:11:10'),(18,5,4,4,4,4,'done',13,13,'2024-01-01 14:15:06','2024-05-13 12:05:44'),(20,5,4,4,4,4,'done',46,46,'2024-05-13 12:07:39','2024-05-13 12:07:39');
/*!40000 ALTER TABLE `tbl_land_payment_process` ENABLE KEYS */;
UNLOCK TABLES;

--
-- Table structure for table `tbl_land_sale_list`
--

DROP TABLE IF EXISTS `tbl_land_sale_list`;
/*!40101 SET @saved_cs_client     = @@character_set_client */;
/*!50503 SET character_set_client = utf8mb4 */;
CREATE TABLE `tbl_land_sale_list` (
  `id` bigint(20) NOT NULL AUTO_INCREMENT,
  `sale_id` bigint(20) NOT NULL,
  `manager_sale_id` bigint(20) NOT NULL,
  `land_area_id` bigint(20) NOT NULL,
  `desc` varchar(256) DEFAULT NULL,
  `status` enum('enable','disable') NOT NULL,
  `created_by` bigint(20) NOT NULL,
  `updated_by` bigint(20) NOT NULL,
  `created_at` datetime NOT NULL,
  `updated_at` datetime NOT NULL,
  PRIMARY KEY (`id`),
  KEY `fk_landsalelist_landarea_idx` (`land_area_id`),
  KEY `fk_landsalelist_profile1_idx` (`sale_id`),
  KEY `fk_landsalelist_profile2_idx` (`manager_sale_id`),
  CONSTRAINT `fk_landsalelist_landarea` FOREIGN KEY (`land_area_id`) REFERENCES `tbl_land_area` (`id`) ON DELETE NO ACTION ON UPDATE NO ACTION,
  CONSTRAINT `fk_landsalelist_profile1` FOREIGN KEY (`sale_id`) REFERENCES `tbl_profile` (`id`) ON DELETE NO ACTION ON UPDATE NO ACTION,
  CONSTRAINT `fk_landsalelist_profile2` FOREIGN KEY (`manager_sale_id`) REFERENCES `tbl_profile` (`id`) ON DELETE NO ACTION ON UPDATE NO ACTION
) ENGINE=InnoDB AUTO_INCREMENT=3 DEFAULT CHARSET=utf8mb4 COLLATE=utf8mb4_unicode_ci;
/*!40101 SET character_set_client = @saved_cs_client */;

--
-- Dumping data for table `tbl_land_sale_list`
--

LOCK TABLES `tbl_land_sale_list` WRITE;
/*!40000 ALTER TABLE `tbl_land_sale_list` DISABLE KEYS */;
INSERT INTO `tbl_land_sale_list` VALUES (1,2,2,2,'a','enable',13,13,'2023-11-02 21:22:36','2023-11-02 21:38:39'),(2,2,2,2,'a','enable',13,13,'2023-11-02 21:58:38','2023-11-02 21:58:38');
/*!40000 ALTER TABLE `tbl_land_sale_list` ENABLE KEYS */;
UNLOCK TABLES;

--
-- Table structure for table `tbl_message`
--

DROP TABLE IF EXISTS `tbl_message`;
/*!40101 SET @saved_cs_client     = @@character_set_client */;
/*!50503 SET character_set_client = utf8mb4 */;
CREATE TABLE `tbl_message` (
  `id` bigint(20) NOT NULL AUTO_INCREMENT,
  `title` varchar(256) NOT NULL,
  `content` varchar(4068) NOT NULL,
  `status` enum('primary','secondary','success','error','warning','info','light','dark') DEFAULT 'info',
  `created_by` bigint(20) NOT NULL,
  `updated_by` bigint(20) NOT NULL,
  `created_at` datetime NOT NULL,
  `updated_at` datetime NOT NULL,
  `deleted` enum('true','false') NOT NULL,
  `project_id` bigint(10) NOT NULL,
  PRIMARY KEY (`id`),
  KEY `fk_message_account_createdby_idx` (`created_by`),
  KEY `fk_message_account_updatedby_idx` (`updated_by`),
  KEY `fk_message_project_id_idx` (`project_id`),
  CONSTRAINT `fk_message_account_createdby` FOREIGN KEY (`created_by`) REFERENCES `tbl_account` (`id`),
  CONSTRAINT `fk_message_account_updatedby` FOREIGN KEY (`updated_by`) REFERENCES `tbl_account` (`id`),
  CONSTRAINT `fk_message_project_id` FOREIGN KEY (`project_id`) REFERENCES `tbl_project` (`id`) ON DELETE NO ACTION ON UPDATE NO ACTION
) ENGINE=InnoDB AUTO_INCREMENT=28 DEFAULT CHARSET=utf8mb3 COLLATE=utf8mb3_bin;
/*!40101 SET character_set_client = @saved_cs_client */;

--
-- Dumping data for table `tbl_message`
--

LOCK TABLES `tbl_message` WRITE;
/*!40000 ALTER TABLE `tbl_message` DISABLE KEYS */;
INSERT INTO `tbl_message` VALUES (1,'a','a','info',13,13,'2023-08-09 08:39:49','2023-08-09 08:39:49','true',0),(4,'a','a','info',25,25,'2024-01-23 03:52:49','2024-01-23 03:52:49','false',1),(5,'a','a','info',25,25,'2024-01-23 03:55:18','2024-01-23 03:55:18','false',1),(6,'a','a','info',25,25,'2024-01-23 03:55:20','2024-01-23 03:55:20','false',1),(16,'test','test','info',46,46,'2024-04-22 22:32:15','2024-04-22 22:32:15','false',27),(17,'test2','testttsts','info',46,46,'2024-04-22 22:43:21','2024-04-22 22:43:21','false',23),(18,'testttwttr','sdfssasdsad','info',46,46,'2024-04-22 22:45:37','2024-04-22 22:45:37','false',24),(23,'hahahihi','test','info',46,46,'2024-04-25 13:28:08','2024-04-26 09:18:30','false',23),(27,'this is noti','this is noti','info',46,46,'2024-05-07 16:36:39','2024-05-07 16:36:39','false',29);
/*!40000 ALTER TABLE `tbl_message` ENABLE KEYS */;
UNLOCK TABLES;

--
-- Table structure for table `tbl_payment_method`
--

DROP TABLE IF EXISTS `tbl_payment_method`;
/*!40101 SET @saved_cs_client     = @@character_set_client */;
/*!50503 SET character_set_client = utf8mb4 */;
CREATE TABLE `tbl_payment_method` (
  `id` bigint(20) NOT NULL AUTO_INCREMENT,
  `project_id` bigint(20) NOT NULL,
  `total_of_payment_time` tinyint(4) NOT NULL DEFAULT 127,
  `method_name` varchar(256) NOT NULL,
  `percent_discount` float NOT NULL,
  `vat` float DEFAULT NULL,
  `maintenance_fee` float DEFAULT NULL,
  `created_by` bigint(20) DEFAULT NULL,
  `updated_by` bigint(20) DEFAULT NULL,
  `created_at` datetime DEFAULT NULL,
  `updated_at` datetime DEFAULT NULL,
  PRIMARY KEY (`id`),
  KEY `fk_paymentmethod_project_idx` (`project_id`),
  CONSTRAINT `fk_paymentmethod_project` FOREIGN KEY (`project_id`) REFERENCES `tbl_project` (`id`) ON DELETE NO ACTION ON UPDATE NO ACTION
) ENGINE=InnoDB AUTO_INCREMENT=12 DEFAULT CHARSET=utf8mb4 COLLATE=utf8mb4_unicode_ci;
/*!40101 SET character_set_client = @saved_cs_client */;

--
-- Dumping data for table `tbl_payment_method`
--

LOCK TABLES `tbl_payment_method` WRITE;
/*!40000 ALTER TABLE `tbl_payment_method` DISABLE KEYS */;
INSERT INTO `tbl_payment_method` VALUES (1,3,1,'a',5,5,5,13,13,'2023-11-02 07:16:59','2024-03-22 07:57:26'),(2,3,1,'a',1,1,1,13,13,'2023-11-02 07:58:15','2024-03-18 16:08:31'),(3,13,3,'',0,0,0,13,13,'2024-01-22 08:25:00','2024-03-22 07:57:30'),(5,27,10,'test',0.1,0.1,1,46,46,'2024-04-09 09:34:50','2024-04-09 09:34:50'),(6,27,13,'option 1',0.1,0.1,0.2,46,46,'2024-04-09 09:43:13','2024-04-09 09:43:13'),(7,27,16,'option 2 - 1',0,0.1,0.2,46,46,'2024-04-09 09:48:03','2024-04-09 09:54:21'),(8,27,21,'option 2 - 2',0,0.1,0.2,46,46,'2024-04-09 09:55:06','2024-04-09 09:55:06'),(9,27,4,'option 3',0,0.1,0.2,46,46,'2024-04-09 10:01:43','2024-04-09 10:01:43'),(10,27,16,'option 4 - 1',0,0.1,0.2,46,46,'2024-04-09 10:04:51','2024-04-09 10:04:51'),(11,27,21,'option 4 - 2',0,0.1,0.2,46,46,'2024-04-09 10:05:27','2024-04-09 10:05:27');
/*!40000 ALTER TABLE `tbl_payment_method` ENABLE KEYS */;
UNLOCK TABLES;

--
-- Table structure for table `tbl_payment_method_process`
--

DROP TABLE IF EXISTS `tbl_payment_method_process`;
/*!40101 SET @saved_cs_client     = @@character_set_client */;
/*!50503 SET character_set_client = utf8mb4 */;
CREATE TABLE `tbl_payment_method_process` (
  `id` bigint(20) NOT NULL AUTO_INCREMENT,
  `payment_method_id` bigint(20) NOT NULL,
  `payment_time_example` tinyint(4) NOT NULL,
  `flag_time` int(11) DEFAULT NULL,
  `include_vat` enum('true','false') NOT NULL,
  `total_percent_payment` float NOT NULL,
  `desc` varchar(256) DEFAULT NULL,
  `created_by` bigint(20) NOT NULL,
  `updated_by` bigint(20) NOT NULL,
  `created_at` datetime NOT NULL,
  `updated_at` datetime NOT NULL,
  `deleted` enum('true','false') NOT NULL DEFAULT 'false',
  PRIMARY KEY (`id`),
  KEY `fk_paymentmethodprocess_paymentmethod_idx` (`payment_method_id`),
  CONSTRAINT `fk_paymentmethodprocess_paymentmethod` FOREIGN KEY (`payment_method_id`) REFERENCES `tbl_payment_method` (`id`) ON DELETE NO ACTION ON UPDATE NO ACTION
) ENGINE=InnoDB AUTO_INCREMENT=98 DEFAULT CHARSET=utf8mb4 COLLATE=utf8mb4_unicode_ci;
/*!40101 SET character_set_client = @saved_cs_client */;

--
-- Dumping data for table `tbl_payment_method_process`
--

LOCK TABLES `tbl_payment_method_process` WRITE;
/*!40000 ALTER TABLE `tbl_payment_method_process` DISABLE KEYS */;
INSERT INTO `tbl_payment_method_process` VALUES (1,2,6,20,'',0,NULL,13,13,'2023-11-02 08:30:20','2024-03-18 18:11:45','false'),(2,2,11,20,'',0,NULL,13,13,'2023-11-02 08:31:05','2024-03-19 06:08:45','false'),(3,2,77,20,'',0,NULL,13,13,'2023-11-02 08:47:39','2024-03-18 18:11:26','false'),(5,5,1,20,'true',100,NULL,46,46,'2024-04-09 10:53:44','2024-04-09 10:53:44','false'),(6,6,1,15,'true',10,NULL,46,46,'2024-04-09 11:03:25','2024-04-09 11:03:25','false'),(7,6,2,122,'true',5,NULL,46,46,'2024-04-09 11:09:19','2024-04-09 11:09:19','false'),(8,6,3,183,'true',3,NULL,46,46,'2024-04-10 03:18:48','2024-04-10 03:18:48','false'),(9,6,4,243,'true',4,NULL,46,46,'2024-04-10 03:19:06','2024-04-10 03:19:06','false'),(10,6,5,304,'true',4,NULL,46,46,'2024-04-10 03:20:07','2024-04-10 03:20:07','false'),(11,6,6,365,'true',4,NULL,46,46,'2024-04-10 03:20:32','2024-04-10 03:20:32','false'),(12,6,7,427,'true',4,NULL,46,46,'2024-04-10 03:22:26','2024-04-10 03:22:26','false'),(13,6,8,488,'true',4,NULL,46,46,'2024-04-10 03:22:49','2024-04-10 03:22:49','false'),(14,6,9,549,'true',4,NULL,46,46,'2024-04-10 03:23:12','2024-04-10 03:23:12','false'),(15,6,10,608,'true',4,NULL,46,46,'2024-04-10 03:23:31','2024-04-10 03:23:31','false'),(16,6,11,669,'true',4,NULL,46,46,'2024-04-10 03:45:47','2024-04-10 03:45:47','false'),(17,6,12,730,'true',45,'Thng bo bn giao ca ch u t',46,46,'2024-04-10 03:46:51','2024-04-10 04:25:44','false'),(18,6,13,0,'',5,'C giy chng nhn s hu',46,46,'2024-04-10 03:47:45','2024-04-10 04:24:15','false'),(19,7,1,15,'true',10,NULL,46,46,'2024-04-10 04:00:11','2024-04-10 04:00:11','false'),(20,7,2,122,'true',5,NULL,46,46,'2024-04-10 04:46:56','2024-04-10 04:46:56','false'),(21,7,3,183,'true',2,NULL,46,46,'2024-04-10 04:47:25','2024-04-10 04:47:25','false'),(22,7,4,243,'true',2,NULL,46,46,'2024-04-10 05:05:58','2024-04-10 05:05:58','false'),(23,7,5,304,'true',2,NULL,46,46,'2024-04-10 05:06:34','2024-04-10 05:06:34','false'),(24,7,6,365,'true',2,NULL,46,46,'2024-04-10 05:06:52','2024-04-10 05:06:52','false'),(25,7,7,427,'true',3,NULL,46,46,'2024-04-10 05:07:56','2024-04-10 05:07:56','false'),(26,7,8,488,'true',3,NULL,46,46,'2024-04-10 05:10:12','2024-04-10 05:10:12','false'),(27,7,9,549,'true',3,NULL,46,46,'2024-04-10 05:10:46','2024-04-10 05:10:46','false'),(28,7,10,608,'true',3,NULL,46,46,'2024-04-10 05:11:18','2024-04-10 05:11:18','false'),(29,7,11,669,'true',3,NULL,46,46,'2024-04-10 05:12:53','2024-04-10 05:12:53','false'),(30,7,12,730,'true',4,NULL,46,46,'2024-04-10 05:14:02','2024-04-10 05:14:02','false'),(31,7,13,792,'true',4,NULL,46,46,'2024-04-10 05:24:34','2024-04-10 05:24:34','false'),(32,7,14,853,'true',4,NULL,46,46,'2024-04-10 05:26:35','2024-04-10 05:26:35','false'),(33,7,15,973,'true',45,'Thng bo bn giao ca ch u t',46,46,'2024-04-10 05:31:37','2024-04-10 05:32:07','false'),(34,7,16,0,'',5,'C giy chng nhn s hu',46,46,'2024-04-10 05:35:11','2024-04-10 05:35:11','false'),(35,8,1,15,'true',10,NULL,46,46,'2024-04-10 05:53:46','2024-04-10 05:53:46','false'),(36,8,2,122,'true',5,NULL,46,46,'2024-04-10 05:54:22','2024-04-10 05:54:22','false'),(37,8,3,183,'true',2,NULL,46,46,'2024-04-10 05:55:54','2024-04-10 05:55:54','false'),(38,8,4,243,'true',2,NULL,46,46,'2024-04-10 05:56:31','2024-04-10 05:56:31','false'),(39,8,5,304,'true',2,NULL,46,46,'2024-04-10 05:57:41','2024-04-10 05:57:41','false'),(40,8,6,356,'true',2,NULL,46,46,'2024-04-10 05:57:58','2024-04-10 05:57:58','false'),(41,8,7,427,'true',2,NULL,46,46,'2024-04-10 06:01:46','2024-04-10 06:01:46','false'),(42,8,8,488,'true',2,NULL,46,46,'2024-04-10 06:02:01','2024-04-10 06:02:01','false'),(43,8,9,549,'true',2,NULL,46,46,'2024-04-10 06:02:10','2024-04-10 06:05:39','false'),(44,8,10,608,'true',2,NULL,46,46,'2024-04-10 06:02:27','2024-04-10 06:06:35','false'),(45,8,11,669,'true',2,NULL,46,46,'2024-04-10 06:07:22','2024-04-10 06:07:22','false'),(46,8,12,730,'true',2,NULL,46,46,'2024-04-10 06:07:39','2024-04-10 06:07:39','false'),(47,8,13,792,'true',2,NULL,46,46,'2024-04-10 06:07:49','2024-04-10 06:07:49','false'),(48,8,14,853,'true',2,NULL,46,46,'2024-04-10 06:08:02','2024-04-10 06:08:02','false'),(49,8,15,914,'true',2,NULL,46,46,'2024-04-10 06:08:17','2024-04-10 07:57:40','false'),(50,8,16,973,'true',2,NULL,46,46,'2024-04-10 08:01:25','2024-04-10 08:01:25','false'),(51,8,17,1034,'true',2,NULL,46,46,'2024-04-10 08:05:52','2024-04-10 08:06:19','false'),(52,8,18,1095,'true',2,NULL,46,46,'2024-04-10 08:08:17','2024-04-10 08:08:17','false'),(53,8,19,1218,'true',3,NULL,46,46,'2024-04-10 08:11:13','2024-04-10 08:11:13','false'),(54,8,20,1338,'true',45,'Thng bo bn giao ca ch u t',46,46,'2024-04-10 08:19:57','2024-04-10 08:19:57','false'),(55,8,21,0,'',5,'C giy chng nhn s hu',46,46,'2024-04-10 08:20:41','2024-04-10 08:20:41','false'),(56,9,1,15,'true',10,NULL,46,46,'2024-04-10 08:29:52','2024-04-10 08:29:52','false'),(57,9,2,122,'true',5,NULL,46,46,'2024-04-10 08:46:17','2024-04-10 08:46:17','false'),(58,9,3,488,'true',10,'Thng bo bn giao ca ch u t',46,46,'2024-04-10 09:15:40','2024-04-10 09:15:40','false'),(59,9,4,0,'',5,'C giy chng nhn s hu',46,46,'2024-04-10 09:18:58','2024-04-10 09:18:58','false'),(60,10,1,15,'true',10,NULL,46,46,'2024-04-10 04:00:11','2024-04-10 04:00:11','false'),(61,10,2,122,'true',5,NULL,46,46,'2024-04-10 04:46:56','2024-04-10 04:46:56','false'),(62,10,3,183,'true',2,NULL,46,46,'2024-04-10 04:47:25','2024-04-10 04:47:25','false'),(63,10,4,243,'true',2,NULL,46,46,'2024-04-10 05:05:58','2024-04-10 05:05:58','false'),(64,10,5,304,'true',2,NULL,46,46,'2024-04-10 05:06:34','2024-04-10 05:06:34','false'),(65,10,6,365,'true',2,NULL,46,46,'2024-04-10 05:06:52','2024-04-10 05:06:52','false'),(66,10,7,427,'true',3,NULL,46,46,'2024-04-10 05:07:56','2024-04-10 05:07:56','false'),(67,10,8,488,'true',3,NULL,46,46,'2024-04-10 05:10:12','2024-04-10 05:10:12','false'),(68,10,9,549,'true',3,NULL,46,46,'2024-04-10 05:10:46','2024-04-10 05:10:46','false'),(69,10,10,608,'true',3,NULL,46,46,'2024-04-10 05:11:18','2024-04-10 05:11:18','false'),(70,10,11,669,'true',3,NULL,46,46,'2024-04-10 05:12:53','2024-04-10 05:12:53','false'),(71,10,12,730,'true',4,NULL,46,46,'2024-04-10 05:14:02','2024-04-10 05:14:02','false'),(72,10,13,792,'true',4,NULL,46,46,'2024-04-10 05:24:34','2024-04-10 05:24:34','false'),(73,10,14,853,'true',4,NULL,46,46,'2024-04-10 05:26:35','2024-04-10 05:26:35','false'),(74,10,15,973,'true',0,'Thng bo bn giao ca ch u t',46,46,'2024-04-10 05:31:37','2024-04-10 05:32:07','false'),(75,10,16,0,'',5,'C giy chng nhn s hu',46,46,'2024-04-10 05:35:11','2024-04-10 05:35:11','false'),(76,11,1,15,'true',10,NULL,46,46,'2024-04-10 05:53:46','2024-04-10 05:53:46','false'),(77,11,2,122,'true',5,NULL,46,46,'2024-04-10 05:54:22','2024-04-10 05:54:22','false'),(78,11,3,183,'true',2,NULL,46,46,'2024-04-10 05:55:54','2024-04-10 05:55:54','false'),(79,11,4,243,'true',2,NULL,46,46,'2024-04-10 05:56:31','2024-04-10 05:56:31','false'),(80,11,5,304,'true',2,NULL,46,46,'2024-04-10 05:57:41','2024-04-10 05:57:41','false'),(81,11,6,356,'true',2,NULL,46,46,'2024-04-10 05:57:58','2024-04-10 05:57:58','false'),(82,11,7,427,'true',2,NULL,46,46,'2024-04-10 06:01:46','2024-04-10 06:01:46','false'),(83,11,8,488,'true',2,NULL,46,46,'2024-04-10 06:02:01','2024-04-10 06:02:01','false'),(84,11,9,549,'true',2,NULL,46,46,'2024-04-10 06:02:10','2024-04-10 06:05:39','false'),(85,11,10,608,'true',2,NULL,46,46,'2024-04-10 06:02:27','2024-04-10 06:06:35','false'),(86,11,11,669,'true',2,NULL,46,46,'2024-04-10 06:07:22','2024-04-10 06:07:22','false'),(87,11,12,730,'true',2,NULL,46,46,'2024-04-10 06:07:39','2024-04-10 06:07:39','false'),(88,11,13,792,'true',2,NULL,46,46,'2024-04-10 06:07:49','2024-04-10 06:07:49','false'),(89,11,14,853,'true',2,NULL,46,46,'2024-04-10 06:08:02','2024-04-10 06:08:02','false'),(90,11,15,914,'true',2,NULL,46,46,'2024-04-10 06:08:17','2024-04-10 07:57:40','false'),(91,11,16,973,'true',2,NULL,46,46,'2024-04-10 08:01:25','2024-04-10 08:01:25','false'),(92,11,17,1034,'true',2,NULL,46,46,'2024-04-10 08:05:52','2024-04-10 08:06:19','false'),(93,11,18,1095,'true',2,NULL,46,46,'2024-04-10 08:08:17','2024-04-10 08:08:17','false'),(94,11,19,1218,'true',3,NULL,46,46,'2024-04-10 08:11:13','2024-04-10 08:11:13','false'),(95,11,20,1338,'true',0,'Thng bo bn giao ca ch u t',46,46,'2024-04-10 08:19:57','2024-04-10 08:19:57','false'),(96,11,21,0,'',5,'C giy chng nhn s hu',46,46,'2024-04-10 08:20:41','2024-04-10 08:20:41','false');
/*!40000 ALTER TABLE `tbl_payment_method_process` ENABLE KEYS */;
UNLOCK TABLES;

--
-- Table structure for table `tbl_profile`
--

DROP TABLE IF EXISTS `tbl_profile`;
/*!40101 SET @saved_cs_client     = @@character_set_client */;
/*!50503 SET character_set_client = utf8mb4 */;
CREATE TABLE `tbl_profile` (
  `id` bigint(20) NOT NULL AUTO_INCREMENT,
  `account_id` bigint(20) NOT NULL,
  `address` varchar(256) NOT NULL,
  `role_job` enum('sale','orthers') NOT NULL,
  `position_job` enum('manager','leader','staff') NOT NULL,
  `experience_year` int(11) NOT NULL,
  `previous_position` varchar(256) DEFAULT NULL,
  `working_time` int(11) NOT NULL,
  `salary` float NOT NULL,
  `created_by` bigint(20) NOT NULL,
  `updated_by` bigint(20) NOT NULL,
  `created_at` datetime NOT NULL,
  `updated_at` datetime NOT NULL,
  `deleted` enum('true','false') NOT NULL,
  `img` varchar(255) NOT NULL DEFAULT 'https://avatars.githubusercontent.com/u/6?v=4',
  PRIMARY KEY (`id`),
  KEY `fk_profile_account_idx` (`account_id`),
  CONSTRAINT `fk_profile_account` FOREIGN KEY (`account_id`) REFERENCES `tbl_account` (`id`)
) ENGINE=InnoDB AUTO_INCREMENT=6 DEFAULT CHARSET=utf8mb3 COLLATE=utf8mb3_bin;
/*!40101 SET character_set_client = @saved_cs_client */;

--
-- Dumping data for table `tbl_profile`
--

LOCK TABLES `tbl_profile` WRITE;
/*!40000 ALTER TABLE `tbl_profile` DISABLE KEYS */;
INSERT INTO `tbl_profile` VALUES (2,13,'b','sale','staff',0,'a',1,0,13,13,'2023-08-10 04:23:18','2023-08-15 21:19:40','true','https://avatars.githubusercontent.com/u/6?v=4'),(4,13,'','sale','staff',0,'a',1,0,13,13,'2023-08-11 11:40:32','2023-08-11 11:40:32','false','https://avatars.githubusercontent.com/u/6?v=4'),(5,13,'a','sale','staff',0,'a',1,0,13,13,'2023-12-21 05:40:14','2023-12-21 05:40:14','false','https://avatars.githubusercontent.com/u/6?v=4');
/*!40000 ALTER TABLE `tbl_profile` ENABLE KEYS */;
UNLOCK TABLES;

--
-- Table structure for table `tbl_profile_project`
--

DROP TABLE IF EXISTS `tbl_profile_project`;
/*!40101 SET @saved_cs_client     = @@character_set_client */;
/*!50503 SET character_set_client = utf8mb4 */;
CREATE TABLE `tbl_profile_project` (
  `project_id` bigint(20) NOT NULL,
  `profile_id` bigint(20) NOT NULL,
  `created_by` bigint(20) NOT NULL,
  `updated_by` bigint(20) NOT NULL,
  `created_at` datetime NOT NULL,
  `updated_at` datetime NOT NULL,
  `deleted` enum('true','false') NOT NULL,
  PRIMARY KEY (`project_id`,`profile_id`),
  KEY `fk_profileandproject_profile_idx` (`profile_id`),
  CONSTRAINT `fk_profileandproject_profile` FOREIGN KEY (`profile_id`) REFERENCES `tbl_profile` (`id`),
  CONSTRAINT `fk_profileandproject_project` FOREIGN KEY (`project_id`) REFERENCES `tbl_project` (`id`)
) ENGINE=InnoDB DEFAULT CHARSET=utf8mb3 COLLATE=utf8mb3_bin;
/*!40101 SET character_set_client = @saved_cs_client */;

--
-- Dumping data for table `tbl_profile_project`
--

LOCK TABLES `tbl_profile_project` WRITE;
/*!40000 ALTER TABLE `tbl_profile_project` DISABLE KEYS */;
INSERT INTO `tbl_profile_project` VALUES (1,2,13,13,'2023-08-10 05:23:10','2023-08-10 05:23:10','true'),(15,4,13,13,'2023-08-11 11:41:00','2023-08-11 11:41:00','false'),(24,5,13,13,'2023-12-21 05:44:32','2023-12-21 05:44:32','false');
/*!40000 ALTER TABLE `tbl_profile_project` ENABLE KEYS */;
UNLOCK TABLES;

--
-- Table structure for table `tbl_project`
--

DROP TABLE IF EXISTS `tbl_project`;
/*!40101 SET @saved_cs_client     = @@character_set_client */;
/*!50503 SET character_set_client = utf8mb4 */;
CREATE TABLE `tbl_project` (
  `id` bigint(20) NOT NULL AUTO_INCREMENT,
  `name` varchar(128) NOT NULL,
  `address` varchar(256) NOT NULL,
  `phone` varchar(12) NOT NULL,
  `email` varchar(64) NOT NULL,
  `open_at` datetime NOT NULL,
  `activated` enum('true','false') NOT NULL,
  `project_progress` tinyint(4) DEFAULT 0,
  `desc` varchar(256) DEFAULT NULL,
  `started_day` datetime NOT NULL,
  `created_by` bigint(20) NOT NULL,
  `updated_by` bigint(20) NOT NULL,
  `created_at` datetime NOT NULL,
  `updated_at` datetime NOT NULL,
  `deleted` enum('true','false') NOT NULL,
  `status` enum('working','done') NOT NULL DEFAULT 'working',
  `budget` bigint(20) NOT NULL DEFAULT 1000,
  `img` varchar(255) NOT NULL DEFAULT 'https://avatars.githubusercontent.com/u/6?v=4',
  `type` enum('high','land','both') NOT NULL DEFAULT 'high',
  `planning` varchar(255) NOT NULL,
  PRIMARY KEY (`id`)
) ENGINE=InnoDB AUTO_INCREMENT=33 DEFAULT CHARSET=utf8mb3 COLLATE=utf8mb3_bin;
/*!40101 SET character_set_client = @saved_cs_client */;

--
-- Dumping data for table `tbl_project`
--

LOCK TABLES `tbl_project` WRITE;
/*!40000 ALTER TABLE `tbl_project` DISABLE KEYS */;
INSERT INTO `tbl_project` VALUES (1,'abcd','abcd','098765443321','abc@gmail.com','2023-08-05 07:59:23','true',20,NULL,'2023-08-05 07:59:23',13,13,'2023-08-05 07:59:23','2023-08-05 07:59:23','true','working',1000,'https://avatars.githubusercontent.com/u/6?v=4','high',''),(12,'abcd','abcd','098765443321','abc@gmail.com','2023-08-05 08:29:28','true',20,NULL,'2023-08-05 08:29:28',13,13,'2023-08-05 08:29:28','2023-08-05 08:29:28','true','working',1000,'https://avatars.githubusercontent.com/u/6?v=4','high',''),(13,'abcd','abcd','098765443321','abc@gmail.com','2023-08-05 08:30:22','true',20,NULL,'2023-08-05 08:30:22',13,13,'2023-08-05 08:30:22','2023-08-05 08:30:22','true','working',1000,'https://avatars.githubusercontent.com/u/6?v=4','high',''),(15,'abcd','abcd','098765443321','abc@gmail.com','2023-08-05 08:31:23','true',21,NULL,'2023-08-05 08:31:23',13,13,'2023-08-05 08:31:23','2023-08-16 10:46:07','true','working',1000,'https://avatars.githubusercontent.com/u/6?v=4','high',''),(17,'abcd','abcd','098765443321','abc@gmail.com','2023-11-24 04:19:07','true',20,NULL,'2023-11-24 04:19:07',13,13,'2023-11-24 04:19:07','2023-11-24 04:19:07','false','working',1000,'https://avatars.githubusercontent.com/u/6?v=4','high',''),(18,'abcd','abcd','098765443321','abc@gmail.com','2023-12-15 05:55:59','true',20,NULL,'2023-12-15 05:55:59',13,13,'2023-12-15 05:55:59','2023-12-15 05:55:59','false','working',1000,'https://avatars.githubusercontent.com/u/6?v=4','high',''),(19,'abcd','abcd','098765443321','abc@gmail.com','2023-12-15 05:56:04','true',20,NULL,'2023-12-15 05:56:04',13,13,'2023-12-15 05:56:04','2023-12-15 05:56:04','false','working',1000,'https://avatars.githubusercontent.com/u/6?v=4','high',''),(20,'abcd','abcd','098765443321','abc@gmail.com','2023-12-15 05:56:05','true',20,NULL,'2023-12-15 05:56:05',13,13,'2023-12-15 05:56:05','2023-12-15 05:56:05','false','working',1000,'https://avatars.githubusercontent.com/u/6?v=4','high',''),(22,'abcd','abcd','098765443321','abc@gmail.com','2023-12-15 06:03:36','true',20,NULL,'2023-12-15 06:03:36',13,13,'2023-12-15 06:03:36','2023-12-15 06:03:36','false','working',1000,'https://avatars.githubusercontent.com/u/6?v=4','high',''),(23,'abcd','abcd','098765443321','abc@gmail.com','2023-12-15 06:06:36','true',50,NULL,'2023-12-15 06:06:36',13,13,'2023-12-15 06:06:36','2024-04-13 15:50:09','false','working',1000,'https://avatars.githubusercontent.com/u/6?v=4','high',''),(24,'abcdeee','abcd','098765443321','abc@gmail.com','2023-12-21 05:43:16','true',0,NULL,'2023-12-21 05:43:16',13,13,'2023-12-21 05:43:16','2024-03-21 10:34:21','true','working',1000,'https://avatars.githubusercontent.com/u/6?v=4','high',''),(27,'glory height','Khu dn c v cng vin Phc Thin P.Long Bnh v PLong Thnh M, Q.9 , TP.HCM','0901838283','admin@vinhome.com.vn','2024-04-07 13:32:45','true',20,NULL,'2024-04-07 13:32:45',46,46,'2024-04-07 13:32:45','2024-04-07 13:51:58','false','working',1000,'https://avatars.githubusercontent.com/u/6?v=4','high',''),(29,'test project','Khu dn c v cng vin Phc Thin','0901838283','admin@vinhome.com.vn','2024-04-24 10:14:26','true',20,NULL,'2024-04-24 10:14:26',46,46,'2024-04-24 10:14:26','2024-04-24 10:14:26','false','working',1000,'https://avatars.githubusercontent.com/u/6?v=4','high',''),(30,'test project 2','Khu dn c v cng vin Phc Thin','0901838283','admin@vinhome.com.vn','2024-04-24 11:04:10','true',20,NULL,'2024-04-24 11:04:10',46,46,'2024-04-24 11:04:10','2024-04-24 11:04:10','false','working',1000,'https://avatars.githubusercontent.com/u/6?v=4','high',''),(31,'Manhattan glory','RRPV+945, . Nguyn Xin, Long Bnh, Qun 9, Thnh ph H Ch Minh','0901838283','admin@vinhome.com.vn','2024-05-15 13:27:08','true',20,NULL,'2024-05-15 13:27:08',46,46,'2024-05-15 13:27:08','2024-05-15 13:27:08','false','done',100000,'https://avatars.githubusercontent.com/u/6?v=4','high',''),(32,'Manhattan glory testing','RRPV+945, . Nguyn Xin, Long Bnh, Qun 9, Thnh ph H Ch Minh','0901838283','admin@vinhome.com.vn','2024-05-15 13:27:52','true',20,NULL,'2024-05-15 13:27:52',46,46,'2024-05-15 13:27:52','2024-05-15 13:27:52','false','done',100000,'https://avatars.githubusercontent.com/u/6?v=4','high','');
/*!40000 ALTER TABLE `tbl_project` ENABLE KEYS */;
UNLOCK TABLES;

--
-- Table structure for table `tbl_whiteboard`
--

DROP TABLE IF EXISTS `tbl_whiteboard`;
/*!40101 SET @saved_cs_client     = @@character_set_client */;
/*!50503 SET character_set_client = utf8mb4 */;
CREATE TABLE `tbl_whiteboard` (
  `id` bigint(20) NOT NULL AUTO_INCREMENT,
  `title` varchar(256) NOT NULL,
  `content` varchar(4068) NOT NULL,
  `keyword` varchar(256) DEFAULT NULL,
  `public` tinyint(1) NOT NULL DEFAULT 0,
  `project_id` bigint(20) NOT NULL,
  `priority` enum('high','normal','low') NOT NULL DEFAULT 'low',
  `created_by` bigint(20) NOT NULL,
  `updated_by` bigint(20) NOT NULL,
  `created_at` datetime NOT NULL,
  `updated_at` datetime NOT NULL,
  `deleted` enum('true','false') NOT NULL,
  PRIMARY KEY (`id`),
  KEY `fk_whiteboard_project_idx` (`project_id`),
  CONSTRAINT `fk_whiteboard_project` FOREIGN KEY (`project_id`) REFERENCES `tbl_project` (`id`)
) ENGINE=InnoDB AUTO_INCREMENT=4 DEFAULT CHARSET=utf8mb3 COLLATE=utf8mb3_bin;
/*!40101 SET character_set_client = @saved_cs_client */;

--
-- Dumping data for table `tbl_whiteboard`
--

LOCK TABLES `tbl_whiteboard` WRITE;
/*!40000 ALTER TABLE `tbl_whiteboard` DISABLE KEYS */;
INSERT INTO `tbl_whiteboard` VALUES (2,'b','a','a',0,1,'low',13,13,'2023-08-09 10:25:43','2023-08-15 18:19:54','true');
/*!40000 ALTER TABLE `tbl_whiteboard` ENABLE KEYS */;
UNLOCK TABLES;

--
-- Table structure for table `tbl_zone`
--

DROP TABLE IF EXISTS `tbl_zone`;
/*!40101 SET @saved_cs_client     = @@character_set_client */;
/*!50503 SET character_set_client = utf8mb4 */;
CREATE TABLE `tbl_zone` (
  `id` bigint(20) NOT NULL AUTO_INCREMENT,
  `project_id` bigint(20) NOT NULL,
  `name` varchar(128) NOT NULL,
  `desc` varchar(256) DEFAULT NULL,
  `construction_area` float NOT NULL,
  `total_area` float NOT NULL,
  `number_of_block` tinyint(4) NOT NULL,
  `number_of_unit_land` tinyint(4) NOT NULL,
  `progress` tinyint(4) DEFAULT NULL,
  `started_day` datetime NOT NULL,
  `created_by` bigint(20) NOT NULL,
  `updated_by` bigint(20) NOT NULL,
  `created_at` datetime NOT NULL,
  `updated_at` datetime NOT NULL,
  `deleted` enum('true','false') NOT NULL,
  PRIMARY KEY (`id`),
  KEY `fk_zone_project_idx` (`project_id`),
  CONSTRAINT `fk_zone_project` FOREIGN KEY (`project_id`) REFERENCES `tbl_project` (`id`)
) ENGINE=InnoDB AUTO_INCREMENT=55 DEFAULT CHARSET=utf8mb3 COLLATE=utf8mb3_bin;
/*!40101 SET character_set_client = @saved_cs_client */;

--
-- Dumping data for table `tbl_zone`
--

LOCK TABLES `tbl_zone` WRITE;
/*!40000 ALTER TABLE `tbl_zone` DISABLE KEYS */;
INSERT INTO `tbl_zone` VALUES (41,1,'abc','',1,1,0,0,1,'2024-03-22 14:28:53',46,46,'2024-03-22 14:28:53','2024-03-26 06:51:14','false'),(42,17,'glory height zone','high area',1,1,5,0,5,'2024-04-07 13:43:47',46,46,'2024-04-07 13:43:47','2024-04-07 13:43:47','false'),(43,27,'glory height zone','high area',1,1,5,0,5,'2024-04-07 13:45:15',46,46,'2024-04-07 13:45:15','2024-05-04 19:46:36','true'),(44,29,'test zone 1','this is test zone 1',1,1,2,0,1,'2024-04-24 10:19:03',46,46,'2024-04-24 10:19:03','2024-04-24 10:19:03','false'),(45,30,'test zone 1','this is test zone 1',1,1,2,0,1,'2024-04-24 11:08:14',46,46,'2024-04-24 11:08:14','2024-04-24 11:10:25','true'),(46,30,'test zone 1','this is test zone 1',1,1,2,0,5,'2024-04-29 03:12:13',46,46,'2024-04-29 03:12:13','2024-05-10 12:15:10','true'),(47,30,'test zone 1','this is test zone 1',1,1,2,0,1,'2024-05-11 02:05:53',46,46,'2024-05-11 02:05:53','2024-05-11 02:05:53','false'),(48,30,'test zone 3','this is test zone 1',1,1,2,0,1,'2024-05-11 02:30:53',46,46,'2024-05-11 02:30:53','2024-05-11 02:30:53','false'),(49,30,'test zone 3','this is test zone 1',1,1,2,0,1,'2024-05-11 02:31:43',46,46,'2024-05-11 02:31:43','2024-05-11 02:31:43','false'),(50,29,'test zone 22','oke oke oke 10',4,2,3,2,80,'2024-05-12 17:00:00',46,46,'2024-05-11 02:36:57','2024-05-11 04:25:39','false'),(51,31,'The manhattan glory zone','land area',30,48,0,127,100,'2024-05-15 13:46:09',46,46,'2024-05-15 13:46:09','2024-05-15 13:48:24','false'),(52,32,'The manhattan glory testing zone','land area',30,48,0,127,100,'2024-05-15 13:49:05',46,46,'2024-05-15 13:49:05','2024-05-15 13:49:05','false'),(53,27,'glory height testing zone','high area',1,1,5,0,100,'2024-05-17 06:07:21',46,46,'2024-05-17 06:07:21','2024-05-17 06:16:05','false'),(54,27,'glory height testing zone 23','testing zone',1,1,5,0,52,'2024-05-17 06:30:50',46,46,'2024-05-17 06:30:50','2024-05-17 06:31:35','false');
/*!40000 ALTER TABLE `tbl_zone` ENABLE KEYS */;
UNLOCK TABLES;

--
-- Dumping events for database 'u289965850_apartments'
--

--
-- Dumping routines for database 'u289965850_apartments'
--
/*!50003 DROP FUNCTION IF EXISTS `SumAmountOfAccount` */;
/*!50003 SET @saved_cs_client      = @@character_set_client */ ;
/*!50003 SET @saved_cs_results     = @@character_set_results */ ;
/*!50003 SET @saved_col_connection = @@collation_connection */ ;
/*!50003 SET character_set_client  = utf8mb4 */ ;
/*!50003 SET character_set_results = utf8mb4 */ ;
/*!50003 SET collation_connection  = utf8mb4_general_ci */ ;
/*!50003 SET @saved_sql_mode       = @@sql_mode */ ;
/*!50003 SET sql_mode              = 'NO_AUTO_CREATE_USER,NO_ENGINE_SUBSTITUTION' */ ;
DELIMITER ;;
CREATE DEFINER=`u289965850_apartments`@`%` FUNCTION `SumAmountOfAccount`() RETURNS int(11)
BEGIN
  DECLARE totalAccount INT;

  -- Tnh tng s dng d liu
  SELECT COUNT(*) INTO totalAccount FROM tbl_account;

  -- Tr v gi tr
  RETURN totalAccount;
END ;;
DELIMITER ;
/*!50003 SET sql_mode              = @saved_sql_mode */ ;
/*!50003 SET character_set_client  = @saved_cs_client */ ;
/*!50003 SET character_set_results = @saved_cs_results */ ;
/*!50003 SET collation_connection  = @saved_col_connection */ ;
/*!50003 DROP FUNCTION IF EXISTS `SumAmountOfBooking` */;
/*!50003 SET @saved_cs_client      = @@character_set_client */ ;
/*!50003 SET @saved_cs_results     = @@character_set_results */ ;
/*!50003 SET @saved_col_connection = @@collation_connection */ ;
/*!50003 SET character_set_client  = utf8mb4 */ ;
/*!50003 SET character_set_results = utf8mb4 */ ;
/*!50003 SET collation_connection  = utf8mb4_general_ci */ ;
/*!50003 SET @saved_sql_mode       = @@sql_mode */ ;
/*!50003 SET sql_mode              = 'NO_AUTO_CREATE_USER,NO_ENGINE_SUBSTITUTION' */ ;
DELIMITER ;;
CREATE DEFINER=`u289965850_apartments`@`%` FUNCTION `SumAmountOfBooking`() RETURNS int(11)
BEGIN
  DECLARE totalBooking INT;

  -- Tnh tng booking_fee cho tbl_high_booking
  SELECT COUNT(*) INTO totalBooking FROM tbl_high_booking;

  -- Cng vo tng booking_fee cho tbl_land_booking
  SELECT totalBooking + COUNT(*) INTO totalBooking FROM tbl_land_booking;

  -- Tr v gi tr
  RETURN totalBooking;
END ;;
DELIMITER ;
/*!50003 SET sql_mode              = @saved_sql_mode */ ;
/*!50003 SET character_set_client  = @saved_cs_client */ ;
/*!50003 SET character_set_results = @saved_cs_results */ ;
/*!50003 SET collation_connection  = @saved_col_connection */ ;
/*!50003 DROP FUNCTION IF EXISTS `SumAmountOfMoney` */;
/*!50003 SET @saved_cs_client      = @@character_set_client */ ;
/*!50003 SET @saved_cs_results     = @@character_set_results */ ;
/*!50003 SET @saved_col_connection = @@collation_connection */ ;
/*!50003 SET character_set_client  = utf8mb4 */ ;
/*!50003 SET character_set_results = utf8mb4 */ ;
/*!50003 SET collation_connection  = utf8mb4_general_ci */ ;
/*!50003 SET @saved_sql_mode       = @@sql_mode */ ;
/*!50003 SET sql_mode              = 'NO_AUTO_CREATE_USER,NO_ENGINE_SUBSTITUTION' */ ;
DELIMITER ;;
CREATE DEFINER=`u289965850_apartments`@`%` FUNCTION `SumAmountOfMoney`() RETURNS double
BEGIN
  DECLARE totalAmountOfMoney DOUBLE;

  -- Tnh tng gi tr ca thuc tnh `amount_of_money` t tbl_land_payment_process
  SELECT SUM(amount_of_money) INTO totalAmountOfMoney FROM tbl_land_payment_process;

  -- Tnh tng gi tr ca thuc tnh `amount_of_money` t tbl_high_payment_process v cng vo totalAmount
  SELECT totalAmountOfMoney + SUM(amount_of_money) INTO totalAmountOfMoney FROM tbl_high_payment_process;

  -- Tr v gi tr
  RETURN totalAmountOfMoney;
END ;;
DELIMITER ;
/*!50003 SET sql_mode              = @saved_sql_mode */ ;
/*!50003 SET character_set_client  = @saved_cs_client */ ;
/*!50003 SET character_set_results = @saved_cs_results */ ;
/*!50003 SET collation_connection  = @saved_col_connection */ ;
/*!50003 DROP FUNCTION IF EXISTS `SumAmountOfRoom` */;
/*!50003 SET @saved_cs_client      = @@character_set_client */ ;
/*!50003 SET @saved_cs_results     = @@character_set_results */ ;
/*!50003 SET @saved_col_connection = @@collation_connection */ ;
/*!50003 SET character_set_client  = utf8mb4 */ ;
/*!50003 SET character_set_results = utf8mb4 */ ;
/*!50003 SET collation_connection  = utf8mb4_general_ci */ ;
/*!50003 SET @saved_sql_mode       = @@sql_mode */ ;
/*!50003 SET sql_mode              = 'NO_AUTO_CREATE_USER,NO_ENGINE_SUBSTITUTION' */ ;
DELIMITER ;;
CREATE DEFINER=`u289965850_apartments`@`%` FUNCTION `SumAmountOfRoom`() RETURNS int(11)
BEGIN
  DECLARE totalRoom INT;

  -- Tnh tng s lng dng t tbl_land_area
  SELECT COUNT(*) INTO totalRoom FROM tbl_land_area;

  -- Cng vo tng s lng dng t tbl_high_area
  SELECT totalRoom + COUNT(*) INTO totalRoom FROM tbl_high_area;

  -- Tr v gi tr
  RETURN totalRoom;
END ;;
DELIMITER ;
/*!50003 SET sql_mode              = @saved_sql_mode */ ;
/*!50003 SET character_set_client  = @saved_cs_client */ ;
/*!50003 SET character_set_results = @saved_cs_results */ ;
/*!50003 SET collation_connection  = @saved_col_connection */ ;
/*!50003 DROP PROCEDURE IF EXISTS `GetDashboardStatistics` */;
/*!50003 SET @saved_cs_client      = @@character_set_client */ ;
/*!50003 SET @saved_cs_results     = @@character_set_results */ ;
/*!50003 SET @saved_col_connection = @@collation_connection */ ;
/*!50003 SET character_set_client  = utf8mb4 */ ;
/*!50003 SET character_set_results = utf8mb4 */ ;
/*!50003 SET collation_connection  = utf8mb4_general_ci */ ;
/*!50003 SET @saved_sql_mode       = @@sql_mode */ ;
/*!50003 SET sql_mode              = 'NO_AUTO_CREATE_USER,NO_ENGINE_SUBSTITUTION' */ ;
DELIMITER ;;
CREATE DEFINER=`u289965850_apartments`@`%` PROCEDURE `GetDashboardStatistics`()
BEGIN
  DECLARE resultBooking INT;
  DECLARE resultRoom INT;
  DECLARE resultMoney DOUBLE;
  DECLARE resultAccount INT;

  -- Gi function SumAmountOfBooking v lu kt qu vo bin
  SELECT SumAmountOfBooking() INTO resultBooking;

  -- Gi function SumAmountOfRoom v lu kt qu vo bin
  SELECT SumAmountOfRoom() INTO resultRoom;

  -- Gi function SumAmountOfMoney v lu kt qu vo bin
  SELECT SumAmountOfMoney() INTO resultMoney;

  -- Gi function SumAmountOfAccount v lu kt qu vo bin
  SELECT SumAmountOfAccount() INTO resultAccount;

  -- In kt qu hoc tr v theo yu cu ca bn
  SELECT resultBooking, resultRoom, resultMoney, resultAccount;
END ;;
DELIMITER ;
/*!50003 SET sql_mode              = @saved_sql_mode */ ;
/*!50003 SET character_set_client  = @saved_cs_client */ ;
/*!50003 SET character_set_results = @saved_cs_results */ ;
/*!50003 SET collation_connection  = @saved_col_connection */ ;
/*!50003 DROP PROCEDURE IF EXISTS `SumAmountOfBooking` */;
/*!50003 SET @saved_cs_client      = @@character_set_client */ ;
/*!50003 SET @saved_cs_results     = @@character_set_results */ ;
/*!50003 SET @saved_col_connection = @@collation_connection */ ;
/*!50003 SET character_set_client  = utf8mb4 */ ;
/*!50003 SET character_set_results = utf8mb4 */ ;
/*!50003 SET collation_connection  = utf8mb4_general_ci */ ;
/*!50003 SET @saved_sql_mode       = @@sql_mode */ ;
/*!50003 SET sql_mode              = 'NO_AUTO_CREATE_USER,NO_ENGINE_SUBSTITUTION' */ ;
DELIMITER ;;
CREATE DEFINER=`u289965850_apartments`@`%` PROCEDURE `SumAmountOfBooking`()
BEGIN
  DECLARE totalBooking INT; -- t kch thc ph hp vi chiu di tn bng

  -- Tnh tng booking_fee cho tbl_high_booking
SELECT COUNT(*) INTO totalBooking FROM tbl_land_booking;

  -- Tnh tng booking_fee cho tbl_land_booking
SELECT totalBooking + COUNT(*) INTO totalBooking FROM tbl_high_booking;

SELECT totalBooking AS total_bookings;
END ;;
DELIMITER ;
/*!50003 SET sql_mode              = @saved_sql_mode */ ;
/*!50003 SET character_set_client  = @saved_cs_client */ ;
/*!50003 SET character_set_results = @saved_cs_results */ ;
/*!50003 SET collation_connection  = @saved_col_connection */ ;
/*!40103 SET TIME_ZONE=@OLD_TIME_ZONE */;

/*!40101 SET SQL_MODE=@OLD_SQL_MODE */;
/*!40014 SET FOREIGN_KEY_CHECKS=@OLD_FOREIGN_KEY_CHECKS */;
/*!40014 SET UNIQUE_CHECKS=@OLD_UNIQUE_CHECKS */;
/*!40101 SET CHARACTER_SET_CLIENT=@OLD_CHARACTER_SET_CLIENT */;
/*!40101 SET CHARACTER_SET_RESULTS=@OLD_CHARACTER_SET_RESULTS */;
/*!40101 SET COLLATION_CONNECTION=@OLD_COLLATION_CONNECTION */;
/*!40111 SET SQL_NOTES=@OLD_SQL_NOTES */;

-- Dump completed on 2024-05-20 15:20:26
