use kltn22222222;
-- MySQL dump 10.13  Distrib 8.0.30, for Win64 (x86_64)
--
-- Host: 217.21.74.51    Database: u289965850_apartments
-- ------------------------------------------------------
-- Server version	5.5.5-10.11.7-MariaDB-cll-lve


--
-- Table structure for table `tbl_account`
--

DROP TABLE IF EXISTS `tbl_account`;
/*!40101 SET @saved_cs_client     = @@character_set_client */;
/*!50503 SET character_set_client = utf8mb4 */;
CREATE TABLE `tbl_account` (
  `id` bigint(20) NOT NULL AUTO_INCREMENT,
  `social_id` varchar(256) DEFAULT NULL,
  `phone` varchar(12) NOT NULL,
  `login_name` varchar(64) NOT NULL,
  `password` varchar(64) NOT NULL,
  `first_name` varchar(64) NOT NULL,
  `last_name` varchar(64) NOT NULL,
  `display_name` varchar(64) NOT NULL,
  `email` varchar(64) NOT NULL,
  `language` char(2) DEFAULT NULL,
  `type` enum('anonymous','admin','super_admin','normal_user') NOT NULL,
  `employee` binary(1) DEFAULT NULL,
  `phone_verified` varchar(12) NOT NULL,
  `email_verified` varchar(64) NOT NULL,
  `social_verified` varchar(256) DEFAULT NULL,
  `activated` enum('true','false') NOT NULL DEFAULT 'false',
  `deleted` enum('true','false') NOT NULL DEFAULT 'false',
  `created_by` bigint(20) NOT NULL,
  `updated_by` bigint(20) NOT NULL,
  `created_at` datetime NOT NULL,
  `updated_at` datetime NOT NULL,
  PRIMARY KEY (`id`)
) ENGINE=InnoDB AUTO_INCREMENT=51 DEFAULT CHARSET=utf8mb3 COLLATE=utf8mb3_bin;
/*!40101 SET character_set_client = @saved_cs_client */;

--
-- Dumping data for table `tbl_account`
--

LOCK TABLES `tbl_account` WRITE;
/*!40000 ALTER TABLE `tbl_account` DISABLE KEYS */;
INSERT INTO `tbl_account` VALUES (13,'https://www.facebook.com/SugarTawng','0385132042','sadmin','$2a$10$U/ccbBgmnXFY5e88F6cHmOkRroJFa5EDEfWVvkUucB.hFyNJXqqA2','Tang','Dien','Sugar Tawng','tangvietdien0709@gmail.com','vi','super_admin',NULL,'0385353783','20521185@gm.uit.edu.vn','https://www.facebook.com/chuot.xa.589','true','true',1,1,'0000-00-00 00:00:00','2024-03-15 10:09:12'),(25,NULL,'0123456789','admin1','$2a$10$3LF7wnvdDilXoFiMHPbCfOci034hsv6P07LR7Qvlktc.jbG15DuAO','Adminnn','Frist111','admin1','admin1@gmail.com',NULL,'admin',NULL,'0123456788','ad1verified@gmail.com',NULL,'true','true',13,13,'2024-01-22 14:23:56','2024-03-15 10:14:27'),(44,NULL,'0123456787','admin2','$2a$10$0LWl8V6YZCb9gBJno2W06.o5VB1jYz8eteEW.3w2g5y7FfZ1hEauy','Second','Admin','admin2','admin2@gmail.com',NULL,'admin',NULL,'0123456788','admin2verify@gmail.com',NULL,'true','false',25,25,'2024-03-15 10:41:49','2024-03-15 10:41:49'),(46,NULL,'0123456787','superadmin','$2a$10$EszEt96eGlUlXwut8UOtOeXUHRrfM3EyNyMJR0dwdOH.K1gI9Vcke','Super','Admin','superadmin','superadmin@gmail.com',NULL,'super_admin',NULL,'0123456788','superadminverify2@gmail.com',NULL,'true','false',25,25,'2024-03-16 07:14:17','2024-03-16 07:14:17'),(48,NULL,'0123456787','normaluser2','$2a$10$B48gv31jB69Rd3UM7lWo3.zPFYpit9JWl/rk7EbW6Z4dWWRw1Spam','Normall','User2','normaluser2','normaluser2@gmail.com',NULL,'normal_user',NULL,'0123456788','normaluser2verify@gmail.com',NULL,'true','true',46,46,'2024-03-16 07:56:48','2024-03-19 06:30:50'),(49,NULL,'0987654321','createuser1','$2a$10$Uz9Dj/HwAOrk5zG4lNP8G.CZVmKj8CXVlq/nBku.1s0IFAYJcwj8S','Create','User1','Create User1','createuser1@gmail.com',NULL,'normal_user',NULL,'0987654322','createuser1Verify@gmail.com',NULL,'true','true',25,25,'2024-03-19 07:33:30','2024-04-09 07:08:48');
/*!40000 ALTER TABLE `tbl_account` ENABLE KEYS */;
UNLOCK TABLES;

--
-- Table structure for table `tbl_block`
--

DROP TABLE IF EXISTS `tbl_block`;
/*!40101 SET @saved_cs_client     = @@character_set_client */;
/*!50503 SET character_set_client = utf8mb4 */;
CREATE TABLE `tbl_block` (
  `id` bigint(20) NOT NULL AUTO_INCREMENT,
  `zone_id` bigint(20) NOT NULL,
  `number_of_floor` int(11) NOT NULL,
  `lat` float NOT NULL,
  `long` float NOT NULL,
  `is_service` tinyint(1) NOT NULL DEFAULT 0,
  `desc` varchar(256) DEFAULT NULL,
  `type` enum('normal','luxury') NOT NULL,
  `progress` int(11) DEFAULT NULL,
  `started_day` datetime NOT NULL,
  `created_by` bigint(20) NOT NULL,
  `updated_by` bigint(20) NOT NULL,
  `created_at` datetime NOT NULL,
  `updated_at` datetime NOT NULL,
  `deleted` enum('true','false') NOT NULL DEFAULT 'false',
  PRIMARY KEY (`id`),
  KEY `fk_block_project_idx` (`zone_id`),
  CONSTRAINT `fk_block_zone` FOREIGN KEY (`zone_id`) REFERENCES `tbl_zone` (`id`) ON DELETE NO ACTION ON UPDATE NO ACTION
) ENGINE=InnoDB AUTO_INCREMENT=11 DEFAULT CHARSET=utf8mb3 COLLATE=utf8mb3_bin;
/*!40101 SET character_set_client = @saved_cs_client */;

--
-- Dumping data for table `tbl_block`
--

LOCK TABLES `tbl_block` WRITE;
/*!40000 ALTER TABLE `tbl_block` DISABLE KEYS */;
INSERT INTO `tbl_block` VALUES (2,3,1,90,180,0,'a','normal',1,'2023-08-08 12:19:31',13,13,'2023-08-08 12:19:31','2023-08-08 12:19:31','false'),(3,3,1,90,180,0,'a','normal',1,'2023-08-11 08:08:56',13,13,'2023-08-11 08:08:56','2023-08-11 08:08:56','false'),(4,3,2,90,180,0,'a','normal',1,'2023-08-11 08:14:11',13,13,'2023-08-11 08:14:11','2023-08-14 10:41:42','false'),(6,43,26,0,0,0,'gh1','normal',20,'2024-04-07 14:10:07',46,46,'2024-04-07 14:10:07','2024-04-07 14:10:07','false'),(7,43,26,0,0,0,'gh2','normal',20,'2024-04-07 14:20:13',46,46,'2024-04-07 14:20:13','2024-04-07 14:20:13','false'),(8,43,26,0,0,0,'gh3','normal',20,'2024-04-07 14:20:32',46,46,'2024-04-07 14:20:32','2024-04-07 14:20:32','false'),(9,43,32,0,0,0,'gh5','normal',20,'2024-04-07 14:20:50',46,46,'2024-04-07 14:20:50','2024-04-07 14:20:50','false'),(10,43,32,0,0,0,'gh6','normal',20,'2024-04-07 14:20:57',46,46,'2024-04-07 14:20:57','2024-04-07 14:20:57','false');
/*!40000 ALTER TABLE `tbl_block` ENABLE KEYS */;
UNLOCK TABLES;

--
-- Table structure for table `tbl_floor`
--

DROP TABLE IF EXISTS `tbl_floor`;
/*!40101 SET @saved_cs_client     = @@character_set_client */;
/*!50503 SET character_set_client = utf8mb4 */;
CREATE TABLE `tbl_floor` (
  `id` bigint(20) NOT NULL AUTO_INCREMENT,
  `block_id` bigint(20) NOT NULL,
  `number_of_high_area` int(11) NOT NULL,
  `public_area` float NOT NULL,
  `total_area` float NOT NULL,
  `progress` tinyint(4) DEFAULT NULL,
  `desc` varchar(256) DEFAULT NULL,
  `created_by` bigint(20) NOT NULL,
  `updated_by` bigint(20) NOT NULL,
  `created_at` datetime NOT NULL,
  `updated_at` datetime NOT NULL,
  `deleted` enum('true','false') NOT NULL,
  PRIMARY KEY (`id`),
  KEY `fk_floor_block_idx` (`block_id`),
  CONSTRAINT `fk_floor_block` FOREIGN KEY (`block_id`) REFERENCES `tbl_block` (`id`)
) ENGINE=InnoDB AUTO_INCREMENT=32 DEFAULT CHARSET=utf8mb3 COLLATE=utf8mb3_bin;
/*!40101 SET character_set_client = @saved_cs_client */;

--
-- Dumping data for table `tbl_floor`
--

LOCK TABLES `tbl_floor` WRITE;
/*!40000 ALTER TABLE `tbl_floor` DISABLE KEYS */;
INSERT INTO `tbl_floor` VALUES (2,2,1,1,1,1,'the first',13,13,'2023-08-08 16:56:23','2023-08-08 16:56:23',''),(3,2,3,1,1,1,'the first',13,13,'2023-08-08 17:00:19','2023-08-14 11:00:06',''),(5,6,19,1,1,20,'first floor',46,46,'2024-04-07 14:30:09','2024-04-07 14:30:09','false'),(6,6,19,1,1,20,'second floor',46,46,'2024-04-07 14:38:51','2024-04-07 14:38:51','false'),(7,6,19,1,1,20,'third floor',46,46,'2024-04-07 14:39:05','2024-04-07 14:39:05','false'),(8,6,19,1,1,20,'fourth floor',46,46,'2024-04-07 14:39:14','2024-04-07 14:39:14','false'),(9,6,19,1,1,20,'Fifth floor',46,46,'2024-04-07 15:04:24','2024-04-07 15:04:24','false'),(10,6,19,1,1,20,'Sixth floor',46,46,'2024-04-07 15:04:35','2024-04-07 15:04:35','false'),(11,6,19,1,1,20,'Seventh floor',46,46,'2024-04-07 15:04:42','2024-04-07 15:04:42','false'),(12,6,19,1,1,20,'Eighth floor',46,46,'2024-04-07 15:04:49','2024-04-07 15:04:49','false'),(13,6,19,1,1,20,'Ninth floor',46,46,'2024-04-07 15:04:55','2024-04-07 15:04:55','false'),(14,6,19,1,1,20,'Tenth floor',46,46,'2024-04-07 15:05:02','2024-04-07 15:05:02','false'),(15,6,19,1,1,20,'Eleventh floor',46,46,'2024-04-07 15:05:10','2024-04-07 15:05:10','false'),(16,6,19,1,1,20,'Twelfth floor',46,46,'2024-04-07 15:05:17','2024-04-07 15:05:17','false'),(17,6,19,1,1,20,'Thirteenth floor',46,46,'2024-04-07 15:05:24','2024-04-07 15:05:24','false'),(18,6,19,1,1,20,'Fourteenth floor',46,46,'2024-04-07 15:05:31','2024-04-07 15:05:31','false'),(19,6,19,1,1,20,'Fifteenth floor',46,46,'2024-04-07 15:05:37','2024-04-07 15:05:37','false'),(20,6,19,1,1,20,'Sixteenth floor',46,46,'2024-04-07 15:05:43','2024-04-07 15:05:43','false'),(21,6,19,1,1,20,'Seventeenth floor',46,46,'2024-04-07 15:05:50','2024-04-07 15:05:50','false'),(22,6,19,1,1,20,'Eighteenth floor',46,46,'2024-04-07 15:05:57','2024-04-07 15:05:57','false'),(23,6,19,1,1,20,'Nineteenth floor',46,46,'2024-04-07 15:06:04','2024-04-07 15:06:04','false'),(24,6,19,1,1,20,'Twentieth floor',46,46,'2024-04-07 15:06:11','2024-04-07 15:06:11','false'),(25,6,19,1,1,20,'Twenty-first floor',46,46,'2024-04-07 15:06:19','2024-04-07 15:06:19','false'),(26,6,19,1,1,20,'Twenty-second floor',46,46,'2024-04-07 15:06:25','2024-04-07 15:06:25','false'),(27,6,19,1,1,20,'Twenty-third floor',46,46,'2024-04-07 15:06:33','2024-04-07 15:06:33','false'),(28,6,19,1,1,20,'Twenty-fourth floor',46,46,'2024-04-07 15:06:41','2024-04-07 15:06:41','false'),(29,6,19,1,1,20,'Twenty-fifth floor',46,46,'2024-04-07 15:06:49','2024-04-07 15:06:49','false'),(30,6,19,1,1,20,'Twenty-sixth floor',46,46,'2024-04-07 15:06:56','2024-04-07 15:06:56','false');
/*!40000 ALTER TABLE `tbl_floor` ENABLE KEYS */;
UNLOCK TABLES;

--
-- Table structure for table `tbl_high_area`
--

DROP TABLE IF EXISTS `tbl_high_area`;
/*!40101 SET @saved_cs_client     = @@character_set_client */;
/*!50503 SET character_set_client = utf8mb4 */;
CREATE TABLE `tbl_high_area` (
  `id` bigint(20) NOT NULL AUTO_INCREMENT,
  `floor_id` bigint(20) NOT NULL,
  `lat` float NOT NULL,
  `long` float NOT NULL,
  `high_area_direction` varchar(256) NOT NULL,
  `total_area` float NOT NULL,
  `progress` tinyint(4) DEFAULT NULL,
  `number_of_wc` int(11) NOT NULL,
  `number_of_room` int(11) NOT NULL,
  `price` double NOT NULL DEFAULT 0,
  `owner` bigint(20) DEFAULT NULL,
  `buy_status` enum('block','deal','not block') NOT NULL DEFAULT 'not block',
  `desc` varchar(256) DEFAULT NULL,
  `created_by` bigint(20) NOT NULL,
  `updated_by` bigint(20) NOT NULL,
  `created_at` datetime NOT NULL,
  `updated_at` datetime NOT NULL,
  `deleted` enum('true','false') NOT NULL,
  PRIMARY KEY (`id`),
  KEY `fk_higharea_floor_idx` (`floor_id`),
  CONSTRAINT `fk_higharea_floor` FOREIGN KEY (`floor_id`) REFERENCES `tbl_floor` (`id`)
) ENGINE=InnoDB AUTO_INCREMENT=525 DEFAULT CHARSET=utf8mb3 COLLATE=utf8mb3_bin;
/*!40101 SET character_set_client = @saved_cs_client */;

--
-- Dumping data for table `tbl_high_area`
--

LOCK TABLES `tbl_high_area` WRITE;
/*!40000 ALTER TABLE `tbl_high_area` DISABLE KEYS */;
INSERT INTO `tbl_high_area` VALUES (2,2,-1,-180,'a',1,100,0,0,0,13,'not block',NULL,13,13,'2023-08-09 06:02:28','2024-03-26 18:00:57','true'),(4,3,0,0,'a',1,0,0,0,0,13,'not block',NULL,13,13,'2023-12-28 15:25:28','2023-12-28 15:25:28','false'),(5,3,0,0,'a',1,0,0,0,0,13,'not block',NULL,13,13,'2023-12-28 15:26:13','2023-12-28 15:26:13','false'),(6,3,0,0,'a',1,0,0,0,0,13,'not block',NULL,13,13,'2023-12-29 09:59:43','2023-12-29 09:59:43','false'),(7,3,0,0,'a',1,0,0,0,0,13,'not block',NULL,13,13,'2023-12-29 10:02:11','2023-12-29 10:02:11','false'),(9,30,0,0,'1 direction',69,20,2,2,3,46,'not block','CH01',46,46,'2024-04-08 05:08:39','2024-04-08 05:08:39','false'),(10,29,0,0,'1 direction',69,20,2,2,3,46,'not block','CH01',46,46,'2024-04-08 06:22:13','2024-04-08 06:22:13','false'),(11,28,0,0,'1 direction',69,20,2,2,3,46,'not block','CH01',46,46,'2024-04-08 06:22:18','2024-04-08 06:22:18','false'),(12,27,0,0,'1 direction',69,20,2,2,3,46,'not block','CH01',46,46,'2024-04-08 06:22:22','2024-04-08 06:22:22','false'),(13,26,0,0,'1 direction',69,20,2,2,3,46,'not block','CH01',46,46,'2024-04-08 06:22:26','2024-04-08 06:22:26','false'),(14,25,0,0,'1 direction',69,20,2,2,3,46,'not block','CH01',46,46,'2024-04-08 06:22:31','2024-04-08 06:22:31','false'),(15,24,0,0,'1 direction',69,20,2,2,3,46,'not block','CH01',46,46,'2024-04-08 06:22:38','2024-04-08 06:22:38','false'),(16,23,0,0,'1 direction',69,20,2,2,3,46,'not block','CH01',46,46,'2024-04-08 06:22:43','2024-04-08 06:22:43','false'),(17,22,0,0,'1 direction',69,20,2,2,3,46,'not block','CH01',46,46,'2024-04-08 06:22:49','2024-04-08 06:22:49','false'),(18,21,0,0,'1 direction',69,20,2,2,3,46,'not block','CH01',46,46,'2024-04-08 06:22:54','2024-04-08 06:22:54','false'),(19,20,0,0,'1 direction',69,20,2,2,3,46,'not block','CH01',46,46,'2024-04-08 06:23:00','2024-04-08 06:23:00','false'),(20,19,0,0,'1 direction',69,20,2,2,3,46,'not block','CH01',46,46,'2024-04-08 08:53:52','2024-04-08 08:53:52','false'),(21,18,0,0,'1 direction',69,20,2,2,3,46,'not block','CH01',46,46,'2024-04-08 08:53:57','2024-04-08 08:53:57','false'),(22,17,0,0,'1 direction',69,20,2,2,3,46,'not block','CH01',46,46,'2024-04-08 08:54:02','2024-04-08 08:54:02','false'),(23,16,0,0,'1 direction',69,20,2,2,3,46,'not block','CH01',46,46,'2024-04-08 08:54:07','2024-04-08 08:54:07','false'),(24,15,0,0,'1 direction',69,20,2,2,3,46,'not block','CH01',46,46,'2024-04-08 08:54:12','2024-04-08 08:54:12','false'),(25,14,0,0,'1 direction',69,20,2,2,3,46,'not block','CH01',46,46,'2024-04-08 08:54:16','2024-04-08 08:54:16','false'),(26,13,0,0,'1 direction',69,20,2,2,3,46,'not block','CH01',46,46,'2024-04-08 08:54:20','2024-04-08 08:54:20','false'),(27,12,0,0,'1 direction',69,20,2,2,3,46,'not block','CH01',46,46,'2024-04-08 08:54:25','2024-04-08 08:54:25','false'),(28,11,0,0,'1 direction',69,20,2,2,3,46,'not block','CH01',46,46,'2024-04-08 08:54:28','2024-04-08 08:54:28','false'),(29,10,0,0,'1 direction',69,20,2,2,3,46,'not block','CH01',46,46,'2024-04-08 08:54:33','2024-04-08 08:54:33','false'),(30,9,0,0,'1 direction',69,20,2,2,3,46,'not block','CH01',46,46,'2024-04-08 08:54:38','2024-04-08 13:27:32','false'),(31,8,0,0,'1 direction',69,20,2,2,3,46,'not block','CH01',46,46,'2024-04-08 08:54:42','2024-04-08 08:54:42','false'),(32,7,0,0,'1 direction',69,20,2,2,3,46,'not block','CH01',46,46,'2024-04-08 08:54:47','2024-04-08 08:54:47','false'),(33,6,0,0,'1 direction',69,20,2,2,3,46,'not block','CH01',46,46,'2024-04-08 08:54:51','2024-04-08 08:54:51','false'),(34,5,0,0,'1 direction',69,20,2,2,3,46,'not block','CH01',46,46,'2024-04-08 08:54:55','2024-04-08 08:54:55','false'),(35,5,0,0,'1 direction',46,20,1,1,2,46,'not block','CH02',46,46,'2024-04-08 13:36:50','2024-04-08 13:36:50','false'),(36,6,0,0,'1 direction',46,20,1,1,2,46,'not block','CH02',46,46,'2024-04-08 13:37:14','2024-04-08 13:37:14','false'),(37,7,0,0,'1 direction',46,20,1,1,2,46,'not block','CH02',46,46,'2024-04-08 13:37:22','2024-04-08 13:37:22','false'),(38,8,0,0,'1 direction',46,20,1,1,2,46,'not block','CH02',46,46,'2024-04-08 13:37:28','2024-04-08 13:37:28','false'),(39,9,0,0,'1 direction',46,20,1,1,2,46,'not block','CH02',46,46,'2024-04-08 13:37:33','2024-04-08 13:37:33','false'),(40,10,0,0,'1 direction',46,20,1,1,2,46,'not block','CH02',46,46,'2024-04-08 13:37:38','2024-04-08 13:37:38','false'),(41,11,0,0,'1 direction',46,20,1,1,2,46,'not block','CH02',46,46,'2024-04-08 13:37:43','2024-04-08 13:37:43','false'),(42,12,0,0,'1 direction',46,20,1,1,2,46,'not block','CH02',46,46,'2024-04-08 13:37:49','2024-04-08 13:37:49','false'),(43,13,0,0,'1 direction',46,20,1,1,2,46,'not block','CH02',46,46,'2024-04-08 13:37:55','2024-04-08 13:37:55','false'),(44,14,0,0,'1 direction',46,20,1,1,2,46,'not block','CH02',46,46,'2024-04-08 13:38:00','2024-04-08 13:38:00','false'),(45,15,0,0,'1 direction',46,20,1,1,2,46,'not block','CH02',46,46,'2024-04-08 13:38:07','2024-04-08 13:38:07','false'),(46,16,0,0,'1 direction',46,20,1,1,2,46,'not block','CH02',46,46,'2024-04-08 13:38:12','2024-04-08 13:38:12','false'),(47,17,0,0,'1 direction',46,20,1,1,2,46,'not block','CH02',46,46,'2024-04-08 13:38:18','2024-04-08 13:38:18','false'),(48,18,0,0,'1 direction',46,20,1,1,2,46,'not block','CH02',46,46,'2024-04-08 13:38:24','2024-04-08 13:38:24','false'),(49,19,0,0,'1 direction',46,20,1,1,2,46,'not block','CH02',46,46,'2024-04-08 13:38:29','2024-04-08 13:38:29','false'),(50,20,0,0,'1 direction',46,20,1,1,2,46,'not block','CH02',46,46,'2024-04-08 13:38:35','2024-04-08 13:38:35','false'),(51,21,0,0,'1 direction',46,20,1,1,2,46,'not block','CH02',46,46,'2024-04-08 13:38:40','2024-04-08 13:38:40','false'),(52,22,0,0,'1 direction',46,20,1,1,2,46,'not block','CH02',46,46,'2024-04-08 13:38:45','2024-04-08 13:38:45','false'),(53,23,0,0,'1 direction',46,20,1,1,2,46,'not block','CH02',46,46,'2024-04-08 13:38:50','2024-04-08 13:38:50','false'),(54,24,0,0,'1 direction',46,20,1,1,2,46,'not block','CH02',46,46,'2024-04-08 13:38:56','2024-04-08 13:38:56','false'),(55,25,0,0,'1 direction',46,20,1,1,2,46,'not block','CH02',46,46,'2024-04-08 13:39:01','2024-04-08 13:39:01','false'),(56,26,0,0,'1 direction',46,20,1,1,2,46,'not block','CH02',46,46,'2024-04-08 13:39:07','2024-04-08 13:39:07','false'),(57,27,0,0,'1 direction',46,20,1,1,2,46,'not block','CH02',46,46,'2024-04-08 13:39:12','2024-04-08 13:39:12','false'),(58,28,0,0,'1 direction',46,20,1,1,2,46,'not block','CH02',46,46,'2024-04-08 13:39:18','2024-04-08 13:39:18','false'),(59,29,0,0,'1 direction',46,20,1,1,2,46,'not block','CH02',46,46,'2024-04-08 13:39:23','2024-04-08 13:39:23','false'),(60,30,0,0,'1 direction',46,20,1,1,2,46,'not block','CH02',46,46,'2024-04-08 13:39:29','2024-04-08 13:39:29','false'),(63,5,0,0,'1 direction',33,20,1,0,1,46,'not block','CH03',46,46,'2024-04-08 13:50:11','2024-04-08 13:50:11','false'),(64,6,0,0,'1 direction',33,20,1,0,1,46,'not block','CH03',46,46,'2024-04-08 13:51:05','2024-04-08 13:51:05','false'),(65,7,0,0,'1 direction',33,20,1,0,1,46,'not block','CH03',46,46,'2024-04-08 13:51:11','2024-04-08 13:51:11','false'),(66,8,0,0,'1 direction',33,20,1,0,1,46,'not block','CH03',46,46,'2024-04-08 13:51:16','2024-04-08 13:51:16','false'),(67,9,0,0,'1 direction',33,20,1,0,1,46,'not block','CH03',46,46,'2024-04-08 13:51:20','2024-04-08 13:51:20','false'),(68,10,0,0,'1 direction',33,20,1,0,1,46,'not block','CH03',46,46,'2024-04-08 13:51:26','2024-04-08 13:51:26','false'),(69,11,0,0,'1 direction',33,20,1,0,1,46,'not block','CH03',46,46,'2024-04-08 13:51:33','2024-04-08 13:51:33','false'),(70,12,0,0,'1 direction',33,20,1,0,1,46,'not block','CH03',46,46,'2024-04-08 13:51:40','2024-04-08 13:51:40','false'),(71,13,0,0,'1 direction',33,20,1,0,1,46,'not block','CH03',46,46,'2024-04-08 13:52:09','2024-04-08 13:52:09','false'),(72,14,0,0,'1 direction',33,20,1,0,1,46,'not block','CH03',46,46,'2024-04-08 13:52:19','2024-04-08 13:52:19','false'),(73,15,0,0,'1 direction',33,20,1,0,1,46,'not block','CH03',46,46,'2024-04-08 13:52:21','2024-04-08 13:52:21','false'),(74,16,0,0,'1 direction',33,20,1,0,1,46,'not block','CH03',46,46,'2024-04-08 13:52:25','2024-04-08 13:52:25','false'),(75,17,0,0,'1 direction',33,20,1,0,1,46,'not block','CH03',46,46,'2024-04-08 13:52:27','2024-04-08 13:52:27','false'),(76,18,0,0,'1 direction',33,20,1,0,1,46,'not block','CH03',46,46,'2024-04-08 13:52:30','2024-04-08 13:52:30','false'),(77,19,0,0,'1 direction',33,20,1,0,1,46,'not block','CH03',46,46,'2024-04-08 13:52:34','2024-04-08 13:52:34','false'),(78,20,0,0,'1 direction',33,20,1,0,1,46,'not block','CH03',46,46,'2024-04-08 13:52:36','2024-04-08 13:52:36','false'),(79,21,0,0,'1 direction',33,20,1,0,1,46,'not block','CH03',46,46,'2024-04-08 13:52:38','2024-04-08 13:52:38','false'),(80,22,0,0,'1 direction',33,20,1,0,1,46,'not block','CH03',46,46,'2024-04-08 13:52:40','2024-04-08 13:52:40','false'),(81,23,0,0,'1 direction',33,20,1,0,1,46,'not block','CH03',46,46,'2024-04-08 13:52:42','2024-04-08 13:52:42','false'),(82,24,0,0,'1 direction',33,20,1,0,1,46,'not block','CH03',46,46,'2024-04-08 13:52:46','2024-04-08 13:52:46','false'),(83,25,0,0,'1 direction',33,20,1,0,1,46,'not block','CH03',46,46,'2024-04-08 13:52:48','2024-04-08 13:52:48','false'),(84,26,0,0,'1 direction',33,20,1,0,1,46,'not block','CH03',46,46,'2024-04-08 13:52:52','2024-04-08 13:52:52','false'),(85,27,0,0,'1 direction',33,20,1,0,1,46,'not block','CH03',46,46,'2024-04-08 13:52:54','2024-04-08 13:52:54','false'),(86,28,0,0,'1 direction',33,20,1,0,1,46,'not block','CH03',46,46,'2024-04-08 13:52:56','2024-04-08 13:52:56','false'),(87,29,0,0,'1 direction',33,20,1,0,1,46,'not block','CH03',46,46,'2024-04-08 13:52:58','2024-04-08 13:52:58','false'),(88,30,0,0,'1 direction',33,20,1,0,1,46,'not block','CH03',46,46,'2024-04-08 13:53:00','2024-04-08 13:53:00','false'),(90,5,0,0,'1 direction',59,20,2,2,3,46,'not block','CH04',46,46,'2024-04-08 14:04:58','2024-04-08 14:04:58','false'),(91,6,0,0,'1 direction',59,20,2,2,3,46,'not block','CH04',46,46,'2024-04-08 14:05:03','2024-04-08 14:05:03','false'),(92,7,0,0,'1 direction',59,20,2,2,3,46,'not block','CH04',46,46,'2024-04-08 14:05:06','2024-04-08 14:05:06','false'),(93,8,0,0,'1 direction',59,20,2,2,3,46,'not block','CH04',46,46,'2024-04-08 14:05:11','2024-04-08 14:05:11','false'),(94,9,0,0,'1 direction',59,20,2,2,3,46,'not block','CH04',46,46,'2024-04-08 14:05:13','2024-04-08 14:05:13','false'),(95,10,0,0,'1 direction',59,20,2,2,3,46,'not block','CH04',46,46,'2024-04-08 14:05:16','2024-04-08 14:05:16','false'),(96,11,0,0,'1 direction',59,20,2,2,3,46,'not block','CH04',46,46,'2024-04-08 14:05:18','2024-04-08 14:05:18','false'),(97,12,0,0,'1 direction',59,20,2,2,3,46,'not block','CH04',46,46,'2024-04-08 14:05:21','2024-04-08 14:05:21','false'),(98,13,0,0,'1 direction',59,20,2,2,3,46,'not block','CH04',46,46,'2024-04-08 14:05:23','2024-04-08 14:05:23','false'),(99,14,0,0,'1 direction',59,20,2,2,3,46,'not block','CH04',46,46,'2024-04-08 14:05:25','2024-04-08 14:05:25','false'),(100,15,0,0,'1 direction',59,20,2,2,3,46,'not block','CH04',46,46,'2024-04-08 14:05:27','2024-04-08 14:05:27','false'),(101,16,0,0,'1 direction',59,20,2,2,3,46,'not block','CH04',46,46,'2024-04-08 14:05:29','2024-04-08 14:05:29','false'),(102,17,0,0,'1 direction',59,20,2,2,3,46,'not block','CH04',46,46,'2024-04-08 14:05:31','2024-04-08 14:05:31','false'),(103,18,0,0,'1 direction',59,20,2,2,3,46,'not block','CH04',46,46,'2024-04-08 14:05:33','2024-04-08 14:05:33','false'),(104,19,0,0,'1 direction',59,20,2,2,3,46,'not block','CH04',46,46,'2024-04-08 14:05:35','2024-04-08 14:05:35','false'),(105,20,0,0,'1 direction',59,20,2,2,3,46,'not block','CH04',46,46,'2024-04-08 14:05:37','2024-04-08 14:05:37','false'),(106,21,0,0,'1 direction',59,20,2,2,3,46,'not block','CH04',46,46,'2024-04-08 14:05:40','2024-04-08 14:05:40','false'),(107,22,0,0,'1 direction',59,20,2,2,3,46,'not block','CH04',46,46,'2024-04-08 14:05:42','2024-04-08 14:05:42','false'),(108,23,0,0,'1 direction',59,20,2,2,3,46,'not block','CH04',46,46,'2024-04-08 14:05:44','2024-04-08 14:05:44','false'),(109,24,0,0,'1 direction',59,20,2,2,3,46,'not block','CH04',46,46,'2024-04-08 14:05:46','2024-04-08 14:05:46','false'),(110,25,0,0,'1 direction',59,20,2,2,3,46,'not block','CH04',46,46,'2024-04-08 14:05:49','2024-04-08 14:05:49','false'),(111,26,0,0,'1 direction',59,20,2,2,3,46,'not block','CH04',46,46,'2024-04-08 14:05:52','2024-04-08 14:05:52','false'),(112,27,0,0,'1 direction',59,20,2,2,3,46,'not block','CH04',46,46,'2024-04-08 14:05:54','2024-04-08 14:05:54','false'),(113,28,0,0,'1 direction',59,20,2,2,3,46,'not block','CH04',46,46,'2024-04-08 14:05:56','2024-04-08 14:05:56','false'),(114,29,0,0,'1 direction',59,20,2,2,3,46,'not block','CH04',46,46,'2024-04-08 14:05:58','2024-04-08 14:05:58','false'),(115,30,0,0,'1 direction',59,20,2,2,3,46,'not block','CH04',46,46,'2024-04-08 14:06:01','2024-04-08 14:06:01','false'),(117,5,0,0,'1 direction',59,20,2,2,3,46,'not block','CH05',46,46,'2024-04-08 16:31:31','2024-04-08 16:31:31','false'),(118,6,0,0,'1 direction',59,20,2,2,3,46,'not block','CH05',46,46,'2024-04-08 16:31:45','2024-04-08 16:31:45','false'),(119,7,0,0,'1 direction',59,20,2,2,3,46,'not block','CH05',46,46,'2024-04-08 16:31:50','2024-04-08 16:31:50','false'),(120,8,0,0,'1 direction',59,20,2,2,3,46,'not block','CH05',46,46,'2024-04-08 16:31:54','2024-04-08 16:31:54','false'),(121,9,0,0,'1 direction',59,20,2,2,3,46,'not block','CH05',46,46,'2024-04-08 16:32:28','2024-04-08 16:32:28','false'),(122,10,0,0,'1 direction',59,20,2,2,3,46,'not block','CH05',46,46,'2024-04-08 16:32:31','2024-04-08 16:32:31','false'),(123,11,0,0,'1 direction',59,20,2,2,3,46,'not block','CH05',46,46,'2024-04-08 16:32:33','2024-04-08 16:32:33','false'),(124,12,0,0,'1 direction',59,20,2,2,3,46,'not block','CH05',46,46,'2024-04-08 16:32:35','2024-04-08 16:32:35','false'),(125,13,0,0,'1 direction',59,20,2,2,3,46,'not block','CH05',46,46,'2024-04-08 16:32:38','2024-04-08 16:32:38','false'),(126,14,0,0,'1 direction',59,20,2,2,3,46,'not block','CH05',46,46,'2024-04-08 16:32:40','2024-04-08 16:32:40','false'),(127,15,0,0,'1 direction',59,20,2,2,3,46,'not block','CH05',46,46,'2024-04-08 16:32:42','2024-04-08 16:32:42','false'),(128,16,0,0,'1 direction',59,20,2,2,3,46,'not block','CH05',46,46,'2024-04-08 16:32:44','2024-04-08 16:32:44','false'),(129,17,0,0,'1 direction',59,20,2,2,3,46,'not block','CH05',46,46,'2024-04-08 16:32:46','2024-04-08 16:32:46','false'),(130,18,0,0,'1 direction',59,20,2,2,3,46,'not block','CH05',46,46,'2024-04-08 16:32:48','2024-04-08 16:32:48','false'),(131,19,0,0,'1 direction',59,20,2,2,3,46,'not block','CH05',46,46,'2024-04-08 16:32:50','2024-04-08 16:32:50','false'),(132,20,0,0,'1 direction',59,20,2,2,3,46,'not block','CH05',46,46,'2024-04-08 16:32:52','2024-04-08 16:32:52','false'),(133,21,0,0,'1 direction',59,20,2,2,3,46,'not block','CH05',46,46,'2024-04-08 16:32:54','2024-04-08 16:32:54','false'),(134,22,0,0,'1 direction',59,20,2,2,3,46,'not block','CH05',46,46,'2024-04-08 16:32:56','2024-04-08 16:32:56','false'),(135,23,0,0,'1 direction',59,20,2,2,3,46,'not block','CH05',46,46,'2024-04-08 16:32:58','2024-04-08 16:32:58','false'),(136,24,0,0,'1 direction',59,20,2,2,3,46,'not block','CH05',46,46,'2024-04-08 16:33:00','2024-04-08 16:33:00','false'),(137,25,0,0,'1 direction',59,20,2,2,3,46,'not block','CH05',46,46,'2024-04-08 16:33:02','2024-04-08 16:33:02','false'),(138,26,0,0,'1 direction',59,20,2,2,3,46,'not block','CH05',46,46,'2024-04-08 16:33:04','2024-04-08 16:33:04','false'),(139,27,0,0,'1 direction',59,20,2,2,3,46,'not block','CH05',46,46,'2024-04-08 16:33:06','2024-04-08 16:33:06','false'),(140,28,0,0,'1 direction',59,20,2,2,3,46,'not block','CH05',46,46,'2024-04-08 16:33:08','2024-04-08 16:33:08','false'),(141,29,0,0,'1 direction',59,20,2,2,3,46,'not block','CH05',46,46,'2024-04-08 16:33:10','2024-04-08 16:33:10','false'),(143,30,0,0,'1 direction',59,20,2,2,3,46,'not block','CH05',46,46,'2024-04-08 16:33:26','2024-04-08 16:33:26','false'),(145,5,0,0,'2 direction',81,20,2,3,4,46,'not block','CH06',46,46,'2024-04-08 16:40:51','2024-04-08 16:40:51','false'),(146,6,0,0,'2 direction',81,20,2,3,4,46,'not block','CH06',46,46,'2024-04-08 16:41:07','2024-04-08 16:41:07','false'),(147,7,0,0,'2 direction',81,20,2,3,4,46,'not block','CH06',46,46,'2024-04-08 16:41:49','2024-04-08 16:41:49','false'),(148,8,0,0,'2 direction',81,20,2,3,4,46,'not block','CH06',46,46,'2024-04-08 16:41:52','2024-04-08 16:41:52','false'),(149,9,0,0,'2 direction',81,20,2,3,4,46,'not block','CH06',46,46,'2024-04-08 16:41:55','2024-04-08 16:41:55','false'),(150,10,0,0,'2 direction',81,20,2,3,4,46,'not block','CH06',46,46,'2024-04-08 16:41:57','2024-04-08 16:41:57','false'),(151,11,0,0,'2 direction',81,20,2,3,4,46,'not block','CH06',46,46,'2024-04-08 16:42:00','2024-04-08 16:42:00','false'),(152,12,0,0,'2 direction',81,20,2,3,4,46,'not block','CH06',46,46,'2024-04-08 16:42:02','2024-04-08 16:42:02','false'),(153,13,0,0,'2 direction',81,20,2,3,4,46,'not block','CH06',46,46,'2024-04-08 16:42:04','2024-04-08 16:42:04','false'),(154,14,0,0,'2 direction',81,20,2,3,4,46,'not block','CH06',46,46,'2024-04-08 16:42:06','2024-04-08 16:42:06','false'),(155,15,0,0,'2 direction',81,20,2,3,4,46,'not block','CH06',46,46,'2024-04-08 16:42:08','2024-04-08 16:42:08','false'),(156,16,0,0,'2 direction',81,20,2,3,4,46,'not block','CH06',46,46,'2024-04-08 16:42:10','2024-04-08 16:42:10','false'),(157,17,0,0,'2 direction',81,20,2,3,4,46,'not block','CH06',46,46,'2024-04-08 16:42:12','2024-04-08 16:42:12','false'),(158,18,0,0,'2 direction',81,20,2,3,4,46,'not block','CH06',46,46,'2024-04-08 16:42:15','2024-04-08 16:42:15','false'),(159,19,0,0,'2 direction',81,20,2,3,4,46,'not block','CH06',46,46,'2024-04-08 16:42:16','2024-04-08 16:42:16','false'),(160,20,0,0,'2 direction',81,20,2,3,4,46,'not block','CH06',46,46,'2024-04-08 16:42:19','2024-04-08 16:42:19','false'),(161,21,0,0,'2 direction',81,20,2,3,4,46,'not block','CH06',46,46,'2024-04-08 16:42:21','2024-04-08 16:42:21','false'),(162,22,0,0,'2 direction',81,20,2,3,4,46,'not block','CH06',46,46,'2024-04-08 16:42:23','2024-04-08 16:42:23','false'),(163,23,0,0,'2 direction',81,20,2,3,4,46,'not block','CH06',46,46,'2024-04-08 16:42:25','2024-04-08 16:42:25','false'),(164,24,0,0,'2 direction',81,20,2,3,4,46,'not block','CH06',46,46,'2024-04-08 16:42:27','2024-04-08 16:42:27','false'),(165,25,0,0,'2 direction',81,20,2,3,4,46,'not block','CH06',46,46,'2024-04-08 16:42:29','2024-04-08 16:42:29','false'),(166,26,0,0,'2 direction',81,20,2,3,4,46,'not block','CH06',46,46,'2024-04-08 16:42:31','2024-04-08 16:42:31','false'),(167,27,0,0,'2 direction',81,20,2,3,4,46,'not block','CH06',46,46,'2024-04-08 16:42:33','2024-04-08 16:42:33','false'),(168,28,0,0,'2 direction',81,20,2,3,4,46,'not block','CH06',46,46,'2024-04-08 16:42:35','2024-04-08 16:42:35','false'),(169,29,0,0,'2 direction',81,20,2,3,4,46,'not block','CH06',46,46,'2024-04-08 16:42:37','2024-04-08 16:42:37','false'),(170,30,0,0,'2 direction',81,20,2,3,4,46,'not block','CH06',46,46,'2024-04-08 16:42:39','2024-04-08 16:42:39','false'),(172,5,0,0,'2 direction',69,20,2,2,3,46,'not block','CH07',46,46,'2024-04-08 16:49:59','2024-04-08 16:49:59','false'),(173,6,0,0,'2 direction',69,20,2,2,3,46,'not block','CH07',46,46,'2024-04-08 16:53:16','2024-04-08 16:53:16','false'),(174,7,0,0,'2 direction',69,20,2,2,3,46,'not block','CH07',46,46,'2024-04-08 16:53:27','2024-04-08 16:53:27','false'),(175,8,0,0,'2 direction',69,20,2,2,3,46,'not block','CH07',46,46,'2024-04-08 16:53:30','2024-04-08 16:53:30','false'),(176,9,0,0,'2 direction',69,20,2,2,3,46,'not block','CH07',46,46,'2024-04-08 16:53:33','2024-04-08 16:53:33','false'),(177,10,0,0,'2 direction',69,20,2,2,3,46,'not block','CH07',46,46,'2024-04-08 16:53:36','2024-04-08 16:53:36','false'),(178,11,0,0,'2 direction',69,20,2,2,3,46,'not block','CH07',46,46,'2024-04-08 16:53:39','2024-04-08 16:53:39','false'),(179,12,0,0,'2 direction',69,20,2,2,3,46,'not block','CH07',46,46,'2024-04-08 16:53:42','2024-04-08 16:53:42','false'),(180,13,0,0,'2 direction',69,20,2,2,3,46,'not block','CH07',46,46,'2024-04-08 16:53:46','2024-04-08 16:53:46','false'),(181,14,0,0,'2 direction',69,20,2,2,3,46,'not block','CH07',46,46,'2024-04-08 16:53:49','2024-04-08 16:53:49','false'),(182,15,0,0,'2 direction',69,20,2,2,3,46,'not block','CH07',46,46,'2024-04-08 16:53:53','2024-04-08 16:53:53','false'),(183,16,0,0,'2 direction',69,20,2,2,3,46,'not block','CH07',46,46,'2024-04-08 16:54:02','2024-04-08 16:54:02','false'),(184,17,0,0,'2 direction',69,20,2,2,3,46,'not block','CH07',46,46,'2024-04-08 16:54:06','2024-04-08 16:54:06','false'),(185,18,0,0,'2 direction',69,20,2,2,3,46,'not block','CH07',46,46,'2024-04-08 16:54:10','2024-04-08 16:54:10','false'),(186,19,0,0,'2 direction',69,20,2,2,3,46,'not block','CH07',46,46,'2024-04-08 16:54:12','2024-04-08 16:54:12','false'),(187,20,0,0,'2 direction',69,20,2,2,3,46,'not block','CH07',46,46,'2024-04-08 16:54:16','2024-04-08 16:54:16','false'),(188,21,0,0,'2 direction',69,20,2,2,3,46,'not block','CH07',46,46,'2024-04-08 16:54:18','2024-04-08 16:54:18','false'),(189,22,0,0,'2 direction',69,20,2,2,3,46,'not block','CH07',46,46,'2024-04-08 16:54:22','2024-04-08 16:54:22','false'),(190,23,0,0,'2 direction',69,20,2,2,3,46,'not block','CH07',46,46,'2024-04-08 16:54:25','2024-04-08 16:54:25','false'),(191,24,0,0,'2 direction',69,20,2,2,3,46,'not block','CH07',46,46,'2024-04-08 16:54:27','2024-04-08 16:54:27','false'),(192,25,0,0,'2 direction',69,20,2,2,3,46,'not block','CH07',46,46,'2024-04-08 16:54:30','2024-04-08 16:54:30','false'),(193,26,0,0,'2 direction',69,20,2,2,3,46,'not block','CH07',46,46,'2024-04-08 16:54:34','2024-04-08 16:54:34','false'),(194,27,0,0,'2 direction',69,20,2,2,3,46,'not block','CH07',46,46,'2024-04-08 16:54:37','2024-04-08 16:54:37','false'),(195,28,0,0,'2 direction',69,20,2,2,3,46,'not block','CH07',46,46,'2024-04-08 16:54:39','2024-04-08 16:54:39','false'),(196,29,0,0,'2 direction',69,20,2,2,3,46,'not block','CH07',46,46,'2024-04-08 16:54:41','2024-04-08 16:54:41','false'),(197,30,0,0,'2 direction',69,20,2,2,3,46,'not block','CH07',46,46,'2024-04-08 16:54:44','2024-04-08 16:54:44','false'),(199,5,0,0,'1 direction',59,20,2,2,3,46,'not block','CH08',46,46,'2024-04-09 04:24:30','2024-04-09 04:24:30','false'),(200,6,0,0,'1 direction',59,20,2,2,3,46,'not block','CH08',46,46,'2024-04-09 04:24:37','2024-04-09 04:24:37','false'),(201,7,0,0,'1 direction',59,20,2,2,3,46,'not block','CH08',46,46,'2024-04-09 04:24:39','2024-04-09 04:24:39','false'),(202,8,0,0,'1 direction',59,20,2,2,3,46,'not block','CH08',46,46,'2024-04-09 04:24:41','2024-04-09 04:24:41','false'),(203,9,0,0,'1 direction',59,20,2,2,3,46,'not block','CH08',46,46,'2024-04-09 04:24:43','2024-04-09 04:24:43','false'),(204,10,0,0,'1 direction',59,20,2,2,3,46,'not block','CH08',46,46,'2024-04-09 04:24:45','2024-04-09 04:24:45','false'),(205,11,0,0,'1 direction',59,20,2,2,3,46,'not block','CH08',46,46,'2024-04-09 04:24:47','2024-04-09 04:24:47','false'),(206,12,0,0,'1 direction',59,20,2,2,3,46,'not block','CH08',46,46,'2024-04-09 04:24:49','2024-04-09 04:24:49','false'),(207,13,0,0,'1 direction',59,20,2,2,3,46,'not block','CH08',46,46,'2024-04-09 04:24:51','2024-04-09 04:24:51','false'),(208,14,0,0,'1 direction',59,20,2,2,3,46,'not block','CH08',46,46,'2024-04-09 04:24:53','2024-04-09 04:24:53','false'),(209,15,0,0,'1 direction',59,20,2,2,3,46,'not block','CH08',46,46,'2024-04-09 04:24:55','2024-04-09 04:24:55','false'),(210,16,0,0,'1 direction',59,20,2,2,3,46,'not block','CH08',46,46,'2024-04-09 04:24:57','2024-04-09 04:24:57','false'),(211,17,0,0,'1 direction',59,20,2,2,3,46,'not block','CH08',46,46,'2024-04-09 04:24:59','2024-04-09 04:24:59','false'),(212,18,0,0,'1 direction',59,20,2,2,3,46,'not block','CH08',46,46,'2024-04-09 04:25:01','2024-04-09 04:25:01','false'),(213,19,0,0,'1 direction',59,20,2,2,3,46,'not block','CH08',46,46,'2024-04-09 04:25:03','2024-04-09 04:25:03','false'),(214,20,0,0,'1 direction',59,20,2,2,3,46,'not block','CH08',46,46,'2024-04-09 04:25:06','2024-04-09 04:25:06','false'),(215,21,0,0,'1 direction',59,20,2,2,3,46,'not block','CH08',46,46,'2024-04-09 04:25:07','2024-04-09 04:25:07','false'),(216,22,0,0,'1 direction',59,20,2,2,3,46,'not block','CH08',46,46,'2024-04-09 04:25:09','2024-04-09 04:25:09','false'),(217,23,0,0,'1 direction',59,20,2,2,3,46,'not block','CH08',46,46,'2024-04-09 04:25:11','2024-04-09 04:25:11','false'),(218,24,0,0,'1 direction',59,20,2,2,3,46,'not block','CH08',46,46,'2024-04-09 04:25:12','2024-04-09 04:25:12','false'),(219,25,0,0,'1 direction',59,20,2,2,3,46,'not block','CH08',46,46,'2024-04-09 04:25:15','2024-04-09 04:25:15','false'),(220,26,0,0,'1 direction',59,20,2,2,3,46,'not block','CH08',46,46,'2024-04-09 04:25:17','2024-04-09 04:25:17','false'),(221,27,0,0,'1 direction',59,20,2,2,3,46,'not block','CH08',46,46,'2024-04-09 04:25:20','2024-04-09 04:25:20','false'),(222,28,0,0,'1 direction',59,20,2,2,3,46,'not block','CH08',46,46,'2024-04-09 04:25:22','2024-04-09 04:25:22','false'),(223,29,0,0,'1 direction',59,20,2,2,3,46,'not block','CH08',46,46,'2024-04-09 04:25:25','2024-04-09 04:25:25','false'),(224,30,0,0,'1 direction',59,20,2,2,3,46,'not block','CH08',46,46,'2024-04-09 04:25:28','2024-04-09 04:25:28','false'),(226,5,0,0,'1 direction',59,20,2,2,3,46,'not block','CH09',46,46,'2024-04-09 04:31:49','2024-04-09 04:31:49','false'),(227,6,0,0,'1 direction',59,20,2,2,3,46,'not block','CH09',46,46,'2024-04-09 04:31:52','2024-04-09 04:31:52','false'),(228,7,0,0,'1 direction',59,20,2,2,3,46,'not block','CH09',46,46,'2024-04-09 04:31:57','2024-04-09 04:31:57','false'),(229,8,0,0,'1 direction',59,20,2,2,3,46,'not block','CH09',46,46,'2024-04-09 04:31:58','2024-04-09 04:31:58','false'),(230,9,0,0,'1 direction',59,20,2,2,3,46,'not block','CH09',46,46,'2024-04-09 04:32:01','2024-04-09 04:32:01','false'),(231,10,0,0,'1 direction',59,20,2,2,3,46,'not block','CH09',46,46,'2024-04-09 04:32:03','2024-04-09 04:32:03','false'),(232,11,0,0,'1 direction',59,20,2,2,3,46,'not block','CH09',46,46,'2024-04-09 04:32:04','2024-04-09 04:32:04','false'),(233,12,0,0,'1 direction',59,20,2,2,3,46,'not block','CH09',46,46,'2024-04-09 04:32:06','2024-04-09 04:32:06','false'),(234,13,0,0,'1 direction',59,20,2,2,3,46,'not block','CH09',46,46,'2024-04-09 04:32:08','2024-04-09 04:32:08','false'),(235,14,0,0,'1 direction',59,20,2,2,3,46,'not block','CH09',46,46,'2024-04-09 04:32:10','2024-04-09 04:32:10','false'),(236,15,0,0,'1 direction',59,20,2,2,3,46,'not block','CH09',46,46,'2024-04-09 04:32:12','2024-04-09 04:32:12','false'),(237,16,0,0,'1 direction',59,20,2,2,3,46,'not block','CH09',46,46,'2024-04-09 04:32:13','2024-04-09 04:32:13','false'),(238,17,0,0,'1 direction',59,20,2,2,3,46,'not block','CH09',46,46,'2024-04-09 04:32:15','2024-04-09 04:32:15','false'),(239,18,0,0,'1 direction',59,20,2,2,3,46,'not block','CH09',46,46,'2024-04-09 04:32:17','2024-04-09 04:32:17','false'),(240,19,0,0,'1 direction',59,20,2,2,3,46,'not block','CH09',46,46,'2024-04-09 04:32:19','2024-04-09 04:32:19','false'),(241,20,0,0,'1 direction',59,20,2,2,3,46,'not block','CH09',46,46,'2024-04-09 04:32:21','2024-04-09 04:32:21','false'),(242,21,0,0,'1 direction',59,20,2,2,3,46,'not block','CH09',46,46,'2024-04-09 04:32:22','2024-04-09 04:32:22','false'),(243,22,0,0,'1 direction',59,20,2,2,3,46,'not block','CH09',46,46,'2024-04-09 04:32:24','2024-04-09 04:32:24','false'),(244,23,0,0,'1 direction',59,20,2,2,3,46,'not block','CH09',46,46,'2024-04-09 04:32:26','2024-04-09 04:32:26','false'),(245,24,0,0,'1 direction',59,20,2,2,3,46,'not block','CH09',46,46,'2024-04-09 04:32:28','2024-04-09 04:32:28','false'),(246,25,0,0,'1 direction',59,20,2,2,3,46,'not block','CH09',46,46,'2024-04-09 04:32:29','2024-04-09 04:32:29','false'),(247,26,0,0,'1 direction',59,20,2,2,3,46,'not block','CH09',46,46,'2024-04-09 04:32:32','2024-04-09 04:32:32','false'),(248,27,0,0,'1 direction',59,20,2,2,3,46,'not block','CH09',46,46,'2024-04-09 04:32:34','2024-04-09 04:32:34','false'),(249,28,0,0,'1 direction',59,20,2,2,3,46,'not block','CH09',46,46,'2024-04-09 04:32:35','2024-04-09 04:32:35','false'),(250,29,0,0,'1 direction',59,20,2,2,3,46,'not block','CH09',46,46,'2024-04-09 04:32:37','2024-04-09 04:32:37','false'),(251,30,0,0,'1 direction',59,20,2,2,3,46,'not block','CH09',46,46,'2024-04-09 04:32:40','2024-04-09 04:32:40','false'),(253,5,0,0,'1 direction',31,20,1,0,1,46,'not block','CH10',46,46,'2024-04-09 04:48:43','2024-04-09 04:48:43','false'),(254,6,0,0,'1 direction',31,20,1,0,1,46,'not block','CH10',46,46,'2024-04-09 04:48:47','2024-04-09 04:48:47','false'),(255,7,0,0,'1 direction',31,20,1,0,1,46,'not block','CH10',46,46,'2024-04-09 04:48:49','2024-04-09 04:48:49','false'),(256,8,0,0,'1 direction',31,20,1,0,1,46,'not block','CH10',46,46,'2024-04-09 04:48:52','2024-04-09 04:48:52','false'),(257,9,0,0,'1 direction',31,20,1,0,1,46,'not block','CH10',46,46,'2024-04-09 04:48:54','2024-04-09 04:48:54','false'),(258,10,0,0,'1 direction',31,20,1,0,1,46,'not block','CH10',46,46,'2024-04-09 04:48:56','2024-04-09 04:48:56','false'),(259,11,0,0,'1 direction',31,20,1,0,1,46,'not block','CH10',46,46,'2024-04-09 04:48:57','2024-04-09 04:48:57','false'),(260,12,0,0,'1 direction',31,20,1,0,1,46,'not block','CH10',46,46,'2024-04-09 04:48:59','2024-04-09 04:48:59','false'),(261,13,0,0,'1 direction',31,20,1,0,1,46,'not block','CH10',46,46,'2024-04-09 04:49:01','2024-04-09 04:49:01','false'),(262,14,0,0,'1 direction',31,20,1,0,1,46,'not block','CH10',46,46,'2024-04-09 04:49:03','2024-04-09 04:49:03','false'),(263,15,0,0,'1 direction',31,20,1,0,1,46,'not block','CH10',46,46,'2024-04-09 04:49:05','2024-04-09 04:49:05','false'),(264,16,0,0,'1 direction',31,20,1,0,1,46,'not block','CH10',46,46,'2024-04-09 04:49:06','2024-04-09 04:49:06','false'),(265,17,0,0,'1 direction',31,20,1,0,1,46,'not block','CH10',46,46,'2024-04-09 04:49:08','2024-04-09 04:49:08','false'),(266,18,0,0,'1 direction',31,20,1,0,1,46,'not block','CH10',46,46,'2024-04-09 04:49:10','2024-04-09 04:49:10','false'),(267,19,0,0,'1 direction',31,20,1,0,1,46,'not block','CH10',46,46,'2024-04-09 04:49:11','2024-04-09 04:49:11','false'),(268,20,0,0,'1 direction',31,20,1,0,1,46,'not block','CH10',46,46,'2024-04-09 04:49:14','2024-04-09 04:49:14','false'),(269,21,0,0,'1 direction',31,20,1,0,1,46,'not block','CH10',46,46,'2024-04-09 04:49:15','2024-04-09 04:49:15','false'),(270,22,0,0,'1 direction',31,20,1,0,1,46,'not block','CH10',46,46,'2024-04-09 04:49:17','2024-04-09 04:49:17','false'),(271,23,0,0,'1 direction',31,20,1,0,1,46,'not block','CH10',46,46,'2024-04-09 04:49:19','2024-04-09 04:49:19','false'),(272,24,0,0,'1 direction',31,20,1,0,1,46,'not block','CH10',46,46,'2024-04-09 04:49:21','2024-04-09 04:49:21','false'),(273,25,0,0,'1 direction',31,20,1,0,1,46,'not block','CH10',46,46,'2024-04-09 04:49:23','2024-04-09 04:49:23','false'),(274,26,0,0,'1 direction',31,20,1,0,1,46,'not block','CH10',46,46,'2024-04-09 04:49:24','2024-04-09 04:49:24','false'),(275,27,0,0,'1 direction',31,20,1,0,1,46,'not block','CH10',46,46,'2024-04-09 04:49:26','2024-04-09 04:49:26','false'),(276,28,0,0,'1 direction',31,20,1,0,1,46,'not block','CH10',46,46,'2024-04-09 04:49:28','2024-04-09 04:49:28','false'),(277,29,0,0,'1 direction',31,20,1,0,1,46,'not block','CH10',46,46,'2024-04-09 04:49:29','2024-04-09 04:49:29','false'),(278,30,0,0,'1 direction',31,20,1,0,1,46,'not block','CH10',46,46,'2024-04-09 04:49:32','2024-04-09 04:49:32','false'),(280,5,0,0,'1 direction',69,20,2,2,3,46,'not block','CH11',46,46,'2024-04-09 04:50:58','2024-04-09 04:50:58','false'),(281,6,0,0,'1 direction',69,20,2,2,3,46,'not block','CH11',46,46,'2024-04-09 04:51:00','2024-04-09 04:51:00','false'),(282,7,0,0,'1 direction',69,20,2,2,3,46,'not block','CH11',46,46,'2024-04-09 04:51:02','2024-04-09 04:51:02','false'),(283,8,0,0,'1 direction',69,20,2,2,3,46,'not block','CH11',46,46,'2024-04-09 04:51:04','2024-04-09 04:51:04','false'),(284,9,0,0,'1 direction',69,20,2,2,3,46,'not block','CH11',46,46,'2024-04-09 04:51:07','2024-04-09 04:51:07','false'),(285,10,0,0,'1 direction',69,20,2,2,3,46,'not block','CH11',46,46,'2024-04-09 04:51:09','2024-04-09 04:51:09','false'),(286,11,0,0,'1 direction',69,20,2,2,3,46,'not block','CH11',46,46,'2024-04-09 04:51:10','2024-04-09 04:51:10','false'),(287,12,0,0,'1 direction',69,20,2,2,3,46,'not block','CH11',46,46,'2024-04-09 04:51:12','2024-04-09 04:51:12','false'),(288,13,0,0,'1 direction',69,20,2,2,3,46,'not block','CH11',46,46,'2024-04-09 04:51:13','2024-04-09 04:51:13','false'),(289,14,0,0,'1 direction',69,20,2,2,3,46,'not block','CH11',46,46,'2024-04-09 04:51:15','2024-04-09 04:51:15','false'),(290,15,0,0,'1 direction',69,20,2,2,3,46,'not block','CH11',46,46,'2024-04-09 04:51:17','2024-04-09 04:51:17','false'),(291,16,0,0,'1 direction',69,20,2,2,3,46,'not block','CH11',46,46,'2024-04-09 04:51:18','2024-04-09 04:51:18','false'),(292,17,0,0,'1 direction',69,20,2,2,3,46,'not block','CH11',46,46,'2024-04-09 04:51:20','2024-04-09 04:51:20','false'),(293,18,0,0,'1 direction',69,20,2,2,3,46,'not block','CH11',46,46,'2024-04-09 04:51:22','2024-04-09 04:51:22','false'),(294,19,0,0,'1 direction',69,20,2,2,3,46,'not block','CH11',46,46,'2024-04-09 04:51:23','2024-04-09 04:51:23','false'),(295,20,0,0,'1 direction',69,20,2,2,3,46,'not block','CH11',46,46,'2024-04-09 04:51:25','2024-04-09 04:51:25','false'),(296,21,0,0,'1 direction',69,20,2,2,3,46,'not block','CH11',46,46,'2024-04-09 04:51:26','2024-04-09 04:51:26','false'),(297,22,0,0,'1 direction',69,20,2,2,3,46,'not block','CH11',46,46,'2024-04-09 04:51:28','2024-04-09 04:51:28','false'),(298,23,0,0,'1 direction',69,20,2,2,3,46,'not block','CH11',46,46,'2024-04-09 04:51:29','2024-04-09 04:51:29','false'),(299,24,0,0,'1 direction',69,20,2,2,3,46,'not block','CH11',46,46,'2024-04-09 04:51:31','2024-04-09 04:51:31','false'),(300,25,0,0,'1 direction',69,20,2,2,3,46,'not block','CH11',46,46,'2024-04-09 04:51:33','2024-04-09 04:51:33','false'),(301,26,0,0,'1 direction',69,20,2,2,3,46,'not block','CH11',46,46,'2024-04-09 04:51:34','2024-04-09 04:51:34','false'),(302,27,0,0,'1 direction',69,20,2,2,3,46,'not block','CH11',46,46,'2024-04-09 04:51:36','2024-04-09 04:51:36','false'),(303,28,0,0,'1 direction',69,20,2,2,3,46,'not block','CH11',46,46,'2024-04-09 04:51:38','2024-04-09 04:51:38','false'),(304,29,0,0,'1 direction',69,20,2,2,3,46,'not block','CH11',46,46,'2024-04-09 04:51:40','2024-04-09 04:51:40','false'),(305,30,0,0,'1 direction',69,20,2,2,3,46,'not block','CH11',46,46,'2024-04-09 04:51:42','2024-04-09 04:51:42','false'),(307,5,0,0,'1 direction',59,20,2,2,3,46,'not block','CH12',46,46,'2024-04-09 05:00:41','2024-04-09 05:00:41','false'),(308,6,0,0,'1 direction',59,20,2,2,3,46,'not block','CH12',46,46,'2024-04-09 05:00:46','2024-04-09 05:00:46','false'),(309,7,0,0,'1 direction',59,20,2,2,3,46,'not block','CH12',46,46,'2024-04-09 05:00:48','2024-04-09 05:00:48','false'),(310,8,0,0,'1 direction',59,20,2,2,3,46,'not block','CH12',46,46,'2024-04-09 05:00:50','2024-04-09 05:00:50','false'),(311,9,0,0,'1 direction',59,20,2,2,3,46,'not block','CH12',46,46,'2024-04-09 05:00:51','2024-04-09 05:00:51','false'),(312,10,0,0,'1 direction',59,20,2,2,3,46,'not block','CH12',46,46,'2024-04-09 05:00:54','2024-04-09 05:00:54','false'),(313,11,0,0,'1 direction',59,20,2,2,3,46,'not block','CH12',46,46,'2024-04-09 05:00:55','2024-04-09 05:00:55','false'),(314,12,0,0,'1 direction',59,20,2,2,3,46,'not block','CH12',46,46,'2024-04-09 05:00:57','2024-04-09 05:00:57','false'),(315,13,0,0,'1 direction',59,20,2,2,3,46,'not block','CH12',46,46,'2024-04-09 05:00:59','2024-04-09 05:00:59','false'),(316,14,0,0,'1 direction',59,20,2,2,3,46,'not block','CH12',46,46,'2024-04-09 05:01:01','2024-04-09 05:01:01','false'),(317,15,0,0,'1 direction',59,20,2,2,3,46,'not block','CH12',46,46,'2024-04-09 05:01:02','2024-04-09 05:01:02','false'),(318,16,0,0,'1 direction',59,20,2,2,3,46,'not block','CH12',46,46,'2024-04-09 05:01:04','2024-04-09 05:01:04','false'),(319,17,0,0,'1 direction',59,20,2,2,3,46,'not block','CH12',46,46,'2024-04-09 05:01:05','2024-04-09 05:01:05','false'),(320,18,0,0,'1 direction',59,20,2,2,3,46,'not block','CH12',46,46,'2024-04-09 05:01:08','2024-04-09 05:01:08','false'),(321,19,0,0,'1 direction',59,20,2,2,3,46,'not block','CH12',46,46,'2024-04-09 05:01:09','2024-04-09 05:01:09','false'),(322,20,0,0,'1 direction',59,20,2,2,3,46,'not block','CH12',46,46,'2024-04-09 05:01:11','2024-04-09 05:01:11','false'),(323,21,0,0,'1 direction',59,20,2,2,3,46,'not block','CH12',46,46,'2024-04-09 05:01:13','2024-04-09 05:01:13','false'),(324,22,0,0,'1 direction',59,20,2,2,3,46,'not block','CH12',46,46,'2024-04-09 05:01:14','2024-04-09 05:01:14','false'),(325,23,0,0,'1 direction',59,20,2,2,3,46,'not block','CH12',46,46,'2024-04-09 05:01:15','2024-04-09 05:01:15','false'),(326,24,0,0,'1 direction',59,20,2,2,3,46,'not block','CH12',46,46,'2024-04-09 05:01:17','2024-04-09 05:01:17','false'),(327,25,0,0,'1 direction',59,20,2,2,3,46,'not block','CH12',46,46,'2024-04-09 05:01:18','2024-04-09 05:01:18','false'),(328,26,0,0,'1 direction',59,20,2,2,3,46,'not block','CH12',46,46,'2024-04-09 05:01:20','2024-04-09 05:01:20','false'),(329,27,0,0,'1 direction',59,20,2,2,3,46,'not block','CH12',46,46,'2024-04-09 05:01:22','2024-04-09 05:01:22','false'),(330,28,0,0,'1 direction',59,20,2,2,3,46,'not block','CH12',46,46,'2024-04-09 05:01:24','2024-04-09 05:01:24','false'),(331,29,0,0,'1 direction',59,20,2,2,3,46,'not block','CH12',46,46,'2024-04-09 05:01:26','2024-04-09 05:01:26','false'),(332,30,0,0,'1 direction',59,20,2,2,3,46,'not block','CH12',46,46,'2024-04-09 05:01:28','2024-04-09 05:01:28','false'),(334,5,0,0,'1 direction',58,20,2,2,3,46,'not block','CH13',46,46,'2024-04-09 05:02:55','2024-04-09 05:02:55','false'),(335,6,0,0,'1 direction',58,20,2,2,3,46,'not block','CH13',46,46,'2024-04-09 05:02:57','2024-04-09 05:02:57','false'),(336,7,0,0,'1 direction',58,20,2,2,3,46,'not block','CH13',46,46,'2024-04-09 05:02:59','2024-04-09 05:02:59','false'),(337,8,0,0,'1 direction',58,20,2,2,3,46,'not block','CH13',46,46,'2024-04-09 05:03:01','2024-04-09 05:03:01','false'),(338,9,0,0,'1 direction',58,20,2,2,3,46,'not block','CH13',46,46,'2024-04-09 05:03:03','2024-04-09 05:03:03','false'),(339,10,0,0,'1 direction',58,20,2,2,3,46,'not block','CH13',46,46,'2024-04-09 05:03:05','2024-04-09 05:03:05','false'),(340,11,0,0,'1 direction',58,20,2,2,3,46,'not block','CH13',46,46,'2024-04-09 05:03:06','2024-04-09 05:03:06','false'),(341,12,0,0,'1 direction',58,20,2,2,3,46,'not block','CH13',46,46,'2024-04-09 05:03:07','2024-04-09 05:03:07','false'),(342,13,0,0,'1 direction',58,20,2,2,3,46,'not block','CH13',46,46,'2024-04-09 05:03:10','2024-04-09 05:03:10','false'),(343,14,0,0,'1 direction',58,20,2,2,3,46,'not block','CH13',46,46,'2024-04-09 05:03:12','2024-04-09 05:03:12','false'),(344,15,0,0,'1 direction',58,20,2,2,3,46,'not block','CH13',46,46,'2024-04-09 05:03:14','2024-04-09 05:03:14','false'),(345,16,0,0,'1 direction',58,20,2,2,3,46,'not block','CH13',46,46,'2024-04-09 05:03:15','2024-04-09 05:03:15','false'),(346,17,0,0,'1 direction',58,20,2,2,3,46,'not block','CH13',46,46,'2024-04-09 05:03:17','2024-04-09 05:03:17','false'),(347,18,0,0,'1 direction',58,20,2,2,3,46,'not block','CH13',46,46,'2024-04-09 05:03:18','2024-04-09 05:03:18','false'),(348,19,0,0,'1 direction',58,20,2,2,3,46,'not block','CH13',46,46,'2024-04-09 05:03:20','2024-04-09 05:03:20','false'),(349,20,0,0,'1 direction',58,20,2,2,3,46,'not block','CH13',46,46,'2024-04-09 05:03:22','2024-04-09 05:03:22','false'),(350,21,0,0,'1 direction',58,20,2,2,3,46,'not block','CH13',46,46,'2024-04-09 05:03:24','2024-04-09 05:03:24','false'),(351,22,0,0,'1 direction',58,20,2,2,3,46,'not block','CH13',46,46,'2024-04-09 05:03:25','2024-04-09 05:03:25','false'),(352,23,0,0,'1 direction',58,20,2,2,3,46,'not block','CH13',46,46,'2024-04-09 05:03:27','2024-04-09 05:03:27','false'),(353,24,0,0,'1 direction',58,20,2,2,3,46,'not block','CH13',46,46,'2024-04-09 05:03:28','2024-04-09 05:03:28','false'),(354,25,0,0,'1 direction',58,20,2,2,3,46,'not block','CH13',46,46,'2024-04-09 05:03:30','2024-04-09 05:03:30','false'),(355,26,0,0,'1 direction',58,20,2,2,3,46,'not block','CH13',46,46,'2024-04-09 05:03:32','2024-04-09 05:03:32','false'),(356,27,0,0,'1 direction',58,20,2,2,3,46,'not block','CH13',46,46,'2024-04-09 05:03:34','2024-04-09 05:03:34','false'),(357,28,0,0,'1 direction',58,20,2,2,3,46,'not block','CH13',46,46,'2024-04-09 05:03:35','2024-04-09 05:03:35','false'),(358,29,0,0,'1 direction',58,20,2,2,3,46,'not block','CH13',46,46,'2024-04-09 05:03:37','2024-04-09 05:03:37','false'),(359,30,0,0,'1 direction',58,20,2,2,3,46,'not block','CH13',46,46,'2024-04-09 05:03:39','2024-04-09 05:03:39','false'),(361,5,0,0,'1 direction',51,20,1,1,2,46,'not block','CH14',46,46,'2024-04-09 05:04:44','2024-04-09 05:04:44','false'),(362,6,0,0,'1 direction',51,20,1,1,2,46,'not block','CH14',46,46,'2024-04-09 05:04:47','2024-04-09 05:04:47','false'),(363,7,0,0,'1 direction',51,20,1,1,2,46,'not block','CH14',46,46,'2024-04-09 05:04:49','2024-04-09 05:04:49','false'),(364,8,0,0,'1 direction',51,20,1,1,2,46,'not block','CH14',46,46,'2024-04-09 05:04:52','2024-04-09 05:04:52','false'),(365,9,0,0,'1 direction',51,20,1,1,2,46,'not block','CH14',46,46,'2024-04-09 05:04:55','2024-04-09 05:04:55','false'),(366,10,0,0,'1 direction',51,20,1,1,2,46,'not block','CH14',46,46,'2024-04-09 05:04:57','2024-04-09 05:04:57','false'),(367,11,0,0,'1 direction',51,20,1,1,2,46,'not block','CH14',46,46,'2024-04-09 05:04:59','2024-04-09 05:04:59','false'),(368,12,0,0,'1 direction',51,20,1,1,2,46,'not block','CH14',46,46,'2024-04-09 05:05:01','2024-04-09 05:05:01','false'),(369,13,0,0,'1 direction',51,20,1,1,2,46,'not block','CH14',46,46,'2024-04-09 05:05:02','2024-04-09 05:05:02','false'),(370,14,0,0,'1 direction',51,20,1,1,2,46,'not block','CH14',46,46,'2024-04-09 05:05:04','2024-04-09 05:05:04','false'),(371,15,0,0,'1 direction',51,20,1,1,2,46,'not block','CH14',46,46,'2024-04-09 05:05:05','2024-04-09 05:05:05','false'),(372,16,0,0,'1 direction',51,20,1,1,2,46,'not block','CH14',46,46,'2024-04-09 05:05:07','2024-04-09 05:05:07','false'),(373,17,0,0,'1 direction',51,20,1,1,2,46,'not block','CH14',46,46,'2024-04-09 05:05:09','2024-04-09 05:05:09','false'),(374,18,0,0,'1 direction',51,20,1,1,2,46,'not block','CH14',46,46,'2024-04-09 05:05:11','2024-04-09 05:05:11','false'),(375,19,0,0,'1 direction',51,20,1,1,2,46,'not block','CH14',46,46,'2024-04-09 05:05:13','2024-04-09 05:05:13','false'),(376,20,0,0,'1 direction',51,20,1,1,2,46,'not block','CH14',46,46,'2024-04-09 05:05:16','2024-04-09 05:05:16','false'),(377,21,0,0,'1 direction',51,20,1,1,2,46,'not block','CH14',46,46,'2024-04-09 05:05:17','2024-04-09 05:05:17','false'),(378,22,0,0,'1 direction',51,20,1,1,2,46,'not block','CH14',46,46,'2024-04-09 05:05:19','2024-04-09 05:05:19','false'),(379,23,0,0,'1 direction',51,20,1,1,2,46,'not block','CH14',46,46,'2024-04-09 05:05:20','2024-04-09 05:05:20','false'),(380,24,0,0,'1 direction',51,20,1,1,2,46,'not block','CH14',46,46,'2024-04-09 05:05:22','2024-04-09 05:05:22','false'),(381,25,0,0,'1 direction',51,20,1,1,2,46,'not block','CH14',46,46,'2024-04-09 05:05:24','2024-04-09 05:05:24','false'),(382,26,0,0,'1 direction',51,20,1,1,2,46,'not block','CH14',46,46,'2024-04-09 05:05:25','2024-04-09 05:05:25','false'),(383,27,0,0,'1 direction',51,20,1,1,2,46,'not block','CH14',46,46,'2024-04-09 05:05:27','2024-04-09 05:05:27','false'),(384,28,0,0,'1 direction',51,20,1,1,2,46,'not block','CH14',46,46,'2024-04-09 05:05:29','2024-04-09 05:05:29','false'),(385,29,0,0,'1 direction',51,20,1,1,2,46,'not block','CH14',46,46,'2024-04-09 05:05:31','2024-04-09 05:05:31','false'),(386,30,0,0,'1 direction',51,20,1,1,2,46,'not block','CH14',46,46,'2024-04-09 05:05:33','2024-04-09 05:05:33','false'),(388,5,0,0,'2 direction',69,20,2,2,3,46,'not block','CH15',46,46,'2024-04-09 05:17:18','2024-04-09 05:17:18','false'),(389,6,0,0,'2 direction',69,20,2,2,3,46,'not block','CH15',46,46,'2024-04-09 05:17:21','2024-04-09 05:17:21','false'),(390,7,0,0,'2 direction',69,20,2,2,3,46,'not block','CH15',46,46,'2024-04-09 05:17:23','2024-04-09 05:17:23','false'),(391,8,0,0,'2 direction',69,20,2,2,3,46,'not block','CH15',46,46,'2024-04-09 05:17:25','2024-04-09 05:17:25','false'),(392,9,0,0,'2 direction',69,20,2,2,3,46,'not block','CH15',46,46,'2024-04-09 05:17:26','2024-04-09 05:17:26','false'),(393,10,0,0,'2 direction',69,20,2,2,3,46,'not block','CH15',46,46,'2024-04-09 05:17:28','2024-04-09 05:17:28','false'),(394,11,0,0,'2 direction',69,20,2,2,3,46,'not block','CH15',46,46,'2024-04-09 05:17:30','2024-04-09 05:17:30','false'),(395,12,0,0,'2 direction',69,20,2,2,3,46,'not block','CH15',46,46,'2024-04-09 05:17:31','2024-04-09 05:17:31','false'),(396,13,0,0,'2 direction',69,20,2,2,3,46,'not block','CH15',46,46,'2024-04-09 05:17:33','2024-04-09 05:17:33','false'),(397,14,0,0,'2 direction',69,20,2,2,3,46,'not block','CH15',46,46,'2024-04-09 05:17:35','2024-04-09 05:17:35','false'),(398,15,0,0,'2 direction',69,20,2,2,3,46,'not block','CH15',46,46,'2024-04-09 05:17:36','2024-04-09 05:17:36','false'),(399,16,0,0,'2 direction',69,20,2,2,3,46,'not block','CH15',46,46,'2024-04-09 05:17:37','2024-04-09 05:17:37','false'),(400,17,0,0,'2 direction',69,20,2,2,3,46,'not block','CH15',46,46,'2024-04-09 05:17:39','2024-04-09 05:17:39','false'),(401,18,0,0,'2 direction',69,20,2,2,3,46,'not block','CH15',46,46,'2024-04-09 05:17:41','2024-04-09 05:17:41','false'),(402,19,0,0,'2 direction',69,20,2,2,3,46,'not block','CH15',46,46,'2024-04-09 05:17:42','2024-04-09 05:17:42','false'),(403,20,0,0,'2 direction',69,20,2,2,3,46,'not block','CH15',46,46,'2024-04-09 05:17:45','2024-04-09 05:17:45','false'),(404,21,0,0,'2 direction',69,20,2,2,3,46,'not block','CH15',46,46,'2024-04-09 05:17:47','2024-04-09 05:17:47','false'),(405,22,0,0,'2 direction',69,20,2,2,3,46,'not block','CH15',46,46,'2024-04-09 05:17:48','2024-04-09 05:17:48','false'),(406,23,0,0,'2 direction',69,20,2,2,3,46,'not block','CH15',46,46,'2024-04-09 05:17:50','2024-04-09 05:17:50','false'),(407,24,0,0,'2 direction',69,20,2,2,3,46,'not block','CH15',46,46,'2024-04-09 05:17:51','2024-04-09 05:17:51','false'),(408,25,0,0,'2 direction',69,20,2,2,3,46,'not block','CH15',46,46,'2024-04-09 05:17:55','2024-04-09 05:17:55','false'),(409,26,0,0,'2 direction',69,20,2,2,3,46,'not block','CH15',46,46,'2024-04-09 05:17:57','2024-04-09 05:17:57','false'),(410,27,0,0,'2 direction',69,20,2,2,3,46,'not block','CH15',46,46,'2024-04-09 05:17:59','2024-04-09 05:17:59','false'),(411,28,0,0,'2 direction',69,20,2,2,3,46,'not block','CH15',46,46,'2024-04-09 05:18:01','2024-04-09 05:18:01','false'),(412,29,0,0,'2 direction',69,20,2,2,3,46,'not block','CH15',46,46,'2024-04-09 05:18:02','2024-04-09 05:18:02','false'),(413,30,0,0,'2 direction',69,20,2,2,3,46,'not block','CH15',46,46,'2024-04-09 05:18:05','2024-04-09 05:18:05','false'),(415,5,0,0,'2 direction',69,20,2,2,3,46,'not block','CH16',46,46,'2024-04-09 05:21:20','2024-04-09 05:21:20','false'),(416,6,0,0,'2 direction',69,20,2,2,3,46,'not block','CH16',46,46,'2024-04-09 05:21:31','2024-04-09 05:21:31','false'),(417,7,0,0,'2 direction',69,20,2,2,3,46,'not block','CH16',46,46,'2024-04-09 05:21:32','2024-04-09 05:21:32','false'),(418,8,0,0,'2 direction',69,20,2,2,3,46,'not block','CH16',46,46,'2024-04-09 05:21:34','2024-04-09 05:21:34','false'),(419,9,0,0,'2 direction',69,20,2,2,3,46,'not block','CH16',46,46,'2024-04-09 05:21:36','2024-04-09 05:21:36','false'),(420,10,0,0,'2 direction',69,20,2,2,3,46,'not block','CH16',46,46,'2024-04-09 05:21:38','2024-04-09 05:21:38','false'),(421,11,0,0,'2 direction',69,20,2,2,3,46,'not block','CH16',46,46,'2024-04-09 05:21:40','2024-04-09 05:21:40','false'),(422,12,0,0,'2 direction',69,20,2,2,3,46,'not block','CH16',46,46,'2024-04-09 05:21:41','2024-04-09 05:21:41','false'),(423,13,0,0,'2 direction',69,20,2,2,3,46,'not block','CH16',46,46,'2024-04-09 05:21:43','2024-04-09 05:21:43','false'),(424,14,0,0,'2 direction',69,20,2,2,3,46,'not block','CH16',46,46,'2024-04-09 05:21:45','2024-04-09 05:21:45','false'),(425,15,0,0,'2 direction',69,20,2,2,3,46,'not block','CH16',46,46,'2024-04-09 05:21:46','2024-04-09 05:21:46','false'),(426,16,0,0,'2 direction',69,20,2,2,3,46,'not block','CH16',46,46,'2024-04-09 05:21:48','2024-04-09 05:21:48','false'),(428,17,0,0,'2 direction',69,20,2,2,3,46,'not block','CH16',46,46,'2024-04-09 05:21:54','2024-04-09 05:21:54','false'),(429,18,0,0,'2 direction',69,20,2,2,3,46,'not block','CH16',46,46,'2024-04-09 05:21:55','2024-04-09 05:21:55','false'),(430,19,0,0,'2 direction',69,20,2,2,3,46,'not block','CH16',46,46,'2024-04-09 05:21:57','2024-04-09 05:21:57','false'),(431,20,0,0,'2 direction',69,20,2,2,3,46,'not block','CH16',46,46,'2024-04-09 05:21:59','2024-04-09 05:21:59','false'),(432,21,0,0,'2 direction',69,20,2,2,3,46,'not block','CH16',46,46,'2024-04-09 05:22:00','2024-04-09 05:22:00','false'),(433,22,0,0,'2 direction',69,20,2,2,3,46,'not block','CH16',46,46,'2024-04-09 05:22:02','2024-04-09 05:22:02','false'),(434,23,0,0,'2 direction',69,20,2,2,3,46,'not block','CH16',46,46,'2024-04-09 05:22:03','2024-04-09 05:22:03','false'),(435,24,0,0,'2 direction',69,20,2,2,3,46,'not block','CH16',46,46,'2024-04-09 05:22:05','2024-04-09 05:22:05','false'),(436,25,0,0,'2 direction',69,20,2,2,3,46,'not block','CH16',46,46,'2024-04-09 05:22:06','2024-04-09 05:22:06','false'),(437,26,0,0,'2 direction',69,20,2,2,3,46,'not block','CH16',46,46,'2024-04-09 05:22:08','2024-04-09 05:22:08','false'),(438,27,0,0,'2 direction',69,20,2,2,3,46,'not block','CH16',46,46,'2024-04-09 05:22:10','2024-04-09 05:22:10','false'),(439,28,0,0,'2 direction',69,20,2,2,3,46,'not block','CH16',46,46,'2024-04-09 05:22:12','2024-04-09 05:22:12','false'),(440,29,0,0,'2 direction',69,20,2,2,3,46,'not block','CH16',46,46,'2024-04-09 05:22:13','2024-04-09 05:22:13','false'),(441,30,0,0,'2 direction',69,20,2,2,3,46,'not block','CH16',46,46,'2024-04-09 05:22:17','2024-04-09 05:22:17','false'),(443,5,0,0,'1 direction',46,20,1,1,2,46,'not block','CH17',46,46,'2024-04-09 05:32:39','2024-04-09 05:32:39','false'),(444,6,0,0,'1 direction',46,20,1,1,2,46,'not block','CH17',46,46,'2024-04-09 05:32:52','2024-04-09 05:32:52','false'),(445,7,0,0,'1 direction',46,20,1,1,2,46,'not block','CH17',46,46,'2024-04-09 05:32:53','2024-04-09 05:32:53','false'),(446,8,0,0,'1 direction',46,20,1,1,2,46,'not block','CH17',46,46,'2024-04-09 05:32:55','2024-04-09 05:32:55','false'),(447,9,0,0,'1 direction',46,20,1,1,2,46,'not block','CH17',46,46,'2024-04-09 05:32:58','2024-04-09 05:32:58','false'),(448,10,0,0,'1 direction',46,20,1,1,2,46,'not block','CH17',46,46,'2024-04-09 05:32:59','2024-04-09 05:32:59','false'),(449,11,0,0,'1 direction',46,20,1,1,2,46,'not block','CH17',46,46,'2024-04-09 05:33:01','2024-04-09 05:33:01','false'),(450,12,0,0,'1 direction',46,20,1,1,2,46,'not block','CH17',46,46,'2024-04-09 05:33:02','2024-04-09 05:33:02','false'),(451,13,0,0,'1 direction',46,20,1,1,2,46,'not block','CH17',46,46,'2024-04-09 05:33:04','2024-04-09 05:33:04','false'),(452,14,0,0,'1 direction',46,20,1,1,2,46,'not block','CH17',46,46,'2024-04-09 05:33:06','2024-04-09 05:33:06','false'),(453,15,0,0,'1 direction',46,20,1,1,2,46,'not block','CH17',46,46,'2024-04-09 05:33:08','2024-04-09 05:33:08','false'),(454,16,0,0,'1 direction',46,20,1,1,2,46,'not block','CH17',46,46,'2024-04-09 05:33:10','2024-04-09 05:33:10','false'),(455,17,0,0,'1 direction',46,20,1,1,2,46,'not block','CH17',46,46,'2024-04-09 05:33:14','2024-04-09 05:33:14','false'),(456,18,0,0,'1 direction',46,20,1,1,2,46,'not block','CH17',46,46,'2024-04-09 05:33:15','2024-04-09 05:33:15','false'),(457,19,0,0,'1 direction',46,20,1,1,2,46,'not block','CH17',46,46,'2024-04-09 05:33:17','2024-04-09 05:33:17','false'),(458,20,0,0,'1 direction',46,20,1,1,2,46,'not block','CH17',46,46,'2024-04-09 05:33:19','2024-04-09 05:33:19','false'),(459,21,0,0,'1 direction',46,20,1,1,2,46,'not block','CH17',46,46,'2024-04-09 05:33:20','2024-04-09 05:33:20','false'),(460,22,0,0,'1 direction',46,20,1,1,2,46,'not block','CH17',46,46,'2024-04-09 05:33:23','2024-04-09 05:33:23','false'),(461,23,0,0,'1 direction',46,20,1,1,2,46,'not block','CH17',46,46,'2024-04-09 05:33:24','2024-04-09 05:33:24','false'),(462,24,0,0,'1 direction',46,20,1,1,2,46,'not block','CH17',46,46,'2024-04-09 05:33:26','2024-04-09 05:33:26','false'),(463,25,0,0,'1 direction',46,20,1,1,2,46,'not block','CH17',46,46,'2024-04-09 05:33:28','2024-04-09 05:33:28','false'),(464,26,0,0,'1 direction',46,20,1,1,2,46,'not block','CH17',46,46,'2024-04-09 05:33:29','2024-04-09 05:33:29','false'),(465,27,0,0,'1 direction',46,20,1,1,2,46,'not block','CH17',46,46,'2024-04-09 05:33:31','2024-04-09 05:33:31','false'),(466,28,0,0,'1 direction',46,20,1,1,2,46,'not block','CH17',46,46,'2024-04-09 05:33:33','2024-04-09 05:33:33','false'),(467,29,0,0,'1 direction',46,20,1,1,2,46,'not block','CH17',46,46,'2024-04-09 05:33:34','2024-04-09 05:33:34','false'),(468,30,0,0,'1 direction',46,20,1,1,2,46,'not block','CH17',46,46,'2024-04-09 05:33:36','2024-04-09 05:33:36','false'),(470,5,0,0,'1 direction',46,20,1,1,2,46,'not block','CH18',46,46,'2024-04-09 05:34:08','2024-04-09 05:34:08','false'),(471,6,0,0,'1 direction',46,20,1,1,2,46,'not block','CH18',46,46,'2024-04-09 05:34:10','2024-04-09 05:34:10','false'),(472,7,0,0,'1 direction',46,20,1,1,2,46,'not block','CH18',46,46,'2024-04-09 05:34:12','2024-04-09 05:34:12','false'),(473,8,0,0,'1 direction',46,20,1,1,2,46,'not block','CH18',46,46,'2024-04-09 05:34:14','2024-04-09 05:34:14','false'),(474,9,0,0,'1 direction',46,20,1,1,2,46,'not block','CH18',46,46,'2024-04-09 05:34:15','2024-04-09 05:34:15','false'),(475,10,0,0,'1 direction',46,20,1,1,2,46,'not block','CH18',46,46,'2024-04-09 05:34:17','2024-04-09 05:34:17','false'),(476,11,0,0,'1 direction',46,20,1,1,2,46,'not block','CH18',46,46,'2024-04-09 05:34:19','2024-04-09 05:34:19','false'),(477,12,0,0,'1 direction',46,20,1,1,2,46,'not block','CH18',46,46,'2024-04-09 05:34:20','2024-04-09 05:34:20','false'),(478,13,0,0,'1 direction',46,20,1,1,2,46,'not block','CH18',46,46,'2024-04-09 05:34:22','2024-04-09 05:34:22','false'),(479,14,0,0,'1 direction',46,20,1,1,2,46,'not block','CH18',46,46,'2024-04-09 05:34:24','2024-04-09 05:34:24','false'),(480,15,0,0,'1 direction',46,20,1,1,2,46,'not block','CH18',46,46,'2024-04-09 05:34:25','2024-04-09 05:34:25','false'),(481,16,0,0,'1 direction',46,20,1,1,2,46,'not block','CH18',46,46,'2024-04-09 05:34:27','2024-04-09 05:34:27','false'),(482,17,0,0,'1 direction',46,20,1,1,2,46,'not block','CH18',46,46,'2024-04-09 05:34:29','2024-04-09 05:34:29','false'),(483,18,0,0,'1 direction',46,20,1,1,2,46,'not block','CH18',46,46,'2024-04-09 05:34:30','2024-04-09 05:34:30','false'),(484,19,0,0,'1 direction',46,20,1,1,2,46,'not block','CH18',46,46,'2024-04-09 05:34:32','2024-04-09 05:34:32','false'),(485,20,0,0,'1 direction',46,20,1,1,2,46,'not block','CH18',46,46,'2024-04-09 05:34:34','2024-04-09 05:34:34','false'),(486,21,0,0,'1 direction',46,20,1,1,2,46,'not block','CH18',46,46,'2024-04-09 05:34:35','2024-04-09 05:34:35','false'),(487,22,0,0,'1 direction',46,20,1,1,2,46,'not block','CH18',46,46,'2024-04-09 05:34:37','2024-04-09 05:34:37','false'),(488,23,0,0,'1 direction',46,20,1,1,2,46,'not block','CH18',46,46,'2024-04-09 05:34:39','2024-04-09 05:34:39','false'),(489,24,0,0,'1 direction',46,20,1,1,2,46,'not block','CH18',46,46,'2024-04-09 05:34:41','2024-04-09 05:34:41','false'),(490,25,0,0,'1 direction',46,20,1,1,2,46,'not block','CH18',46,46,'2024-04-09 05:34:43','2024-04-09 05:34:43','false'),(491,26,0,0,'1 direction',46,20,1,1,2,46,'not block','CH18',46,46,'2024-04-09 05:34:46','2024-04-09 05:34:46','false'),(492,27,0,0,'1 direction',46,20,1,1,2,46,'not block','CH18',46,46,'2024-04-09 05:34:48','2024-04-09 05:34:48','false'),(493,28,0,0,'1 direction',46,20,1,1,2,46,'not block','CH18',46,46,'2024-04-09 05:34:57','2024-04-09 05:34:57','false'),(494,29,0,0,'1 direction',46,20,1,1,2,46,'not block','CH18',46,46,'2024-04-09 05:34:59','2024-04-09 05:34:59','false'),(495,30,0,0,'1 direction',46,20,1,1,2,46,'not block','CH18',46,46,'2024-04-09 05:35:02','2024-04-09 05:35:02','false'),(498,5,0,0,'1 direction',33,20,1,0,1,46,'not block','CH19',46,46,'2024-04-09 05:37:29','2024-04-09 05:37:29','false'),(499,6,0,0,'1 direction',33,20,1,0,1,46,'not block','CH19',46,46,'2024-04-09 05:37:31','2024-04-09 05:37:31','false'),(500,7,0,0,'1 direction',33,20,1,0,1,46,'not block','CH19',46,46,'2024-04-09 05:37:33','2024-04-09 05:37:33','false'),(501,8,0,0,'1 direction',33,20,1,0,1,46,'not block','CH19',46,46,'2024-04-09 05:37:35','2024-04-09 05:37:35','false'),(502,9,0,0,'1 direction',33,20,1,0,1,46,'not block','CH19',46,46,'2024-04-09 05:37:37','2024-04-09 05:37:37','false'),(503,10,0,0,'1 direction',33,20,1,0,1,46,'not block','CH19',46,46,'2024-04-09 05:37:39','2024-04-09 05:37:39','false'),(504,11,0,0,'1 direction',33,20,1,0,1,46,'not block','CH19',46,46,'2024-04-09 05:37:40','2024-04-09 05:37:40','false'),(505,12,0,0,'1 direction',33,20,1,0,1,46,'not block','CH19',46,46,'2024-04-09 05:37:42','2024-04-09 05:37:42','false'),(506,13,0,0,'1 direction',33,20,1,0,1,46,'not block','CH19',46,46,'2024-04-09 05:37:44','2024-04-09 05:37:44','false'),(507,14,0,0,'1 direction',33,20,1,0,1,46,'not block','CH19',46,46,'2024-04-09 05:37:45','2024-04-09 05:37:45','false'),(508,15,0,0,'1 direction',33,20,1,0,1,46,'not block','CH19',46,46,'2024-04-09 05:37:47','2024-04-09 05:37:47','false'),(509,16,0,0,'1 direction',33,20,1,0,1,46,'not block','CH19',46,46,'2024-04-09 05:37:48','2024-04-09 05:37:48','false'),(510,17,0,0,'1 direction',33,20,1,0,1,46,'not block','CH19',46,46,'2024-04-09 05:37:50','2024-04-09 05:37:50','false'),(511,18,0,0,'1 direction',33,20,1,0,1,46,'not block','CH19',46,46,'2024-04-09 05:37:52','2024-04-09 05:37:52','false'),(512,19,0,0,'1 direction',33,20,1,0,1,46,'not block','CH19',46,46,'2024-04-09 05:37:53','2024-04-09 05:37:53','false'),(513,20,0,0,'1 direction',33,20,1,0,1,46,'not block','CH19',46,46,'2024-04-09 05:37:55','2024-04-09 05:37:55','false'),(514,21,0,0,'1 direction',33,20,1,0,1,46,'not block','CH19',46,46,'2024-04-09 05:37:57','2024-04-09 05:37:57','false'),(515,22,0,0,'1 direction',33,20,1,0,1,46,'not block','CH19',46,46,'2024-04-09 05:37:58','2024-04-09 05:37:58','false'),(516,23,0,0,'1 direction',33,20,1,0,1,46,'not block','CH19',46,46,'2024-04-09 05:37:59','2024-04-09 05:37:59','false'),(517,24,0,0,'1 direction',33,20,1,0,1,46,'not block','CH19',46,46,'2024-04-09 05:38:01','2024-04-09 05:38:01','false'),(518,25,0,0,'1 direction',33,20,1,0,1,46,'not block','CH19',46,46,'2024-04-09 05:38:03','2024-04-09 05:38:03','false'),(519,26,0,0,'1 direction',33,20,1,0,1,46,'not block','CH19',46,46,'2024-04-09 05:38:04','2024-04-09 05:38:04','false'),(520,27,0,0,'1 direction',33,20,1,0,1,46,'not block','CH19',46,46,'2024-04-09 05:38:06','2024-04-09 05:38:06','false'),(521,28,0,0,'1 direction',33,20,1,0,1,46,'not block','CH19',46,46,'2024-04-09 05:38:09','2024-04-09 05:38:09','false'),(522,29,0,0,'1 direction',33,20,1,0,1,46,'not block','CH19',46,46,'2024-04-09 05:38:10','2024-04-09 05:38:10','false'),(523,30,0,0,'1 direction',33,20,1,0,1,46,'not block','CH19',46,46,'2024-04-09 05:38:12','2024-04-09 05:38:12','false');
/*!40000 ALTER TABLE `tbl_high_area` ENABLE KEYS */;
UNLOCK TABLES;

--
-- Table structure for table `tbl_high_booking`
--

DROP TABLE IF EXISTS `tbl_high_booking`;
/*!40101 SET @saved_cs_client     = @@character_set_client */;
/*!50503 SET character_set_client = utf8mb4 */;
CREATE TABLE `tbl_high_booking` (
  `id` bigint(20) NOT NULL AUTO_INCREMENT,
  `high_area_id` bigint(20) DEFAULT NULL,
  `zone_id` bigint(20) NOT NULL,
  `booking_fee` float NOT NULL,
  `sale_id` bigint(20) NOT NULL,
  `buyer_id` bigint(20) NOT NULL,
  `status` enum('enable','disable','cancelled') NOT NULL,
  `created_by` bigint(20) NOT NULL,
  `updated_by` bigint(20) NOT NULL,
  `created_at` datetime NOT NULL,
  `updated_at` datetime NOT NULL,
  `tbl_high_bookingcol` varchar(45) NOT NULL,
  PRIMARY KEY (`id`),
  KEY `fk_highbooking_higharea_idx` (`high_area_id`),
  KEY `fk_highbooking_profile1_idx` (`sale_id`),
  KEY `fk_highbooking_profile2_idx` (`buyer_id`),
  CONSTRAINT `fk_highbooking_higharea` FOREIGN KEY (`high_area_id`) REFERENCES `tbl_high_area` (`id`) ON DELETE NO ACTION ON UPDATE NO ACTION,
  CONSTRAINT `fk_highbooking_profile1` FOREIGN KEY (`sale_id`) REFERENCES `tbl_profile` (`id`) ON DELETE NO ACTION ON UPDATE NO ACTION,
  CONSTRAINT `fk_highbooking_profile2` FOREIGN KEY (`buyer_id`) REFERENCES `tbl_profile` (`id`) ON DELETE NO ACTION ON UPDATE NO ACTION,
  CONSTRAINT `fk_highbooking_zone` FOREIGN KEY (`zone_id`) REFERENCES `tbl_zone` (`id`) ON DELETE NO ACTION ON UPDATE NO ACTION
) ENGINE=InnoDB AUTO_INCREMENT=4 DEFAULT CHARSET=utf8mb4 COLLATE=utf8mb4_unicode_ci;
/*!40101 SET character_set_client = @saved_cs_client */;

--
-- Dumping data for table `tbl_high_booking`
--

LOCK TABLES `tbl_high_booking` WRITE;
/*!40000 ALTER TABLE `tbl_high_booking` DISABLE KEYS */;
INSERT INTO `tbl_high_booking` VALUES (1,2,40,0,2,2,'',13,13,'2023-11-03 08:31:39','2023-11-03 08:31:39',''),(2,2,40,0,2,2,'cancelled',13,13,'2023-11-03 08:47:08','2023-11-03 09:01:56',''),(3,NULL,39,0,2,2,'',13,13,'2023-11-03 09:19:28','2023-11-03 09:19:28','');
/*!40000 ALTER TABLE `tbl_high_booking` ENABLE KEYS */;
UNLOCK TABLES;

--
-- Table structure for table `tbl_high_list_owner`
--

DROP TABLE IF EXISTS `tbl_high_list_owner`;
/*!40101 SET @saved_cs_client     = @@character_set_client */;
/*!50503 SET character_set_client = utf8mb4 */;
CREATE TABLE `tbl_high_list_owner` (
  `owner_id` bigint(20) NOT NULL,
  `high_area_id` bigint(20) NOT NULL,
  `desc` varchar(256) DEFAULT NULL,
  `owned_at` datetime NOT NULL,
  `created_by` bigint(20) NOT NULL,
  `updated_by` bigint(20) NOT NULL,
  `created_at` datetime NOT NULL,
  `updated_at` datetime NOT NULL,
  PRIMARY KEY (`owner_id`,`high_area_id`),
  KEY `fk_highlistowner_higharea_idx` (`high_area_id`),
  CONSTRAINT `fk_highlistowner_higharea` FOREIGN KEY (`high_area_id`) REFERENCES `tbl_high_area` (`id`) ON DELETE NO ACTION ON UPDATE NO ACTION,
  CONSTRAINT `fk_highlistowner_profile` FOREIGN KEY (`owner_id`) REFERENCES `tbl_profile` (`id`) ON DELETE NO ACTION ON UPDATE NO ACTION
) ENGINE=InnoDB DEFAULT CHARSET=utf8mb4 COLLATE=utf8mb4_unicode_ci;
/*!40101 SET character_set_client = @saved_cs_client */;

--
-- Dumping data for table `tbl_high_list_owner`
--

LOCK TABLES `tbl_high_list_owner` WRITE;
/*!40000 ALTER TABLE `tbl_high_list_owner` DISABLE KEYS */;
INSERT INTO `tbl_high_list_owner` VALUES (2,2,'0','1989-12-31 17:00:00',13,13,'2023-11-02 22:03:31','2023-11-02 22:03:31');
/*!40000 ALTER TABLE `tbl_high_list_owner` ENABLE KEYS */;
UNLOCK TABLES;

--
-- Table structure for table `tbl_high_payment_process`
--

DROP TABLE IF EXISTS `tbl_high_payment_process`;
/*!40101 SET @saved_cs_client     = @@character_set_client */;
/*!50503 SET character_set_client = utf8mb4 */;
CREATE TABLE `tbl_high_payment_process` (
  `id` bigint(20) NOT NULL AUTO_INCREMENT,
  `high_area_id` bigint(20) NOT NULL,
  `payment_time` tinyint(4) NOT NULL,
  `amount_of_money` double NOT NULL,
  `amount_of_debt` double NOT NULL,
  `submitter` bigint(20) NOT NULL,
  `status` enum('indebted','done') NOT NULL,
  `created_by` bigint(20) NOT NULL,
  `updated_by` bigint(20) NOT NULL,
  `created_at` datetime NOT NULL,
  `updated_at` datetime NOT NULL,
  PRIMARY KEY (`id`),
  KEY `fk_highpaymentprocess_higharea_idx` (`high_area_id`),
  KEY `fk_highpaymentprocess_profile_idx` (`submitter`),
  CONSTRAINT `fk_highpaymentprocess_higharea` FOREIGN KEY (`high_area_id`) REFERENCES `tbl_high_area` (`id`) ON DELETE NO ACTION ON UPDATE NO ACTION,
  CONSTRAINT `fk_highpaymentprocess_profile` FOREIGN KEY (`submitter`) REFERENCES `tbl_profile` (`id`) ON DELETE NO ACTION ON UPDATE NO ACTION
) ENGINE=InnoDB AUTO_INCREMENT=9 DEFAULT CHARSET=utf8mb4 COLLATE=utf8mb4_unicode_ci;
/*!40101 SET character_set_client = @saved_cs_client */;

--
-- Dumping data for table `tbl_high_payment_process`
--

LOCK TABLES `tbl_high_payment_process` WRITE;
/*!40000 ALTER TABLE `tbl_high_payment_process` DISABLE KEYS */;
INSERT INTO `tbl_high_payment_process` VALUES (3,2,0,1,0,2,'',13,13,'2023-11-03 06:53:07','2023-11-03 07:10:38'),(5,4,0,0,0,2,'',13,13,'2023-12-28 15:25:53','2023-12-28 15:25:53'),(6,5,0,0,0,2,'',13,13,'2023-12-28 15:26:21','2023-12-28 15:26:21'),(7,6,0,0,0,2,'',13,13,'2023-12-29 09:59:55','2023-12-29 09:59:55'),(8,7,0,0,0,2,'',13,13,'2023-12-29 10:02:30','2023-12-29 10:02:30');
/*!40000 ALTER TABLE `tbl_high_payment_process` ENABLE KEYS */;
UNLOCK TABLES;

--
-- Table structure for table `tbl_high_sale_list`
--

DROP TABLE IF EXISTS `tbl_high_sale_list`;
/*!40101 SET @saved_cs_client     = @@character_set_client */;
/*!50503 SET character_set_client = utf8mb4 */;
CREATE TABLE `tbl_high_sale_list` (
  `id` bigint(20) NOT NULL AUTO_INCREMENT,
  `sale_id` bigint(20) NOT NULL,
  `manager_sale_id` bigint(20) NOT NULL,
  `high_area_id` bigint(20) NOT NULL,
  `desc` varchar(256) DEFAULT NULL,
  `status` enum('enable','disable') NOT NULL,
  `created_by` bigint(20) NOT NULL,
  `updated_by` bigint(20) NOT NULL,
  `created_at` datetime NOT NULL,
  `updated_at` datetime NOT NULL,
  PRIMARY KEY (`id`),
  KEY `fk_highsalelist_higharea_idx` (`high_area_id`),
  KEY `fk_highsalelist_profile1_idx` (`sale_id`),
  KEY `fk_highsalelist_profile2_idx` (`manager_sale_id`),
  CONSTRAINT `fk_highsalelist_higharea` FOREIGN KEY (`high_area_id`) REFERENCES `tbl_high_area` (`id`) ON DELETE NO ACTION ON UPDATE NO ACTION,
  CONSTRAINT `fk_highsalelist_profile1` FOREIGN KEY (`sale_id`) REFERENCES `tbl_profile` (`id`) ON DELETE NO ACTION ON UPDATE NO ACTION,
  CONSTRAINT `fk_highsalelist_profile2` FOREIGN KEY (`manager_sale_id`) REFERENCES `tbl_profile` (`id`) ON DELETE NO ACTION ON UPDATE NO ACTION
) ENGINE=InnoDB AUTO_INCREMENT=5 DEFAULT CHARSET=utf8mb4 COLLATE=utf8mb4_unicode_ci;
/*!40101 SET character_set_client = @saved_cs_client */;

--
-- Dumping data for table `tbl_high_sale_list`
--

LOCK TABLES `tbl_high_sale_list` WRITE;
/*!40000 ALTER TABLE `tbl_high_sale_list` DISABLE KEYS */;
INSERT INTO `tbl_high_sale_list` VALUES (3,2,2,2,'a','disable',13,13,'2023-11-02 09:03:10','2023-11-02 20:50:23'),(4,2,2,2,'a','disable',13,13,'2023-11-02 21:15:06','2023-11-02 21:15:06');
/*!40000 ALTER TABLE `tbl_high_sale_list` ENABLE KEYS */;
UNLOCK TABLES;

--
-- Table structure for table `tbl_land_area`
--

DROP TABLE IF EXISTS `tbl_land_area`;
/*!40101 SET @saved_cs_client     = @@character_set_client */;
/*!50503 SET character_set_client = utf8mb4 */;
CREATE TABLE `tbl_land_area` (
  `id` bigint(20) NOT NULL AUTO_INCREMENT,
  `zone_id` bigint(20) NOT NULL,
  `land_direction` varchar(256) NOT NULL,
  `is_front` varchar(5) NOT NULL,
  `lat` float NOT NULL,
  `long` float NOT NULL,
  `building_area` float NOT NULL,
  `total_area` float NOT NULL,
  `progress` tinyint(4) DEFAULT NULL,
  `number_of_room` int(11) NOT NULL,
  `number_of_floor` int(11) NOT NULL,
  `number_of_wc` int(11) NOT NULL,
  `price` double NOT NULL DEFAULT 0,
  `owner` bigint(20) DEFAULT NULL,
  `buy_status` enum('block','deal','not block') NOT NULL DEFAULT 'not block',
  `desc` varchar(256) DEFAULT NULL,
  `started_day` datetime NOT NULL,
  `created_by` bigint(20) NOT NULL,
  `updated_by` bigint(20) NOT NULL,
  `created_at` datetime NOT NULL,
  `updated_at` datetime NOT NULL,
  `deleted` enum('true','false') NOT NULL,
  PRIMARY KEY (`id`),
  KEY `fk_landarea_project_idx` (`zone_id`),
  CONSTRAINT `fk_landarea_zone` FOREIGN KEY (`zone_id`) REFERENCES `tbl_zone` (`id`) ON DELETE NO ACTION ON UPDATE NO ACTION
) ENGINE=InnoDB AUTO_INCREMENT=6 DEFAULT CHARSET=utf8mb3 COLLATE=utf8mb3_bin;
/*!40101 SET character_set_client = @saved_cs_client */;

--
-- Dumping data for table `tbl_land_area`
--

LOCK TABLES `tbl_land_area` WRITE;
/*!40000 ALTER TABLE `tbl_land_area` DISABLE KEYS */;
INSERT INTO `tbl_land_area` VALUES (1,3,'a','false',0,0,0,1,0,0,0,0,0,13,'not block',NULL,'0000-00-00 00:00:00',13,13,'2023-08-09 08:03:51','2023-08-09 08:03:51','true'),(2,3,'b','false',0,0,0,1,0,0,0,0,0,13,'not block',NULL,'0000-00-00 00:00:00',13,13,'2023-08-11 10:34:53','2024-03-26 16:17:00','true'),(4,3,'a','false',0,0,0,23,0,0,0,0,0,13,'not block','1234','0000-00-00 00:00:00',13,13,'2023-12-29 10:08:54','2024-03-26 13:17:12','false'),(5,3,'a','false',0,0,0,1,0,0,0,0,0,13,'not block','efefefefabcd','0000-00-00 00:00:00',13,13,'2023-12-29 10:10:18','2024-03-26 13:14:39','true');
/*!40000 ALTER TABLE `tbl_land_area` ENABLE KEYS */;
UNLOCK TABLES;

--
-- Table structure for table `tbl_land_booking`
--

DROP TABLE IF EXISTS `tbl_land_booking`;
/*!40101 SET @saved_cs_client     = @@character_set_client */;
/*!50503 SET character_set_client = utf8mb4 */;
CREATE TABLE `tbl_land_booking` (
  `id` bigint(20) NOT NULL AUTO_INCREMENT,
  `land_area_id` bigint(20) DEFAULT NULL,
  `zone_id` bigint(20) NOT NULL,
  `booking_fee` float NOT NULL,
  `sale_id` bigint(20) NOT NULL,
  `buyer_id` bigint(20) NOT NULL,
  `status` enum('enable','disable','cancelled') NOT NULL,
  `created_by` bigint(20) NOT NULL,
  `updated_by` bigint(20) NOT NULL,
  `created_at` datetime NOT NULL,
  `updated_at` datetime NOT NULL,
  PRIMARY KEY (`id`),
  KEY `fk_landbooking_landarea_idx` (`land_area_id`),
  KEY `fk_landbooking_profile_idx` (`sale_id`),
  KEY `fk_landbooking_profile2_idx` (`buyer_id`),
  KEY `fk_landbooking_zone_idx` (`zone_id`),
  CONSTRAINT `fk_landbooking_landarea` FOREIGN KEY (`land_area_id`) REFERENCES `tbl_land_area` (`id`) ON DELETE NO ACTION ON UPDATE NO ACTION,
  CONSTRAINT `fk_landbooking_profile1` FOREIGN KEY (`sale_id`) REFERENCES `tbl_profile` (`id`) ON DELETE NO ACTION ON UPDATE NO ACTION,
  CONSTRAINT `fk_landbooking_profile2` FOREIGN KEY (`buyer_id`) REFERENCES `tbl_profile` (`id`) ON DELETE NO ACTION ON UPDATE NO ACTION,
  CONSTRAINT `fk_landbooking_zone` FOREIGN KEY (`zone_id`) REFERENCES `tbl_zone` (`id`) ON DELETE NO ACTION ON UPDATE NO ACTION
) ENGINE=InnoDB AUTO_INCREMENT=2 DEFAULT CHARSET=utf8mb4 COLLATE=utf8mb4_unicode_ci;
/*!40101 SET character_set_client = @saved_cs_client */;

--
-- Dumping data for table `tbl_land_booking`
--

LOCK TABLES `tbl_land_booking` WRITE;
/*!40000 ALTER TABLE `tbl_land_booking` DISABLE KEYS */;
INSERT INTO `tbl_land_booking` VALUES (1,2,39,0,2,2,'cancelled',13,13,'2023-11-03 09:29:12','2023-11-03 09:41:20');
/*!40000 ALTER TABLE `tbl_land_booking` ENABLE KEYS */;
UNLOCK TABLES;

--
-- Table structure for table `tbl_land_list_owner`
--

DROP TABLE IF EXISTS `tbl_land_list_owner`;
/*!40101 SET @saved_cs_client     = @@character_set_client */;
/*!50503 SET character_set_client = utf8mb4 */;
CREATE TABLE `tbl_land_list_owner` (
  `owner_id` bigint(20) NOT NULL,
  `land_area_id` bigint(20) NOT NULL,
  `desc` varchar(256) DEFAULT NULL,
  `owned_at` datetime NOT NULL,
  `created_by` bigint(20) NOT NULL,
  `updated_by` bigint(20) NOT NULL,
  `created_at` datetime NOT NULL,
  `updated_at` datetime NOT NULL,
  PRIMARY KEY (`owner_id`,`land_area_id`),
  KEY `fk_landlistowner_landarea_idx` (`land_area_id`),
  CONSTRAINT `fk_landlistowner_landarea` FOREIGN KEY (`land_area_id`) REFERENCES `tbl_land_area` (`id`) ON DELETE NO ACTION ON UPDATE NO ACTION,
  CONSTRAINT `fk_landlistowner_profile` FOREIGN KEY (`owner_id`) REFERENCES `tbl_profile` (`id`) ON DELETE NO ACTION ON UPDATE NO ACTION
) ENGINE=InnoDB DEFAULT CHARSET=utf8mb4 COLLATE=utf8mb4_unicode_ci;
/*!40101 SET character_set_client = @saved_cs_client */;

--
-- Dumping data for table `tbl_land_list_owner`
--

LOCK TABLES `tbl_land_list_owner` WRITE;
/*!40000 ALTER TABLE `tbl_land_list_owner` DISABLE KEYS */;
INSERT INTO `tbl_land_list_owner` VALUES (2,2,'a','1989-12-31 17:00:00',13,13,'2023-11-02 22:18:35','2023-11-02 22:18:35');
/*!40000 ALTER TABLE `tbl_land_list_owner` ENABLE KEYS */;
UNLOCK TABLES;

--
-- Table structure for table `tbl_land_payment_process`
--

DROP TABLE IF EXISTS `tbl_land_payment_process`;
/*!40101 SET @saved_cs_client     = @@character_set_client */;
/*!50503 SET character_set_client = utf8mb4 */;
CREATE TABLE `tbl_land_payment_process` (
  `id` bigint(20) NOT NULL AUTO_INCREMENT,
  `land_area_id` bigint(20) NOT NULL,
  `payment_time` tinyint(4) NOT NULL,
  `amount_of_money` double NOT NULL,
  `amount_of_debt` double NOT NULL,
  `submitter` bigint(20) NOT NULL,
  `status` enum('indebted','done') NOT NULL,
  `created_by` bigint(20) NOT NULL,
  `updated_by` bigint(20) NOT NULL,
  `created_at` datetime NOT NULL,
  `updated_at` datetime NOT NULL,
  PRIMARY KEY (`id`),
  KEY `fk_landpaymentprocess_landarea_idx` (`land_area_id`),
  KEY `fk_landpaymentprocess_profile_idx` (`submitter`),
  CONSTRAINT `fk_landpaymentprocess_landarea` FOREIGN KEY (`land_area_id`) REFERENCES `tbl_land_area` (`id`) ON DELETE NO ACTION ON UPDATE NO ACTION,
  CONSTRAINT `fk_landpaymentprocess_profile` FOREIGN KEY (`submitter`) REFERENCES `tbl_profile` (`id`) ON DELETE NO ACTION ON UPDATE NO ACTION
) ENGINE=InnoDB AUTO_INCREMENT=19 DEFAULT CHARSET=utf8mb4 COLLATE=utf8mb4_unicode_ci;
/*!40101 SET character_set_client = @saved_cs_client */;

--
-- Dumping data for table `tbl_land_payment_process`
--

LOCK TABLES `tbl_land_payment_process` WRITE;
/*!40000 ALTER TABLE `tbl_land_payment_process` DISABLE KEYS */;
INSERT INTO `tbl_land_payment_process` VALUES (1,2,2,0,0,2,'done',13,13,'2023-11-03 07:30:42','2023-11-03 07:45:34'),(2,2,2,0,0,2,'',13,13,'2023-11-03 07:31:14','2023-11-03 07:31:14'),(3,2,2,0,0,2,'',13,13,'2023-11-03 07:58:29','2023-11-03 07:58:29'),(4,2,3,2,0,2,'done',13,13,'2023-12-16 02:12:53','2023-12-16 02:12:53'),(5,2,3,2,0,2,'done',13,13,'2023-12-16 02:19:44','2023-12-16 02:19:44'),(6,4,3,2,0,2,'done',13,13,'2023-12-29 10:09:57','2023-12-29 10:09:57'),(7,5,3,2,0,2,'done',13,13,'2023-12-29 10:10:31','2023-12-29 10:10:31'),(8,5,3,2,0,2,'done',13,13,'2023-12-29 10:10:45','2023-12-29 10:10:45'),(9,5,3,2,0,2,'done',13,13,'2023-12-29 10:10:54','2023-12-29 10:10:54'),(10,5,3,2,0,2,'done',13,13,'2023-12-29 10:10:58','2023-12-29 10:10:58'),(11,5,3,2,0,2,'done',13,13,'2023-12-29 10:10:59','2023-12-29 10:10:59'),(12,5,3,2,0,2,'done',13,13,'2023-12-29 10:11:00','2023-12-29 10:11:00'),(13,5,3,2,0,2,'done',13,13,'2023-12-29 10:11:03','2023-12-29 10:11:03'),(14,5,3,2,0,2,'done',13,13,'2023-12-29 10:11:04','2023-12-29 10:11:04'),(15,5,3,2,0,2,'done',13,13,'2023-12-29 10:11:05','2023-12-29 10:11:05'),(16,5,3,2,0,2,'done',13,13,'2023-12-29 10:11:08','2023-12-29 10:11:08'),(17,5,3,2,0,2,'done',13,13,'2023-12-29 10:11:10','2023-12-29 10:11:10'),(18,5,3,2,0,2,'done',13,13,'2024-01-01 14:15:06','2024-01-01 14:15:06');
/*!40000 ALTER TABLE `tbl_land_payment_process` ENABLE KEYS */;
UNLOCK TABLES;

--
-- Table structure for table `tbl_land_sale_list`
--

DROP TABLE IF EXISTS `tbl_land_sale_list`;
/*!40101 SET @saved_cs_client     = @@character_set_client */;
/*!50503 SET character_set_client = utf8mb4 */;
CREATE TABLE `tbl_land_sale_list` (
  `id` bigint(20) NOT NULL AUTO_INCREMENT,
  `sale_id` bigint(20) NOT NULL,
  `manager_sale_id` bigint(20) NOT NULL,
  `land_area_id` bigint(20) NOT NULL,
  `desc` varchar(256) DEFAULT NULL,
  `status` enum('enable','disable') NOT NULL,
  `created_by` bigint(20) NOT NULL,
  `updated_by` bigint(20) NOT NULL,
  `created_at` datetime NOT NULL,
  `updated_at` datetime NOT NULL,
  PRIMARY KEY (`id`),
  KEY `fk_landsalelist_landarea_idx` (`land_area_id`),
  KEY `fk_landsalelist_profile1_idx` (`sale_id`),
  KEY `fk_landsalelist_profile2_idx` (`manager_sale_id`),
  CONSTRAINT `fk_landsalelist_landarea` FOREIGN KEY (`land_area_id`) REFERENCES `tbl_land_area` (`id`) ON DELETE NO ACTION ON UPDATE NO ACTION,
  CONSTRAINT `fk_landsalelist_profile1` FOREIGN KEY (`sale_id`) REFERENCES `tbl_profile` (`id`) ON DELETE NO ACTION ON UPDATE NO ACTION,
  CONSTRAINT `fk_landsalelist_profile2` FOREIGN KEY (`manager_sale_id`) REFERENCES `tbl_profile` (`id`) ON DELETE NO ACTION ON UPDATE NO ACTION
) ENGINE=InnoDB AUTO_INCREMENT=3 DEFAULT CHARSET=utf8mb4 COLLATE=utf8mb4_unicode_ci;
/*!40101 SET character_set_client = @saved_cs_client */;

--
-- Dumping data for table `tbl_land_sale_list`
--

LOCK TABLES `tbl_land_sale_list` WRITE;
/*!40000 ALTER TABLE `tbl_land_sale_list` DISABLE KEYS */;
INSERT INTO `tbl_land_sale_list` VALUES (1,2,2,2,'a','enable',13,13,'2023-11-02 21:22:36','2023-11-02 21:38:39'),(2,2,2,2,'a','enable',13,13,'2023-11-02 21:58:38','2023-11-02 21:58:38');
/*!40000 ALTER TABLE `tbl_land_sale_list` ENABLE KEYS */;
UNLOCK TABLES;

--
-- Table structure for table `tbl_message`
--

DROP TABLE IF EXISTS `tbl_message`;
/*!40101 SET @saved_cs_client     = @@character_set_client */;
/*!50503 SET character_set_client = utf8mb4 */;
CREATE TABLE `tbl_message` (
  `id` bigint(20) NOT NULL AUTO_INCREMENT,
  `title` varchar(256) NOT NULL,
  `content` varchar(4068) NOT NULL,
  `status` enum('primary','secondary','success','error','warning','info','light','dark') DEFAULT 'info',
  `created_by` bigint(20) NOT NULL,
  `updated_by` bigint(20) NOT NULL,
  `created_at` datetime NOT NULL,
  `updated_at` datetime NOT NULL,
  `deleted` enum('true','false') NOT NULL,
  `project_id` bigint(10) NOT NULL,
  PRIMARY KEY (`id`),
  KEY `fk_message_account_createdby_idx` (`created_by`),
  KEY `fk_message_account_updatedby_idx` (`updated_by`),
  KEY `fk_message_project_id_idx` (`project_id`),
  CONSTRAINT `fk_message_account_createdby` FOREIGN KEY (`created_by`) REFERENCES `tbl_account` (`id`),
  CONSTRAINT `fk_message_account_updatedby` FOREIGN KEY (`updated_by`) REFERENCES `tbl_account` (`id`),
  CONSTRAINT `fk_message_project_id` FOREIGN KEY (`project_id`) REFERENCES `tbl_project` (`id`) ON DELETE NO ACTION ON UPDATE NO ACTION
) ENGINE=InnoDB AUTO_INCREMENT=15 DEFAULT CHARSET=utf8mb3 COLLATE=utf8mb3_bin;
/*!40101 SET character_set_client = @saved_cs_client */;

--
-- Dumping data for table `tbl_message`
--

LOCK TABLES `tbl_message` WRITE;
/*!40000 ALTER TABLE `tbl_message` DISABLE KEYS */;
INSERT INTO `tbl_message` VALUES (1,'a','a','info',13,13,'2023-08-09 08:39:49','2023-08-09 08:39:49','true',0),(4,'a','a','info',25,25,'2024-01-23 03:52:49','2024-01-23 03:52:49','false',1),(5,'a','a','info',25,25,'2024-01-23 03:55:18','2024-01-23 03:55:18','false',1),(6,'a','a','info',25,25,'2024-01-23 03:55:20','2024-01-23 03:55:20','false',1),(10,'abcd','abcd','info',46,46,'2024-03-19 05:58:37','2024-03-22 13:51:01','false',1),(14,'xyz','test','info',46,46,'2024-03-22 13:51:22','2024-03-22 13:51:22','false',19);
/*!40000 ALTER TABLE `tbl_message` ENABLE KEYS */;
UNLOCK TABLES;

--
-- Table structure for table `tbl_payment_method`
--

DROP TABLE IF EXISTS `tbl_payment_method`;
/*!40101 SET @saved_cs_client     = @@character_set_client */;
/*!50503 SET character_set_client = utf8mb4 */;
CREATE TABLE `tbl_payment_method` (
  `id` bigint(20) NOT NULL AUTO_INCREMENT,
  `project_id` bigint(20) NOT NULL,
  `total_of_payment_time` tinyint(4) NOT NULL DEFAULT 127,
  `method_name` varchar(256) NOT NULL,
  `percent_discount` float NOT NULL,
  `vat` float DEFAULT NULL,
  `maintenance_fee` float DEFAULT NULL,
  `created_by` bigint(20) DEFAULT NULL,
  `updated_by` bigint(20) DEFAULT NULL,
  `created_at` datetime DEFAULT NULL,
  `updated_at` datetime DEFAULT NULL,
  PRIMARY KEY (`id`),
  KEY `fk_paymentmethod_project_idx` (`project_id`),
  CONSTRAINT `fk_paymentmethod_project` FOREIGN KEY (`project_id`) REFERENCES `tbl_project` (`id`) ON DELETE NO ACTION ON UPDATE NO ACTION
) ENGINE=InnoDB AUTO_INCREMENT=12 DEFAULT CHARSET=utf8mb4 COLLATE=utf8mb4_unicode_ci;
/*!40101 SET character_set_client = @saved_cs_client */;

--
-- Dumping data for table `tbl_payment_method`
--

LOCK TABLES `tbl_payment_method` WRITE;
/*!40000 ALTER TABLE `tbl_payment_method` DISABLE KEYS */;
INSERT INTO `tbl_payment_method` VALUES (1,3,1,'a',5,5,5,13,13,'2023-11-02 07:16:59','2024-03-22 07:57:26'),(2,3,1,'a',1,1,1,13,13,'2023-11-02 07:58:15','2024-03-18 16:08:31'),(3,13,3,'',0,0,0,13,13,'2024-01-22 08:25:00','2024-03-22 07:57:30'),(5,27,10,'test',0.1,0.1,1,46,46,'2024-04-09 09:34:50','2024-04-09 09:34:50'),(6,27,13,'option 1',0.1,0.1,0.2,46,46,'2024-04-09 09:43:13','2024-04-09 09:43:13'),(7,27,16,'option 2 - 1',0,0.1,0.2,46,46,'2024-04-09 09:48:03','2024-04-09 09:54:21'),(8,27,21,'option 2 - 2',0,0.1,0.2,46,46,'2024-04-09 09:55:06','2024-04-09 09:55:06'),(9,27,4,'option 3',0,0.1,0.2,46,46,'2024-04-09 10:01:43','2024-04-09 10:01:43'),(10,27,16,'option 4 - 1',0,0.1,0.2,46,46,'2024-04-09 10:04:51','2024-04-09 10:04:51'),(11,27,21,'option 4 - 2',0,0.1,0.2,46,46,'2024-04-09 10:05:27','2024-04-09 10:05:27');
/*!40000 ALTER TABLE `tbl_payment_method` ENABLE KEYS */;
UNLOCK TABLES;

--
-- Table structure for table `tbl_payment_method_process`
--

DROP TABLE IF EXISTS `tbl_payment_method_process`;
/*!40101 SET @saved_cs_client     = @@character_set_client */;
/*!50503 SET character_set_client = utf8mb4 */;
CREATE TABLE `tbl_payment_method_process` (
  `id` bigint(20) NOT NULL AUTO_INCREMENT,
  `payment_method_id` bigint(20) NOT NULL,
  `payment_time_example` tinyint(4) NOT NULL,
  `flag_time` int(11) DEFAULT NULL,
  `include_vat` enum('true','false') NOT NULL,
  `total_percent_payment` float NOT NULL,
  `desc` varchar(256) DEFAULT NULL,
  `created_by` bigint(20) NOT NULL,
  `updated_by` bigint(20) NOT NULL,
  `created_at` datetime NOT NULL,
  `updated_at` datetime NOT NULL,
  `deleted` enum('true','false') NOT NULL DEFAULT 'false',
  PRIMARY KEY (`id`),
  KEY `fk_paymentmethodprocess_paymentmethod_idx` (`payment_method_id`),
  CONSTRAINT `fk_paymentmethodprocess_paymentmethod` FOREIGN KEY (`payment_method_id`) REFERENCES `tbl_payment_method` (`id`) ON DELETE NO ACTION ON UPDATE NO ACTION
) ENGINE=InnoDB AUTO_INCREMENT=98 DEFAULT CHARSET=utf8mb4 COLLATE=utf8mb4_unicode_ci;
/*!40101 SET character_set_client = @saved_cs_client */;

--
-- Dumping data for table `tbl_payment_method_process`
--

LOCK TABLES `tbl_payment_method_process` WRITE;
/*!40000 ALTER TABLE `tbl_payment_method_process` DISABLE KEYS */;
INSERT INTO `tbl_payment_method_process` VALUES (1,2,6,20,'',0,NULL,13,13,'2023-11-02 08:30:20','2024-03-18 18:11:45','false'),(2,2,11,20,'',0,NULL,13,13,'2023-11-02 08:31:05','2024-03-19 06:08:45','false'),(3,2,77,20,'',0,NULL,13,13,'2023-11-02 08:47:39','2024-03-18 18:11:26','false'),(5,5,1,20,'true',100,NULL,46,46,'2024-04-09 10:53:44','2024-04-09 10:53:44','false'),(6,6,1,15,'true',10,NULL,46,46,'2024-04-09 11:03:25','2024-04-09 11:03:25','false'),(7,6,2,122,'true',5,NULL,46,46,'2024-04-09 11:09:19','2024-04-09 11:09:19','false'),(8,6,3,183,'true',3,NULL,46,46,'2024-04-10 03:18:48','2024-04-10 03:18:48','false'),(9,6,4,243,'true',4,NULL,46,46,'2024-04-10 03:19:06','2024-04-10 03:19:06','false'),(10,6,5,304,'true',4,NULL,46,46,'2024-04-10 03:20:07','2024-04-10 03:20:07','false'),(11,6,6,365,'true',4,NULL,46,46,'2024-04-10 03:20:32','2024-04-10 03:20:32','false'),(12,6,7,427,'true',4,NULL,46,46,'2024-04-10 03:22:26','2024-04-10 03:22:26','false'),(13,6,8,488,'true',4,NULL,46,46,'2024-04-10 03:22:49','2024-04-10 03:22:49','false'),(14,6,9,549,'true',4,NULL,46,46,'2024-04-10 03:23:12','2024-04-10 03:23:12','false'),(15,6,10,608,'true',4,NULL,46,46,'2024-04-10 03:23:31','2024-04-10 03:23:31','false'),(16,6,11,669,'true',4,NULL,46,46,'2024-04-10 03:45:47','2024-04-10 03:45:47','false'),(17,6,12,730,'true',45,'Thng bo bn giao ca ch u t',46,46,'2024-04-10 03:46:51','2024-04-10 04:25:44','false'),(18,6,13,0,'',5,'C giy chng nhn s hu',46,46,'2024-04-10 03:47:45','2024-04-10 04:24:15','false'),(19,7,1,15,'true',10,NULL,46,46,'2024-04-10 04:00:11','2024-04-10 04:00:11','false'),(20,7,2,122,'true',5,NULL,46,46,'2024-04-10 04:46:56','2024-04-10 04:46:56','false'),(21,7,3,183,'true',2,NULL,46,46,'2024-04-10 04:47:25','2024-04-10 04:47:25','false'),(22,7,4,243,'true',2,NULL,46,46,'2024-04-10 05:05:58','2024-04-10 05:05:58','false'),(23,7,5,304,'true',2,NULL,46,46,'2024-04-10 05:06:34','2024-04-10 05:06:34','false'),(24,7,6,365,'true',2,NULL,46,46,'2024-04-10 05:06:52','2024-04-10 05:06:52','false'),(25,7,7,427,'true',3,NULL,46,46,'2024-04-10 05:07:56','2024-04-10 05:07:56','false'),(26,7,8,488,'true',3,NULL,46,46,'2024-04-10 05:10:12','2024-04-10 05:10:12','false'),(27,7,9,549,'true',3,NULL,46,46,'2024-04-10 05:10:46','2024-04-10 05:10:46','false'),(28,7,10,608,'true',3,NULL,46,46,'2024-04-10 05:11:18','2024-04-10 05:11:18','false'),(29,7,11,669,'true',3,NULL,46,46,'2024-04-10 05:12:53','2024-04-10 05:12:53','false'),(30,7,12,730,'true',4,NULL,46,46,'2024-04-10 05:14:02','2024-04-10 05:14:02','false'),(31,7,13,792,'true',4,NULL,46,46,'2024-04-10 05:24:34','2024-04-10 05:24:34','false'),(32,7,14,853,'true',4,NULL,46,46,'2024-04-10 05:26:35','2024-04-10 05:26:35','false'),(33,7,15,973,'true',45,'Thng bo bn giao ca ch u t',46,46,'2024-04-10 05:31:37','2024-04-10 05:32:07','false'),(34,7,16,0,'',5,'C giy chng nhn s hu',46,46,'2024-04-10 05:35:11','2024-04-10 05:35:11','false'),(35,8,1,15,'true',10,NULL,46,46,'2024-04-10 05:53:46','2024-04-10 05:53:46','false'),(36,8,2,122,'true',5,NULL,46,46,'2024-04-10 05:54:22','2024-04-10 05:54:22','false'),(37,8,3,183,'true',2,NULL,46,46,'2024-04-10 05:55:54','2024-04-10 05:55:54','false'),(38,8,4,243,'true',2,NULL,46,46,'2024-04-10 05:56:31','2024-04-10 05:56:31','false'),(39,8,5,304,'true',2,NULL,46,46,'2024-04-10 05:57:41','2024-04-10 05:57:41','false'),(40,8,6,356,'true',2,NULL,46,46,'2024-04-10 05:57:58','2024-04-10 05:57:58','false'),(41,8,7,427,'true',2,NULL,46,46,'2024-04-10 06:01:46','2024-04-10 06:01:46','false'),(42,8,8,488,'true',2,NULL,46,46,'2024-04-10 06:02:01','2024-04-10 06:02:01','false'),(43,8,9,549,'true',2,NULL,46,46,'2024-04-10 06:02:10','2024-04-10 06:05:39','false'),(44,8,10,608,'true',2,NULL,46,46,'2024-04-10 06:02:27','2024-04-10 06:06:35','false'),(45,8,11,669,'true',2,NULL,46,46,'2024-04-10 06:07:22','2024-04-10 06:07:22','false'),(46,8,12,730,'true',2,NULL,46,46,'2024-04-10 06:07:39','2024-04-10 06:07:39','false'),(47,8,13,792,'true',2,NULL,46,46,'2024-04-10 06:07:49','2024-04-10 06:07:49','false'),(48,8,14,853,'true',2,NULL,46,46,'2024-04-10 06:08:02','2024-04-10 06:08:02','false'),(49,8,15,914,'true',2,NULL,46,46,'2024-04-10 06:08:17','2024-04-10 07:57:40','false'),(50,8,16,973,'true',2,NULL,46,46,'2024-04-10 08:01:25','2024-04-10 08:01:25','false'),(51,8,17,1034,'true',2,NULL,46,46,'2024-04-10 08:05:52','2024-04-10 08:06:19','false'),(52,8,18,1095,'true',2,NULL,46,46,'2024-04-10 08:08:17','2024-04-10 08:08:17','false'),(53,8,19,1218,'true',3,NULL,46,46,'2024-04-10 08:11:13','2024-04-10 08:11:13','false'),(54,8,20,1338,'true',45,'Thng bo bn giao ca ch u t',46,46,'2024-04-10 08:19:57','2024-04-10 08:19:57','false'),(55,8,21,0,'',5,'C giy chng nhn s hu',46,46,'2024-04-10 08:20:41','2024-04-10 08:20:41','false'),(56,9,1,15,'true',10,NULL,46,46,'2024-04-10 08:29:52','2024-04-10 08:29:52','false'),(57,9,2,122,'true',5,NULL,46,46,'2024-04-10 08:46:17','2024-04-10 08:46:17','false'),(58,9,3,488,'true',10,'Thng bo bn giao ca ch u t',46,46,'2024-04-10 09:15:40','2024-04-10 09:15:40','false'),(59,9,4,0,'',5,'C giy chng nhn s hu',46,46,'2024-04-10 09:18:58','2024-04-10 09:18:58','false'),(60,10,1,15,'true',10,NULL,46,46,'2024-04-10 04:00:11','2024-04-10 04:00:11','false'),(61,10,2,122,'true',5,NULL,46,46,'2024-04-10 04:46:56','2024-04-10 04:46:56','false'),(62,10,3,183,'true',2,NULL,46,46,'2024-04-10 04:47:25','2024-04-10 04:47:25','false'),(63,10,4,243,'true',2,NULL,46,46,'2024-04-10 05:05:58','2024-04-10 05:05:58','false'),(64,10,5,304,'true',2,NULL,46,46,'2024-04-10 05:06:34','2024-04-10 05:06:34','false'),(65,10,6,365,'true',2,NULL,46,46,'2024-04-10 05:06:52','2024-04-10 05:06:52','false'),(66,10,7,427,'true',3,NULL,46,46,'2024-04-10 05:07:56','2024-04-10 05:07:56','false'),(67,10,8,488,'true',3,NULL,46,46,'2024-04-10 05:10:12','2024-04-10 05:10:12','false'),(68,10,9,549,'true',3,NULL,46,46,'2024-04-10 05:10:46','2024-04-10 05:10:46','false'),(69,10,10,608,'true',3,NULL,46,46,'2024-04-10 05:11:18','2024-04-10 05:11:18','false'),(70,10,11,669,'true',3,NULL,46,46,'2024-04-10 05:12:53','2024-04-10 05:12:53','false'),(71,10,12,730,'true',4,NULL,46,46,'2024-04-10 05:14:02','2024-04-10 05:14:02','false'),(72,10,13,792,'true',4,NULL,46,46,'2024-04-10 05:24:34','2024-04-10 05:24:34','false'),(73,10,14,853,'true',4,NULL,46,46,'2024-04-10 05:26:35','2024-04-10 05:26:35','false'),(74,10,15,973,'true',0,'Thng bo bn giao ca ch u t',46,46,'2024-04-10 05:31:37','2024-04-10 05:32:07','false'),(75,10,16,0,'',5,'C giy chng nhn s hu',46,46,'2024-04-10 05:35:11','2024-04-10 05:35:11','false'),(76,11,1,15,'true',10,NULL,46,46,'2024-04-10 05:53:46','2024-04-10 05:53:46','false'),(77,11,2,122,'true',5,NULL,46,46,'2024-04-10 05:54:22','2024-04-10 05:54:22','false'),(78,11,3,183,'true',2,NULL,46,46,'2024-04-10 05:55:54','2024-04-10 05:55:54','false'),(79,11,4,243,'true',2,NULL,46,46,'2024-04-10 05:56:31','2024-04-10 05:56:31','false'),(80,11,5,304,'true',2,NULL,46,46,'2024-04-10 05:57:41','2024-04-10 05:57:41','false'),(81,11,6,356,'true',2,NULL,46,46,'2024-04-10 05:57:58','2024-04-10 05:57:58','false'),(82,11,7,427,'true',2,NULL,46,46,'2024-04-10 06:01:46','2024-04-10 06:01:46','false'),(83,11,8,488,'true',2,NULL,46,46,'2024-04-10 06:02:01','2024-04-10 06:02:01','false'),(84,11,9,549,'true',2,NULL,46,46,'2024-04-10 06:02:10','2024-04-10 06:05:39','false'),(85,11,10,608,'true',2,NULL,46,46,'2024-04-10 06:02:27','2024-04-10 06:06:35','false'),(86,11,11,669,'true',2,NULL,46,46,'2024-04-10 06:07:22','2024-04-10 06:07:22','false'),(87,11,12,730,'true',2,NULL,46,46,'2024-04-10 06:07:39','2024-04-10 06:07:39','false'),(88,11,13,792,'true',2,NULL,46,46,'2024-04-10 06:07:49','2024-04-10 06:07:49','false'),(89,11,14,853,'true',2,NULL,46,46,'2024-04-10 06:08:02','2024-04-10 06:08:02','false'),(90,11,15,914,'true',2,NULL,46,46,'2024-04-10 06:08:17','2024-04-10 07:57:40','false'),(91,11,16,973,'true',2,NULL,46,46,'2024-04-10 08:01:25','2024-04-10 08:01:25','false'),(92,11,17,1034,'true',2,NULL,46,46,'2024-04-10 08:05:52','2024-04-10 08:06:19','false'),(93,11,18,1095,'true',2,NULL,46,46,'2024-04-10 08:08:17','2024-04-10 08:08:17','false'),(94,11,19,1218,'true',3,NULL,46,46,'2024-04-10 08:11:13','2024-04-10 08:11:13','false'),(95,11,20,1338,'true',0,'Thng bo bn giao ca ch u t',46,46,'2024-04-10 08:19:57','2024-04-10 08:19:57','false'),(96,11,21,0,'',5,'C giy chng nhn s hu',46,46,'2024-04-10 08:20:41','2024-04-10 08:20:41','false');
/*!40000 ALTER TABLE `tbl_payment_method_process` ENABLE KEYS */;
UNLOCK TABLES;

--
-- Table structure for table `tbl_profile`
--

DROP TABLE IF EXISTS `tbl_profile`;
/*!40101 SET @saved_cs_client     = @@character_set_client */;
/*!50503 SET character_set_client = utf8mb4 */;
CREATE TABLE `tbl_profile` (
  `id` bigint(20) NOT NULL AUTO_INCREMENT,
  `account_id` bigint(20) NOT NULL,
  `address` varchar(256) NOT NULL,
  `role_job` enum('sale','orthers') NOT NULL,
  `position_job` enum('manager','leader','staff') NOT NULL,
  `experience_year` int(11) NOT NULL,
  `previous_position` varchar(256) DEFAULT NULL,
  `working_time` int(11) NOT NULL,
  `salary` float NOT NULL,
  `created_by` bigint(20) NOT NULL,
  `updated_by` bigint(20) NOT NULL,
  `created_at` datetime NOT NULL,
  `updated_at` datetime NOT NULL,
  `deleted` enum('true','false') NOT NULL,
  `img` varchar(255) NOT NULL DEFAULT 'https://avatars.githubusercontent.com/u/6?v=4',
  PRIMARY KEY (`id`),
  KEY `fk_profile_account_idx` (`account_id`),
  CONSTRAINT `fk_profile_account` FOREIGN KEY (`account_id`) REFERENCES `tbl_account` (`id`)
) ENGINE=InnoDB AUTO_INCREMENT=6 DEFAULT CHARSET=utf8mb3 COLLATE=utf8mb3_bin;
/*!40101 SET character_set_client = @saved_cs_client */;

--
-- Dumping data for table `tbl_profile`
--

LOCK TABLES `tbl_profile` WRITE;
/*!40000 ALTER TABLE `tbl_profile` DISABLE KEYS */;
INSERT INTO `tbl_profile` VALUES (2,13,'b','sale','staff',0,'a',1,0,13,13,'2023-08-10 04:23:18','2023-08-15 21:19:40','true','https://avatars.githubusercontent.com/u/6?v=4'),(4,13,'','sale','staff',0,'a',1,0,13,13,'2023-08-11 11:40:32','2023-08-11 11:40:32','false','https://avatars.githubusercontent.com/u/6?v=4'),(5,13,'a','sale','staff',0,'a',1,0,13,13,'2023-12-21 05:40:14','2023-12-21 05:40:14','false','https://avatars.githubusercontent.com/u/6?v=4');
/*!40000 ALTER TABLE `tbl_profile` ENABLE KEYS */;
UNLOCK TABLES;

--
-- Table structure for table `tbl_profile_project`
--

DROP TABLE IF EXISTS `tbl_profile_project`;
/*!40101 SET @saved_cs_client     = @@character_set_client */;
/*!50503 SET character_set_client = utf8mb4 */;
CREATE TABLE `tbl_profile_project` (
  `project_id` bigint(20) NOT NULL,
  `profile_id` bigint(20) NOT NULL,
  `created_by` bigint(20) NOT NULL,
  `updated_by` bigint(20) NOT NULL,
  `created_at` datetime NOT NULL,
  `updated_at` datetime NOT NULL,
  `deleted` enum('true','false') NOT NULL,
  PRIMARY KEY (`project_id`,`profile_id`),
  KEY `fk_profileandproject_profile_idx` (`profile_id`),
  CONSTRAINT `fk_profileandproject_profile` FOREIGN KEY (`profile_id`) REFERENCES `tbl_profile` (`id`),
  CONSTRAINT `fk_profileandproject_project` FOREIGN KEY (`project_id`) REFERENCES `tbl_project` (`id`)
) ENGINE=InnoDB DEFAULT CHARSET=utf8mb3 COLLATE=utf8mb3_bin;
/*!40101 SET character_set_client = @saved_cs_client */;

--
-- Dumping data for table `tbl_profile_project`
--

LOCK TABLES `tbl_profile_project` WRITE;
/*!40000 ALTER TABLE `tbl_profile_project` DISABLE KEYS */;
INSERT INTO `tbl_profile_project` VALUES (1,2,13,13,'2023-08-10 05:23:10','2023-08-10 05:23:10','true'),(15,4,13,13,'2023-08-11 11:41:00','2023-08-11 11:41:00','false'),(24,5,13,13,'2023-12-21 05:44:32','2023-12-21 05:44:32','false');
/*!40000 ALTER TABLE `tbl_profile_project` ENABLE KEYS */;
UNLOCK TABLES;

--
-- Table structure for table `tbl_project`
--

DROP TABLE IF EXISTS `tbl_project`;
/*!40101 SET @saved_cs_client     = @@character_set_client */;
/*!50503 SET character_set_client = utf8mb4 */;
CREATE TABLE `tbl_project` (
  `id` bigint(20) NOT NULL AUTO_INCREMENT,
  `name` varchar(128) NOT NULL,
  `address` varchar(256) NOT NULL,
  `phone` varchar(12) NOT NULL,
  `email` varchar(64) NOT NULL,
  `open_at` datetime NOT NULL,
  `activated` enum('true','false') NOT NULL,
  `project_progress` tinyint(4) DEFAULT 0,
  `desc` varchar(256) DEFAULT NULL,
  `started_day` datetime NOT NULL,
  `created_by` bigint(20) NOT NULL,
  `updated_by` bigint(20) NOT NULL,
  `created_at` datetime NOT NULL,
  `updated_at` datetime NOT NULL,
  `deleted` enum('true','false') NOT NULL,
  `status` enum('working','done') NOT NULL DEFAULT 'working',
  `budget` bigint(20) NOT NULL DEFAULT 1000,
  `img` varchar(255) NOT NULL DEFAULT 'https://avatars.githubusercontent.com/u/6?v=4',
  `type` enum('high','land') NOT NULL,
  `planning` varchar(255) NOT NULL,
  PRIMARY KEY (`id`)
) ENGINE=InnoDB AUTO_INCREMENT=28 DEFAULT CHARSET=utf8mb3 COLLATE=utf8mb3_bin;
/*!40101 SET character_set_client = @saved_cs_client */;

--
-- Dumping data for table `tbl_project`
--

LOCK TABLES `tbl_project` WRITE;
/*!40000 ALTER TABLE `tbl_project` DISABLE KEYS */;
INSERT INTO `tbl_project` VALUES (1,'abcd','abcd','098765443321','abc@gmail.com','2023-08-05 07:59:23','true',20,NULL,'2023-08-05 07:59:23',13,13,'2023-08-05 07:59:23','2023-08-05 07:59:23','true','working',1000,'https://avatars.githubusercontent.com/u/6?v=4','high',''),(12,'abcd','abcd','098765443321','abc@gmail.com','2023-08-05 08:29:28','true',20,NULL,'2023-08-05 08:29:28',13,13,'2023-08-05 08:29:28','2023-08-05 08:29:28','true','working',1000,'https://avatars.githubusercontent.com/u/6?v=4','high',''),(13,'abcd','abcd','098765443321','abc@gmail.com','2023-08-05 08:30:22','true',20,NULL,'2023-08-05 08:30:22',13,13,'2023-08-05 08:30:22','2023-08-05 08:30:22','true','working',1000,'https://avatars.githubusercontent.com/u/6?v=4','high',''),(15,'abcd','abcd','098765443321','abc@gmail.com','2023-08-05 08:31:23','true',21,NULL,'2023-08-05 08:31:23',13,13,'2023-08-05 08:31:23','2023-08-16 10:46:07','true','working',1000,'https://avatars.githubusercontent.com/u/6?v=4','high',''),(17,'abcd','abcd','098765443321','abc@gmail.com','2023-11-24 04:19:07','true',20,NULL,'2023-11-24 04:19:07',13,13,'2023-11-24 04:19:07','2023-11-24 04:19:07','false','working',1000,'https://avatars.githubusercontent.com/u/6?v=4','high',''),(18,'abcd','abcd','098765443321','abc@gmail.com','2023-12-15 05:55:59','true',20,NULL,'2023-12-15 05:55:59',13,13,'2023-12-15 05:55:59','2023-12-15 05:55:59','false','working',1000,'https://avatars.githubusercontent.com/u/6?v=4','high',''),(19,'abcd','abcd','098765443321','abc@gmail.com','2023-12-15 05:56:04','true',20,NULL,'2023-12-15 05:56:04',13,13,'2023-12-15 05:56:04','2023-12-15 05:56:04','false','working',1000,'https://avatars.githubusercontent.com/u/6?v=4','high',''),(20,'abcd','abcd','098765443321','abc@gmail.com','2023-12-15 05:56:05','true',20,NULL,'2023-12-15 05:56:05',13,13,'2023-12-15 05:56:05','2023-12-15 05:56:05','false','working',1000,'https://avatars.githubusercontent.com/u/6?v=4','high',''),(22,'abcd','abcd','098765443321','abc@gmail.com','2023-12-15 06:03:36','true',20,NULL,'2023-12-15 06:03:36',13,13,'2023-12-15 06:03:36','2023-12-15 06:03:36','false','working',1000,'https://avatars.githubusercontent.com/u/6?v=4','high',''),(23,'abcd','abcd','098765443321','abc@gmail.com','2023-12-15 06:06:36','true',20,NULL,'2023-12-15 06:06:36',13,13,'2023-12-15 06:06:36','2023-12-15 06:06:36','false','working',1000,'https://avatars.githubusercontent.com/u/6?v=4','high',''),(24,'abcdeee','abcd','098765443321','abc@gmail.com','2023-12-21 05:43:16','true',0,NULL,'2023-12-21 05:43:16',13,13,'2023-12-21 05:43:16','2024-03-21 10:34:21','true','working',1000,'https://avatars.githubusercontent.com/u/6?v=4','high',''),(27,'glory height','Khu dn c v cng vin Phc Thin P.Long Bnh v PLong Thnh M, Q.9 , TP.HCM','0901838283','admin@vinhome.com.vn','2024-04-07 13:32:45','true',20,NULL,'2024-04-07 13:32:45',46,46,'2024-04-07 13:32:45','2024-04-07 13:51:58','false','working',1000,'https://avatars.githubusercontent.com/u/6?v=4','high','');
/*!40000 ALTER TABLE `tbl_project` ENABLE KEYS */;
UNLOCK TABLES;

--
-- Table structure for table `tbl_whiteboard`
--

DROP TABLE IF EXISTS `tbl_whiteboard`;
/*!40101 SET @saved_cs_client     = @@character_set_client */;
/*!50503 SET character_set_client = utf8mb4 */;
CREATE TABLE `tbl_whiteboard` (
  `id` bigint(20) NOT NULL AUTO_INCREMENT,
  `title` varchar(256) NOT NULL,
  `content` varchar(4068) NOT NULL,
  `keyword` varchar(256) DEFAULT NULL,
  `public` tinyint(1) NOT NULL DEFAULT 0,
  `project_id` bigint(20) NOT NULL,
  `priority` enum('high','normal','low') NOT NULL DEFAULT 'low',
  `created_by` bigint(20) NOT NULL,
  `updated_by` bigint(20) NOT NULL,
  `created_at` datetime NOT NULL,
  `updated_at` datetime NOT NULL,
  `deleted` enum('true','false') NOT NULL,
  PRIMARY KEY (`id`),
  KEY `fk_whiteboard_project_idx` (`project_id`),
  CONSTRAINT `fk_whiteboard_project` FOREIGN KEY (`project_id`) REFERENCES `tbl_project` (`id`)
) ENGINE=InnoDB AUTO_INCREMENT=4 DEFAULT CHARSET=utf8mb3 COLLATE=utf8mb3_bin;
/*!40101 SET character_set_client = @saved_cs_client */;

--
-- Dumping data for table `tbl_whiteboard`
--

LOCK TABLES `tbl_whiteboard` WRITE;
/*!40000 ALTER TABLE `tbl_whiteboard` DISABLE KEYS */;
INSERT INTO `tbl_whiteboard` VALUES (2,'b','a','a',0,1,'low',13,13,'2023-08-09 10:25:43','2023-08-15 18:19:54','true');
/*!40000 ALTER TABLE `tbl_whiteboard` ENABLE KEYS */;
UNLOCK TABLES;

--
-- Table structure for table `tbl_zone`
--

DROP TABLE IF EXISTS `tbl_zone`;
/*!40101 SET @saved_cs_client     = @@character_set_client */;
/*!50503 SET character_set_client = utf8mb4 */;
CREATE TABLE `tbl_zone` (
  `id` bigint(20) NOT NULL AUTO_INCREMENT,
  `project_id` bigint(20) NOT NULL,
  `name` varchar(128) NOT NULL,
  `desc` varchar(256) DEFAULT NULL,
  `construction_area` float NOT NULL,
  `total_area` float NOT NULL,
  `number_of_block` tinyint(4) NOT NULL,
  `number_of_unit_land` tinyint(4) NOT NULL,
  `progress` tinyint(4) DEFAULT NULL,
  `started_day` datetime NOT NULL,
  `created_by` bigint(20) NOT NULL,
  `updated_by` bigint(20) NOT NULL,
  `created_at` datetime NOT NULL,
  `updated_at` datetime NOT NULL,
  `deleted` enum('true','false') NOT NULL,
  PRIMARY KEY (`id`),
  KEY `fk_zone_project_idx` (`project_id`),
  CONSTRAINT `fk_zone_project` FOREIGN KEY (`project_id`) REFERENCES `tbl_project` (`id`)
) ENGINE=InnoDB AUTO_INCREMENT=44 DEFAULT CHARSET=utf8mb3 COLLATE=utf8mb3_bin;
/*!40101 SET character_set_client = @saved_cs_client */;

--
-- Dumping data for table `tbl_zone`
--

LOCK TABLES `tbl_zone` WRITE;
/*!40000 ALTER TABLE `tbl_zone` DISABLE KEYS */;
INSERT INTO `tbl_zone` VALUES (41,1,'abc','',1,1,0,0,1,'2024-03-22 14:28:53',46,46,'2024-03-22 14:28:53','2024-03-26 06:51:14','false'),(42,17,'glory height zone','high area',1,1,5,0,5,'2024-04-07 13:43:47',46,46,'2024-04-07 13:43:47','2024-04-07 13:43:47','false'),(43,27,'glory height zone','high area',1,1,5,0,5,'2024-04-07 13:45:15',46,46,'2024-04-07 13:45:15','2024-04-07 13:45:15','false');
/*!40000 ALTER TABLE `tbl_zone` ENABLE KEYS */;
UNLOCK TABLES;

--
-- Dumping routines for database 'u289965850_apartments'
--

DELIMITER ;;
CREATE DEFINER=`u289965850_apartments`@`%` FUNCTION `SumAmountOfAccount`() RETURNS int(11)
BEGIN
  DECLARE totalAccount INT;

  -- Tnh tng s dng d liu
  SELECT COUNT(*) INTO totalAccount FROM tbl_account;

  -- Tr v gi tr
  RETURN totalAccount;
END ;;
DELIMITER ;

DELIMITER ;;
CREATE DEFINER=`u289965850_apartments`@`%` FUNCTION `SumAmountOfBooking`() RETURNS int(11)
BEGIN
  DECLARE totalBooking INT;

  -- Tnh tng booking_fee cho tbl_high_booking
  SELECT COUNT(*) INTO totalBooking FROM tbl_high_booking;

  -- Cng vo tng booking_fee cho tbl_land_booking
  SELECT totalBooking + COUNT(*) INTO totalBooking FROM tbl_land_booking;

  -- Tr v gi tr
  RETURN totalBooking;
END ;;
DELIMITER ;

DELIMITER ;;
CREATE DEFINER=`u289965850_apartments`@`%` FUNCTION `SumAmountOfMoney`() RETURNS double
BEGIN
  DECLARE totalAmountOfMoney DOUBLE;

  -- Tnh tng gi tr ca thuc tnh `amount_of_money` t tbl_land_payment_process
  SELECT SUM(amount_of_money) INTO totalAmountOfMoney FROM tbl_land_payment_process;

  -- Tnh tng gi tr ca thuc tnh `amount_of_money` t tbl_high_payment_process v cng vo totalAmount
  SELECT totalAmountOfMoney + SUM(amount_of_money) INTO totalAmountOfMoney FROM tbl_high_payment_process;

  -- Tr v gi tr
  RETURN totalAmountOfMoney;
END ;;
DELIMITER ;

DELIMITER ;;
CREATE DEFINER=`u289965850_apartments`@`%` FUNCTION `SumAmountOfRoom`() RETURNS int(11)
BEGIN
  DECLARE totalRoom INT;

  -- Tnh tng s lng dng t tbl_land_area
  SELECT COUNT(*) INTO totalRoom FROM tbl_land_area;

  -- Cng vo tng s lng dng t tbl_high_area
  SELECT totalRoom + COUNT(*) INTO totalRoom FROM tbl_high_area;

  -- Tr v gi tr
  RETURN totalRoom;
END ;;
DELIMITER ;

DELIMITER ;;
CREATE DEFINER=`u289965850_apartments`@`%` PROCEDURE `GetDashboardStatistics`()
BEGIN
  DECLARE resultBooking INT;
  DECLARE resultRoom INT;
  DECLARE resultMoney DOUBLE;
  DECLARE resultAccount INT;

  -- Gi function SumAmountOfBooking v lu kt qu vo bin
  SELECT SumAmountOfBooking() INTO resultBooking;

  -- Gi function SumAmountOfRoom v lu kt qu vo bin
  SELECT SumAmountOfRoom() INTO resultRoom;

  -- Gi function SumAmountOfMoney v lu kt qu vo bin
  SELECT SumAmountOfMoney() INTO resultMoney;

  -- Gi function SumAmountOfAccount v lu kt qu vo bin
  SELECT SumAmountOfAccount() INTO resultAccount;

  -- In kt qu hoc tr v theo yu cu ca bn
  SELECT resultBooking, resultRoom, resultMoney, resultAccount;
END ;;
DELIMITER ;

DELIMITER ;;
CREATE DEFINER=`u289965850_apartments`@`%` PROCEDURE `SumAmountOfBooking`()
BEGIN
  DECLARE totalBooking INT; -- t kch thc ph hp vi chiu di tn bng

  -- Tnh tng booking_fee cho tbl_high_booking
SELECT COUNT(*) INTO totalBooking FROM tbl_land_booking;

  -- Tnh tng booking_fee cho tbl_land_booking
SELECT totalBooking + COUNT(*) INTO totalBooking FROM tbl_high_booking;

SELECT totalBooking AS total_bookings;
END ;;
DELIMITER ;


-- Dump completed on 2024-04-10 22:23:19
